dataset,source,source_file,version_year,record_type,name,收稿方向,abbreviation,issn,eissn,issn_eissn,publisher,url,area,area_en,level,sequence,impact_factor,wos_index,top,source_page,notes,cas_review,cas_oa_journal_index,cas_open_access,cas_label,cas_major_area,cas_major_partition,cas_major_rank,cas_subject_1,cas_subject_partition_1,cas_subject_rank_1,cas_subject_2,cas_subject_partition_2,cas_subject_rank_2,cas_subject_3,cas_subject_partition_3,cas_subject_rank_3,cas_subject_4,cas_subject_partition_4,cas_subject_rank_4,cas_subject_5,cas_subject_partition_5,cas_subject_rank_5,cas_subject_6,cas_subject_partition_6,cas_subject_rank_6,jcr_category_1,jcr_quartile_1,jcr_rank_1,jcr_category_2,jcr_quartile_2,jcr_rank_2,jcr_category_3,jcr_quartile_3,jcr_rank_3,jcr_category_4,jcr_quartile_4,jcr_rank_4,jcr_category_5,jcr_quartile_5,jcr_rank_5,jcr_category_6,jcr_quartile_6,jcr_rank_6,收稿方向_官网摘取,收稿方向_来源URL,收稿方向_证据,收稿方向_置信度,收稿方向_状态,收稿方向_更新时间
ccf,中国计算机学会推荐国际学术会议和期刊目录（第七版，2026）,第七版中国计算机学会推荐国际学术会议和期刊目录（正式版）.csv,2026,conference,ACM SIGPLAN Symposium on Principles & Practice of Parallel Programming,计算机体系结构/并行与分布计算/存储系统,PPoPP,,,,ACM,http://dblp.uni-trier.de/db/conf/ppopp/,计算机体系结构/并行与分布计算/存储系统,,A,1,,,,5,,,,,,,,,,,,,,,,,,,,,,,,,,,,,,,,,,,,,,,,,,,,,PPoPP是并行编程领域的顶级论坛，涵盖并行与性能编程的理论基础、技术、语言、编译器、运行时系统、工具、应用及实践经验，关注多核、多线程、异构、集群、分布式系统、加速器（如ASIC、GPU、FPGA）、数据中心、云、大规模机器及量子计算机，以及新兴并行工作负载（如AI和大规模科学/企业负载）。；关键词：并行编程；性能编程；多核系统；异构计算；GPU；FPGA；分布式系统；编译器；运行时系统；人工智能工作负载；大规模科学计算,https://ppopp26.sigplan.org/,The ACM SIGPLAN Symposium on Principles and Practice of Parallel Programming (PPoPP) is the premier forum for leading wo,high,ok,2026-07-30T07:39:11+00:00
ccf,中国计算机学会推荐国际学术会议和期刊目录（第七版，2026）,第七版中国计算机学会推荐国际学术会议和期刊目录（正式版）.csv,2026,conference,USENIX Conference on File and Storage Technologies,计算机体系结构/并行与分布计算/存储系统,FAST,,,,USENIX,http://dblp.uni-trier.de/db/conf/fast/,计算机体系结构/并行与分布计算/存储系统,,A,2,,,,5,superseded: FAST 2002 历史征稿页，已由当前年度范围取代。,,,,,,,,,,,,,,,,,,,,,,,,,,,,,,,,,,,,,,,,,,,,涵盖文件系统与数据存储的各个方面，包括数据布局、缓存、可扩展存储、安全、移动存储、可靠性、数据库存储管理、网络存储、新技术、性能评估等。；关键词：文件系统；数据存储；存储系统；缓存与复制；可扩展存储；存储安全；存储可靠性；网络存储,http://www.usenix.org/publications/library/proceedings/fast02/cfp/,已废止自动候选：FAST 2002 历史征稿页，已由当前年度范围取代。 Papers may be on any topic related to file systems and data storage,low,superseded,2026-07-30T08:49:04+00:00
ccf,中国计算机学会推荐国际学术会议和期刊目录（第七版，2026）,第七版中国计算机学会推荐国际学术会议和期刊目录（正式版）.csv,2026,conference,Design Automation Conference,计算机体系结构/并行与分布计算/存储系统,DAC,,,,ACM,https://dblp.uni-trier.de/db/conf/dac/,计算机体系结构/并行与分布计算/存储系统,,A,3,,,,5,,,,,,,,,,,,,,,,,,,,,,,,,,,,,,,,,,,,,,,,,,,,,,,页面内容是关于IEEE HOST 2027的征稿，而非Design Automation Conference (DAC)的官方范围或征稿信息。,low,not_relevant,2026-07-30T08:55:16+00:00
ccf,中国计算机学会推荐国际学术会议和期刊目录（第七版，2026）,第七版中国计算机学会推荐国际学术会议和期刊目录（正式版）.csv,2026,conference,IEEE International Symposium on High Performance Computer Architecture,计算机体系结构/并行与分布计算/存储系统,HPCA,,,,IEEE,http://dblp.uni-trier.de/db/conf/hpca/,计算机体系结构/并行与分布计算/存储系统,,A,4,,,,5,,,,,,,,,,,,,,,,,,,,,,,,,,,,,,,,,,,,,,,,,,,,,,,bad_source_domain:leibniz-gemeinschaft.de,low,not_relevant,2026-07-30T08:56:04+00:00
ccf,中国计算机学会推荐国际学术会议和期刊目录（第七版，2026）,第七版中国计算机学会推荐国际学术会议和期刊目录（正式版）.csv,2026,conference,IEEE/ACM International Symposium on Microarchitecture,计算机体系结构/并行与分布计算/存储系统,MICRO,,,,IEEE/ACM,https://dblp.uni-trier.de/db/conf/micro/index.html,计算机体系结构/并行与分布计算/存储系统,,A,5,,,,5,,,,,,,,,,,,,,,,,,,,,,,,,,,,,,,,,,,,,,,,,,,,,MICRO是微架构领域的顶级论坛，涵盖处理器架构、编译器、系统等传统及新兴研究方向，注重学术与工业界的紧密交流。；关键词：微架构；处理器架构；编译器；系统；计算机体系结构,https://dl.acm.org/conference/micro,"MICRO is the premier forum for presenting, discussing and debating new and innovative microarchitecture ideas and techni",high,ok,2026-07-30T08:57:52+00:00
ccf,中国计算机学会推荐国际学术会议和期刊目录（第七版，2026）,第七版中国计算机学会推荐国际学术会议和期刊目录（正式版）.csv,2026,conference,"International Conference for High Performance Computing, Networking, Storage, and Analysis",计算机体系结构/并行与分布计算/存储系统,SC,,,,IEEE,http://dblp.uni-trier.de/db/conf/sc/,计算机体系结构/并行与分布计算/存储系统,,A,6,,,,5,,,,,,,,,,,,,,,,,,,,,,,,,,,,,,,,,,,,,,,,,,,,,SC会议是高性能计算、网络、存储与分析领域的顶级学术会议，涵盖算法、体系结构、应用、系统软件、数据管理、编程模型、性能分析等方向，强调可重复性研究。；关键词：高性能计算；网络；存储；分析；算法；体系结构；系统软件；可重复性,https://sc26.supercomputing.org/program/papers/,"The SC Papers program is the leading venue for presenting high-quality original research...high performance computing, n",high,ok,2026-07-30T08:58:42+00:00
ccf,中国计算机学会推荐国际学术会议和期刊目录（第七版，2026）,第七版中国计算机学会推荐国际学术会议和期刊目录（正式版）.csv,2026,conference,International Conference on Architectural Support for Programming Languages and Operating Systems,计算机体系结构/并行与分布计算/存储系统,ASPLOS,,,,ACM,http://dblp.uni-trier.de/db/conf/asplos/,计算机体系结构/并行与分布计算/存储系统,,A,7,,,,5,,,,,,,,,,,,,,,,,,,,,,,,,,,,,,,,,,,,,,,,,,,,,,,,,no_candidate_pages,2026-07-30T08:21:58+00:00
ccf,中国计算机学会推荐国际学术会议和期刊目录（第七版，2026）,第七版中国计算机学会推荐国际学术会议和期刊目录（正式版）.csv,2026,conference,International Symposium on Computer Architecture,计算机体系结构/并行与分布计算/存储系统,ISCA,,,,IEEE/ACM,http://dblp.uni-trier.de/db/conf/isca/,计算机体系结构/并行与分布计算/存储系统,,A,8,,,,5,,,,,,,,,,,,,,,,,,,,,,,,,,,,,,,,,,,,,,,,,,,,,,,,,no_candidate_pages,2026-07-30T08:22:29+00:00
ccf,中国计算机学会推荐国际学术会议和期刊目录（第七版，2026）,第七版中国计算机学会推荐国际学术会议和期刊目录（正式版）.csv,2026,conference,ACM SIGOPS Annual Technical Conference,计算机体系结构/并行与分布计算/存储系统,ACM SIGOPS ATC （原 USENIX ATC）,,,,ACM,http://dblp.uni-trier.de/db/conf/usenix/index.html,计算机体系结构/并行与分布计算/存储系统,,A,9,,,,5,,,,,,,,,,,,,,,,,,,,,,,,,,,,,,,,,,,,,,,,,,,,,,,,,no_candidate_pages,2026-07-30T08:22:59+00:00
ccf,中国计算机学会推荐国际学术会议和期刊目录（第七版，2026）,第七版中国计算机学会推荐国际学术会议和期刊目录（正式版）.csv,2026,conference,European Conference on Computer Systems,计算机体系结构/并行与分布计算/存储系统,EuroSys,,,,ACM,http://dblp.uni-trier.de/db/conf/eurosys/,计算机体系结构/并行与分布计算/存储系统,,A,10,,,,5,,,,,,,,,,,,,,,,,,,,,,,,,,,,,,,,,,,,,,,,,,,,,,,,,no_candidate_pages,2026-07-30T08:23:29+00:00
ccf,中国计算机学会推荐国际学术会议和期刊目录（第七版，2026）,第七版中国计算机学会推荐国际学术会议和期刊目录（正式版）.csv,2026,conference,The International ACM Symposium on High-Performance Parallel and Distributed Computing,计算机体系结构/并行与分布计算/存储系统,HPDC,,,,IEEE,http://dblp.uni-trier.de/db/conf/hpdc/,计算机体系结构/并行与分布计算/存储系统,,A,11,,,,5,,,,,,,,,,,,,,,,,,,,,,,,,,,,,,,,,,,,,,,,,,,,,,,,,no_candidate_pages,2026-07-30T08:23:59+00:00
ccf,中国计算机学会推荐国际学术会议和期刊目录（第七版，2026）,第七版中国计算机学会推荐国际学术会议和期刊目录（正式版）.csv,2026,conference,ACM Symposium on Cloud Computing,计算机体系结构/并行与分布计算/存储系统,SoCC,,,,ACM,http://dblp.uni-trier.de/db/conf/cloud/,计算机体系结构/并行与分布计算/存储系统,,B,1,,,,6,,,,,,,,,,,,,,,,,,,,,,,,,,,,,,,,,,,,,,,,,,,,,,,,,no_candidate_pages,2026-07-30T08:24:30+00:00
ccf,中国计算机学会推荐国际学术会议和期刊目录（第七版，2026）,第七版中国计算机学会推荐国际学术会议和期刊目录（正式版）.csv,2026,conference,ACM Symposium on Parallelism in Algorithms and Architectures,计算机体系结构/并行与分布计算/存储系统,SPAA,,,,ACM,http://dblp.uni-trier.de/db/conf/spaa/,计算机体系结构/并行与分布计算/存储系统,,B,2,,,,6,,,,,,,,,,,,,,,,,,,,,,,,,,,,,,,,,,,,,,,,,,,,,,,,,no_candidate_pages,2026-07-30T08:25:00+00:00
ccf,中国计算机学会推荐国际学术会议和期刊目录（第七版，2026）,第七版中国计算机学会推荐国际学术会议和期刊目录（正式版）.csv,2026,conference,ACM Symposium on Principles of Distributed Computing,计算机体系结构/并行与分布计算/存储系统,PODC,,,,ACM,http://dblp.uni-trier.de/db/conf/podc/,计算机体系结构/并行与分布计算/存储系统,,B,3,,,,6,,,,,,,,,,,,,,,,,,,,,,,,,,,,,,,,,,,,,,,,,,,,,,,,,no_candidate_pages,2026-07-30T08:25:30+00:00
ccf,中国计算机学会推荐国际学术会议和期刊目录（第七版，2026）,第七版中国计算机学会推荐国际学术会议和期刊目录（正式版）.csv,2026,conference,ACM/SIGDA International Symposium on Field-Programmable Gate Arrays,计算机体系结构/并行与分布计算/存储系统,FPGA,,,,ACM,http://dblp.uni-trier.de/db/conf/fpga/,计算机体系结构/并行与分布计算/存储系统,,B,4,,,,6,,,,,,,,,,,,,,,,,,,,,,,,,,,,,,,,,,,,,,,,,,,,,,,,,no_candidate_pages,2026-07-30T08:26:00+00:00
ccf,中国计算机学会推荐国际学术会议和期刊目录（第七版，2026）,第七版中国计算机学会推荐国际学术会议和期刊目录（正式版）.csv,2026,conference,The International Symposium on Code Generation and Optimization,计算机体系结构/并行与分布计算/存储系统,CGO,,,,IEEE/ACM,http://dblp.uni-trier.de/db/conf/cgo/,计算机体系结构/并行与分布计算/存储系统,,B,5,,,,6,,,,,,,,,,,,,,,,,,,,,,,,,,,,,,,,,,,,,,,,,,,,,,,,,no_candidate_pages,2026-07-30T08:26:30+00:00
ccf,中国计算机学会推荐国际学术会议和期刊目录（第七版，2026）,第七版中国计算机学会推荐国际学术会议和期刊目录（正式版）.csv,2026,conference,"Design, Automation & Test in Europe",计算机体系结构/并行与分布计算/存储系统,DATE,,,,IEEE/ACM,http://dblp.uni-trier.de/db/conf/date/,计算机体系结构/并行与分布计算/存储系统,,B,6,,,,6,,,,,,,,,,,,,,,,,,,,,,,,,,,,,,,,,,,,,,,,,,,,,,,,,no_candidate_pages,2026-07-30T08:27:01+00:00
ccf,中国计算机学会推荐国际学术会议和期刊目录（第七版，2026）,第七版中国计算机学会推荐国际学术会议和期刊目录（正式版）.csv,2026,conference,Hot Chips: A Symposium on High Performance Chips,计算机体系结构/并行与分布计算/存储系统,HOT CHIPS,,,,IEEE,https://dblp.org/db/conf/hotchips/index.html,计算机体系结构/并行与分布计算/存储系统,,B,7,,,,6,,,,,,,,,,,,,,,,,,,,,,,,,,,,,,,,,,,,,,,,,,,,,,,,,no_candidate_pages,2026-07-30T08:27:31+00:00
ccf,中国计算机学会推荐国际学术会议和期刊目录（第七版，2026）,第七版中国计算机学会推荐国际学术会议和期刊目录（正式版）.csv,2026,conference,IEEE International Conference on Cluster Computing,计算机体系结构/并行与分布计算/存储系统,CLUSTER,,,,IEEE,https://dblp.uni-trier.de/db/conf/cluster/,计算机体系结构/并行与分布计算/存储系统,,B,8,,,,6,,,,,,,,,,,,,,,,,,,,,,,,,,,,,,,,,,,,,,,,,,,,,,,,,no_candidate_pages,2026-07-30T08:28:01+00:00
ccf,中国计算机学会推荐国际学术会议和期刊目录（第七版，2026）,第七版中国计算机学会推荐国际学术会议和期刊目录（正式版）.csv,2026,conference,International Conference on Computer Design,计算机体系结构/并行与分布计算/存储系统,ICCD,,,,IEEE,http://dblp.uni-trier.de/db/conf/iccd/,计算机体系结构/并行与分布计算/存储系统,,B,9,,,,6,,,,,,,,,,,,,,,,,,,,,,,,,,,,,,,,,,,,,,,,,,,,,,,,,no_candidate_pages,2026-07-30T08:28:31+00:00
ccf,中国计算机学会推荐国际学术会议和期刊目录（第七版，2026）,第七版中国计算机学会推荐国际学术会议和期刊目录（正式版）.csv,2026,conference,International Conference on Computer-Aided Design,计算机体系结构/并行与分布计算/存储系统,ICCAD,,,,IEEE/ACM,http://dblp.uni-trier.de/db/conf/iccad/,计算机体系结构/并行与分布计算/存储系统,,B,10,,,,6,,,,,,,,,,,,,,,,,,,,,,,,,,,,,,,,,,,,,,,,,,,,,涵盖电子设计自动化全谱系，从器件级物理到系统级架构，包括逻辑综合、验证、物理设计、制造、嵌入式系统、物联网、信息物理系统、3D IC、小芯片、先进封装、硬件安全、低功耗计算、可重构架构、AI集成（生成式AI、加速器、具身智能）、量子、神经形态、后CMOS计算等。；关键词：电子设计自动化；逻辑综合；验证；物理设计；3D IC；硬件安全；低功耗计算；AI集成；量子计算；后CMOS计算,https://iccad2026.hotcrp.com/,"explores the full spectrum of electronic design automation, extending from device-level physics to system-level architec",high,ok,2026-07-30T08:29:51+00:00
ccf,中国计算机学会推荐国际学术会议和期刊目录（第七版，2026）,第七版中国计算机学会推荐国际学术会议和期刊目录（正式版）.csv,2026,conference,IEEE International Conference on Distributed Computing Systems,计算机体系结构/并行与分布计算/存储系统,ICDCS,,,,IEEE,http://dblp.uni-trier.de/db/conf/icdcs/,计算机体系结构/并行与分布计算/存储系统,,B,11,,,,6,,,,,,,,,,,,,,,,,,,,,,,,,,,,,,,,,,,,,,,,,,,,,,,,,no_candidate_pages,2026-07-30T08:30:22+00:00
ccf,中国计算机学会推荐国际学术会议和期刊目录（第七版，2026）,第七版中国计算机学会推荐国际学术会议和期刊目录（正式版）.csv,2026,conference,International Conference on Hardware/Software Co-design and System Synthesis,计算机体系结构/并行与分布计算/存储系统,CODES+ ISSS,,,,IEEE/ACM,https://dblp.uni-trier.de/db/conf/codesisss/index.html,计算机体系结构/并行与分布计算/存储系统,,B,12,,,,6,,,,,,,,,,,,,,,,,,,,,,,,,,,,,,,,,,,,,,,,,,,,,,,,,no_candidate_pages,2026-07-30T08:30:52+00:00
ccf,中国计算机学会推荐国际学术会议和期刊目录（第七版，2026）,第七版中国计算机学会推荐国际学术会议和期刊目录（正式版）.csv,2026,conference,International Conference on High Performance and Embedded Architectures and Compilers,计算机体系结构/并行与分布计算/存储系统,HiPEAC,,,,ACM,http://dblp.uni-trier.de/db/conf/hipeac/,计算机体系结构/并行与分布计算/存储系统,,B,13,,,,6,,,,,,,,,,,,,,,,,,,,,,,,,,,,,,,,,,,,,,,,,,,,,涵盖计算机体系结构、编程模型、编译器、操作系统，重点包括安全关键、网络安全、能效、机器学习，以及嵌入式、信息物理系统等。；关键词：计算机体系结构；编译器；编程模型；操作系统；嵌入式系统；网络安全；能效；机器学习,https://www.hipeac.net/news/7094/hipeac-2026-call-for-papers/,"premier European forum for experts in computer architecture, programming models, compilers and operating systems",high,ok,2026-07-30T08:31:33+00:00
ccf,中国计算机学会推荐国际学术会议和期刊目录（第七版，2026）,第七版中国计算机学会推荐国际学术会议和期刊目录（正式版）.csv,2026,conference,International Conference on Measurement and Modeling of Computer Systems,计算机体系结构/并行与分布计算/存储系统,SIG-METRICS,,,,ACM,http://dblp.uni-trier.de/db/conf/sigmetrics/,计算机体系结构/并行与分布计算/存储系统,,B,14,,,,7,,,,,,,,,,,,,,,,,,,,,,,,,,,,,,,,,,,,,,,,,,,,,,,,,no_candidate_pages,2026-07-30T08:32:03+00:00
ccf,中国计算机学会推荐国际学术会议和期刊目录（第七版，2026）,第七版中国计算机学会推荐国际学术会议和期刊目录（正式版）.csv,2026,conference,International Conference on Parallel Architectures and Compilation Techniques,计算机体系结构/并行与分布计算/存储系统,PACT,,,,IEEE/ACM,http://dblp.uni-trier.de/db/conf/IEEEpact/,计算机体系结构/并行与分布计算/存储系统,,B,15,,,,7,,,,,,,,,,,,,,,,,,,,,,,,,,,,,,,,,,,,,,,,,,,,,,,,,no_candidate_pages,2026-07-30T08:32:33+00:00
ccf,中国计算机学会推荐国际学术会议和期刊目录（第七版，2026）,第七版中国计算机学会推荐国际学术会议和期刊目录（正式版）.csv,2026,conference,International Conference on Parallel Processing,计算机体系结构/并行与分布计算/存储系统,ICPP,,,,ACM,http://dblp.uni-trier.de/db/conf/icpp/,计算机体系结构/并行与分布计算/存储系统,,B,16,,,,7,,,,,,,,,,,,,,,,,,,,,,,,,,,,,,,,,,,,,,,,,,,,,,,,,no_candidate_pages,2026-07-30T08:33:03+00:00
ccf,中国计算机学会推荐国际学术会议和期刊目录（第七版，2026）,第七版中国计算机学会推荐国际学术会议和期刊目录（正式版）.csv,2026,conference,International Conference on Supercomputing,计算机体系结构/并行与分布计算/存储系统,ICS,,,,ACM,http://dblp.uni-trier.de/db/conf/ics/,计算机体系结构/并行与分布计算/存储系统,,B,17,,,,7,,,,,,,,,,,,,,,,,,,,,,,,,,,,,,,,,,,,,,,,,,,,,,,,,no_candidate_pages,2026-07-30T08:33:34+00:00
ccf,中国计算机学会推荐国际学术会议和期刊目录（第七版，2026）,第七版中国计算机学会推荐国际学术会议和期刊目录（正式版）.csv,2026,conference,International Conference on Virtual Execution Environments,计算机体系结构/并行与分布计算/存储系统,VEE,,,,ACM,http://dblp.uni-trier.de/db/conf/vee/,计算机体系结构/并行与分布计算/存储系统,,B,18,,,,7,,,,,,,,,,,,,,,,,,,,,,,,,,,,,,,,,,,,,,,,,,,,,,,,,no_candidate_pages,2026-07-30T08:34:04+00:00
ccf,中国计算机学会推荐国际学术会议和期刊目录（第七版，2026）,第七版中国计算机学会推荐国际学术会议和期刊目录（正式版）.csv,2026,conference,IEEE International Parallel & Distributed Processing Symposium,计算机体系结构/并行与分布计算/存储系统,IPDPS,,,,IEEE,http://dblp.uni-trier.de/db/conf/ipps/,计算机体系结构/并行与分布计算/存储系统,,B,19,,,,7,,,,,,,,,,,,,,,,,,,,,,,,,,,,,,,,,,,,,,,,,,,,,,,,,no_candidate_pages,2026-07-30T08:34:34+00:00
ccf,中国计算机学会推荐国际学术会议和期刊目录（第七版，2026）,第七版中国计算机学会推荐国际学术会议和期刊目录（正式版）.csv,2026,conference,"International Symposium on Computer Performance, Modeling, Measurements and Evaluation",计算机体系结构/并行与分布计算/存储系统,Performance,,,,ACM,http://dblp.uni-trier.de/db/conf/performance/,计算机体系结构/并行与分布计算/存储系统,,B,20,,,,7,,,,,,,,,,,,,,,,,,,,,,,,,,,,,,,,,,,,,,,,,,,,,,,,,no_candidate_pages,2026-07-30T08:35:04+00:00
ccf,中国计算机学会推荐国际学术会议和期刊目录（第七版，2026）,第七版中国计算机学会推荐国际学术会议和期刊目录（正式版）.csv,2026,conference,International Test Conference,计算机体系结构/并行与分布计算/存储系统,ITC,,,,IEEE,http://dblp.uni-trier.de/db/conf/itc/,计算机体系结构/并行与分布计算/存储系统,,B,21,,,,7,,,,,,,,,,,,,,,,,,,,,,,,,,,,,,,,,,,,,,,,,,,,,,,,,no_candidate_pages,2026-07-30T08:35:35+00:00
ccf,中国计算机学会推荐国际学术会议和期刊目录（第七版，2026）,第七版中国计算机学会推荐国际学术会议和期刊目录（正式版）.csv,2026,conference,Large Installation System Administration Conference,计算机体系结构/并行与分布计算/存储系统,LISA,,,,USENIX,http://dblp.uni-trier.de/db/conf/lisa/,计算机体系结构/并行与分布计算/存储系统,,B,22,,,,7,,,,,,,,,,,,,,,,,,,,,,,,,,,,,,,,,,,,,,,,,,,,,,,,,no_candidate_pages,2026-07-30T08:36:05+00:00
ccf,中国计算机学会推荐国际学术会议和期刊目录（第七版，2026）,第七版中国计算机学会推荐国际学术会议和期刊目录（正式版）.csv,2026,conference,Mass Storage Systems and Technologies,计算机体系结构/并行与分布计算/存储系统,MSST,,,,IEEE,http://dblp.uni-trier.de/db/conf/mss/,计算机体系结构/并行与分布计算/存储系统,,B,23,,,,7,,,,,,,,,,,,,,,,,,,,,,,,,,,,,,,,,,,,,,,,,,,,,,,,,no_candidate_pages,2026-07-30T08:36:35+00:00
ccf,中国计算机学会推荐国际学术会议和期刊目录（第七版，2026）,第七版中国计算机学会推荐国际学术会议和期刊目录（正式版）.csv,2026,conference,IEEE Real-Time and Embedded Technology and Applications Symposium,计算机体系结构/并行与分布计算/存储系统,RTAS,,,,IEEE,http://dblp.uni-trier.de/db/conf/rtas/,计算机体系结构/并行与分布计算/存储系统,,B,24,,,,7,,,,,,,,,,,,,,,,,,,,,,,,,,,,,,,,,,,,,,,,,,,,,,,,,no_candidate_pages,2026-07-30T08:37:05+00:00
ccf,中国计算机学会推荐国际学术会议和期刊目录（第七版，2026）,第七版中国计算机学会推荐国际学术会议和期刊目录（正式版）.csv,2026,conference,European Conference on Parallel and Distributed Computing Springer,计算机体系结构/并行与分布计算/存储系统,Euro-Par,,,,Springer,http://dblp.uni-trier.de/db/conf/europar/,计算机体系结构/并行与分布计算/存储系统,,B,25,,,,7,,,,,,,,,,,,,,,,,,,,,,,,,,,,,,,,,,,,,,,,,,,,,,,,,no_candidate_pages,2026-07-30T08:37:35+00:00
ccf,中国计算机学会推荐国际学术会议和期刊目录（第七版，2026）,第七版中国计算机学会推荐国际学术会议和期刊目录（正式版）.csv,2026,conference,IEEE International Symposium on Circuits and Systems,计算机体系结构/并行与分布计算/存储系统,ISCAS,,,,IEEE,http://dblp.uni-trier.de/db/conf/iscas/,计算机体系结构/并行与分布计算/存储系统,,B,26,,,,7,,,,,,,,,,,,,,,,,,,,,,,,,,,,,,,,,,,,,,,,,,,,,,,,,no_candidate_pages,2026-07-30T08:38:06+00:00
ccf,中国计算机学会推荐国际学术会议和期刊目录（第七版，2026）,第七版中国计算机学会推荐国际学术会议和期刊目录（正式版）.csv,2026,conference,ACM International Conference on Computing Frontiers,计算机体系结构/并行与分布计算/存储系统,CF,,,,ACM,http://dblp.uni-trier.de/db/conf/cf,计算机体系结构/并行与分布计算/存储系统,,C,1,,,,8,,,,,,,,,,,,,,,,,,,,,,,,,,,,,,,,,,,,,,,,,,,,,,,,,no_candidate_pages,2026-07-30T08:38:36+00:00
ccf,中国计算机学会推荐国际学术会议和期刊目录（第七版，2026）,第七版中国计算机学会推荐国际学术会议和期刊目录（正式版）.csv,2026,conference,ACM International Systems and Storage Conference,计算机体系结构/并行与分布计算/存储系统,SYSTOR,,,,ACM,http://dblp.uni-trier.de/db/conf/systor/index.html,计算机体系结构/并行与分布计算/存储系统,,C,2,,,,8,,,,,,,,,,,,,,,,,,,,,,,,,,,,,,,,,,,,,,,,,,,,,,,,,no_candidate_pages,2026-07-30T08:39:06+00:00
ccf,中国计算机学会推荐国际学术会议和期刊目录（第七版，2026）,第七版中国计算机学会推荐国际学术会议和期刊目录（正式版）.csv,2026,conference,ACM/IEEE International Symposium on Networks-on-Chip,计算机体系结构/并行与分布计算/存储系统,NOCS,,,,IEEE/ACM,http://dblp.uni-trier.de/db/conf/nocs,计算机体系结构/并行与分布计算/存储系统,,C,3,,,,8,,,,,,,,,,,,,,,,,,,,,,,,,,,,,,,,,,,,,,,,,,,,,,,,,no_candidate_pages,2026-07-30T08:39:36+00:00
ccf,中国计算机学会推荐国际学术会议和期刊目录（第七版，2026）,第七版中国计算机学会推荐国际学术会议和期刊目录（正式版）.csv,2026,conference,"IEEE International Conference on Application-Specific Systems, Architectures, and Processors",计算机体系结构/并行与分布计算/存储系统,ASAP,,,,IEEE,http://dblp.uni-trier.de/db/conf/asap,计算机体系结构/并行与分布计算/存储系统,,C,4,,,,8,,,,,,,,,,,,,,,,,,,,,,,,,,,,,,,,,,,,,,,,,,,,,,,,,no_candidate_pages,2026-07-30T08:40:07+00:00
ccf,中国计算机学会推荐国际学术会议和期刊目录（第七版，2026）,第七版中国计算机学会推荐国际学术会议和期刊目录（正式版）.csv,2026,conference,Asia and South Pacific Design Automation Conference,计算机体系结构/并行与分布计算/存储系统,ASP-DAC,,,,IEEE/ACM,http://dblp.uni-trier.de/db/conf/aspdac,计算机体系结构/并行与分布计算/存储系统,,C,5,,,,8,,,,,,,,,,,,,,,,,,,,,,,,,,,,,,,,,,,,,,,,,,,,,涵盖VLSI设计自动化全流程，包括系统级建模、嵌入式/CPS/IoT、存储与近存计算、AI工具与硬件、光/射频/模拟混合信号、近似与神经形态计算、逻辑综合、物理设计、可制造性/低功耗、测试验证、硬件安全、新兴器件与应用等13个主题。；关键词：VLSI设计自动化；EDA；AI硬件加速；物理设计；低功耗设计；硬件安全；新兴器件,https://www.aspdac.com/aspdac2027/cfp/,"Areas of Interest: Original papers in, but not limited to, the following areas are invited.",high,ok,2026-07-30T09:00:23+00:00
ccf,中国计算机学会推荐国际学术会议和期刊目录（第七版，2026）,第七版中国计算机学会推荐国际学术会议和期刊目录（正式版）.csv,2026,conference,IEEE European Test Symposium,计算机体系结构/并行与分布计算/存储系统,ETS,,,,IEEE,http://dblp.uni-trier.de/db/conf/ets/,计算机体系结构/并行与分布计算/存储系统,,C,6,,,,8,,,,,,,,,,,,,,,,,,,,,,,,,,,,,,,,,,,,,,,,,,,,,,,,,no_candidate_pages,2026-07-30T09:01:13+00:00
ccf,中国计算机学会推荐国际学术会议和期刊目录（第七版，2026）,第七版中国计算机学会推荐国际学术会议和期刊目录（正式版）.csv,2026,conference,International Conference on Field-Programmable Logic and Applications,计算机体系结构/并行与分布计算/存储系统,FPL,,,,IEEE,http://dblp.uni-trier.de/db/conf/fpl/,计算机体系结构/并行与分布计算/存储系统,,C,7,,,,8,,,,,,,,,,,,,,,,,,,,,,,,,,,,,,,,,,,,,,,,,,,,,,,,,no_candidate_pages,2026-07-30T09:02:03+00:00
ccf,中国计算机学会推荐国际学术会议和期刊目录（第七版，2026）,第七版中国计算机学会推荐国际学术会议和期刊目录（正式版）.csv,2026,conference,IEEE Symposium on Field-Programmable Custom Computing Machines,计算机体系结构/并行与分布计算/存储系统,FCCM,,,,IEEE,http://dblp.uni-trier.de/db/conf/fccm/,计算机体系结构/并行与分布计算/存储系统,,C,8,,,,8,,,,,,,,,,,,,,,,,,,,,,,,,,,,,,,,,,,,,,,,,,,,,涵盖基于FPGA和可重构硬件的定制计算架构、工具、编程模型及应用，包括异构加速、神经形态计算、高层次综合、运行时重构、安全增强等。；关键词：FPGA；可重构计算；定制计算架构；高层次综合；运行时重构；安全增强；应用加速,https://www.fccm.org/call-for-papers-2026/,The IEEE Symposium on Field-Programmable Custom Computing Machines is the original and premier forum for presenting and ,high,ok,2026-07-30T09:02:29+00:00
ccf,中国计算机学会推荐国际学术会议和期刊目录（第七版，2026）,第七版中国计算机学会推荐国际学术会议和期刊目录（正式版）.csv,2026,conference,Great Lakes Symposium on VLSI,计算机体系结构/并行与分布计算/存储系统,GLSVLSI,,,,IEEE/ACM,http://dblp.uni-trier.de/db/conf/glvlsi/,计算机体系结构/并行与分布计算/存储系统,,C,9,,,,8,,,,,,,,,,,,,,,,,,,,,,,,,,,,,,,,,,,,,,,,,,,,,,,bad_source_domain:ieeexplore.ieee.org,low,not_relevant,2026-07-30T09:02:51+00:00
ccf,中国计算机学会推荐国际学术会议和期刊目录（第七版，2026）,第七版中国计算机学会推荐国际学术会议和期刊目录（正式版）.csv,2026,conference,IEEE Asian Test Symposium,计算机体系结构/并行与分布计算/存储系统,ATS,,,,IEEE,http://dblp.uni-trier.de/db/conf/ats/,计算机体系结构/并行与分布计算/存储系统,,C,10,,,,8,,,,,,,,,,,,,,,,,,,,,,,,,,,,,,,,,,,,,,,,,,,,,涵盖系统、模块和器件测试的所有方面，以及更广泛的测试技术，包括电子测试、可靠性、容错系统等领域。；关键词：电子测试；系统测试；模块测试；器件测试；可靠性；容错系统；Late-Breaking Results,https://www.ats2026.tw/,"covers all aspects of system, module, and device testing, as well as broader test technologies",high,ok,2026-07-30T09:03:15+00:00
ccf,中国计算机学会推荐国际学术会议和期刊目录（第七版，2026）,第七版中国计算机学会推荐国际学术会议和期刊目录（正式版）.csv,2026,conference,IEEE International Conference on High Performance Computing and Communications,计算机体系结构/并行与分布计算/存储系统,HPCC,,,,IEEE,http://dblp.uni-trier.de/db/conf/hpcc/,计算机体系结构/并行与分布计算/存储系统,,C,11,,,,8,,,,,,,,,,,,,,,,,,,,,,,,,,,,,,,,,,,,,,,,,,,,,涵盖高性能计算理论与架构、并行与分布式系统、通信与网络、计算网络融合及AI计算等方向，包括大数据、AI、绿色计算、边缘云协同等前沿主题。；关键词：高性能计算；并行与分布式系统；通信与网络；计算网络融合；AI计算；大数据；绿色计算；边缘云协同,https://ieee-hyper-intelligence.org/2026/hpcc/index.html,"Topics of interest include, but are not limited to: Track 1: High Performance Computing and Applications ...",high,ok,2026-07-30T09:13:19+00:00
ccf,中国计算机学会推荐国际学术会议和期刊目录（第七版，2026）,第七版中国计算机学会推荐国际学术会议和期刊目录（正式版）.csv,2026,conference,"IEEE International Conference on High Performance Computing, Data and Analytics",计算机体系结构/并行与分布计算/存储系统,HiPC,,,,IEEE/ACM,http://dblp.uni-trier.de/db/conf/hipc/index.html,计算机体系结构/并行与分布计算/存储系统,,C,12,,,,8,,,,,,,,,,,,,,,,,,,,,,,,,,,,,,,,,,,,,,,,,,,,,,,bad_source_domain:leibniz-gemeinschaft.de,low,not_relevant,2026-07-30T09:13:29+00:00
ccf,中国计算机学会推荐国际学术会议和期刊目录（第七版，2026）,第七版中国计算机学会推荐国际学术会议和期刊目录（正式版）.csv,2026,conference,"International Symposium on Modeling, Analysis, and Simulation of Computer and Telecommunication Systems",计算机体系结构/并行与分布计算/存储系统,MASCOTS,,,,IEEE,http://dblp.uni-trier.de/db/conf/mascots/,计算机体系结构/并行与分布计算/存储系统,,C,13,,,,8,,,,,,,,,,,,,,,,,,,,,,,,,,,,,,,,,,,,,,,,,,,,,,,,,no_candidate_pages,2026-07-30T09:03:57+00:00
ccf,中国计算机学会推荐国际学术会议和期刊目录（第七版，2026）,第七版中国计算机学会推荐国际学术会议和期刊目录（正式版）.csv,2026,conference,IEEE International Symposium on Parallel and Distributed Processing with Applications,计算机体系结构/并行与分布计算/存储系统,ISPA,,,,IEEE,http://dblp.uni-trier.de/db/conf/ispa/,计算机体系结构/并行与分布计算/存储系统,,C,14,,,,9,,,,,,,,,,,,,,,,,,,,,,,,,,,,,,,,,,,,,,,,,,,,,,,,,no_candidate_pages,2026-07-30T09:04:11+00:00
ccf,中国计算机学会推荐国际学术会议和期刊目录（第七版，2026）,第七版中国计算机学会推荐国际学术会议和期刊目录（正式版）.csv,2026,conference,"IEEE/ACM International Symposium on Cluster, Cloud and Grid Computing",计算机体系结构/并行与分布计算/存储系统,CCGRID,,,,IEEE/ACM,http://dblp.uni-trier.de/db/conf/ccgrid/,计算机体系结构/并行与分布计算/存储系统,,C,15,,,,9,,,,,,,,,,,,,,,,,,,,,,,,,,,,,,,,,,,,,,,,,,,,,涵盖分布式系统与应用的广泛领域，包括硬件架构、软件系统、可持续计算、性能优化、安全隐私、AI/ML系统等。；关键词：分布式系统；高性能计算；云计算；边缘计算；可持续计算；AI/ML系统；安全与隐私,https://ccgrid2026.org/cfp.html,"We invite original, high-quality papers that address fundamental research and emerging challenges across a broad spectru",high,ok,2026-07-30T09:04:46+00:00
ccf,中国计算机学会推荐国际学术会议和期刊目录（第七版，2026）,第七版中国计算机学会推荐国际学术会议和期刊目录（正式版）.csv,2026,conference,IFIP International Conference on Network and Parallel Computing,计算机体系结构/并行与分布计算/存储系统,NPC,,,,Springer,http://dblp.uni-trier.de/db/conf/npc/,计算机体系结构/并行与分布计算/存储系统,,C,16,,,,9,,,,,,,,,,,,,,,,,,,,,,,,,,,,,,,,,,,,,,,,,,,,,涵盖网络、分布式与并行计算的应用、算法、架构、系统及软件工具，包括AI加速、高性能计算、绿色计算、非传统计算、存储系统等方向。；关键词：网络计算；分布式计算；并行计算；高性能计算；AI加速器；绿色计算；存储系统；编程模型,https://npc-conference.github.io/call-for-papers/,"Topics of interest include, but are not limited to: Networked, Distributed, and Parallel Computing Applications and Algo",high,ok,2026-07-30T09:05:22+00:00
ccf,中国计算机学会推荐国际学术会议和期刊目录（第七版，2026）,第七版中国计算机学会推荐国际学术会议和期刊目录（正式版）.csv,2026,conference,International Conference on Algorithms and Architectures for Parallel Processing,计算机体系结构/并行与分布计算/存储系统,ICA3PP,,,,IEEE,http://dblp.uni-trier.de/db/conf/ica3pp/,计算机体系结构/并行与分布计算/存储系统,,C,17,,,,9,,,,,,,,,,,,,,,,,,,,,,,,,,,,,,,,,,,,,,,,,,,,,涵盖并行与分布式架构、软件系统与编程模型、算法与应用、服务可靠性与安全、网络架构、大数据管理、物联网与信息物理社会计算、性能建模与评估等八大方向。；关键词：并行与分布式架构；软件系统与编程模型；并行算法与应用；服务可靠性与安全；网络架构；大数据管理；物联网；性能建模与评估,https://hpcn.exeter.ac.uk/ica3pp2026/call4paper.php,ICA3PP 2026 provides a forum for academic researchers and industry practitioners to present research progresses...,high,ok,2026-07-30T09:05:39+00:00
ccf,中国计算机学会推荐国际学术会议和期刊目录（第七版，2026）,第七版中国计算机学会推荐国际学术会议和期刊目录（正式版）.csv,2026,conference,"International Conference on Compilers, Architectures, and Synthesis for Embedded Systems",计算机体系结构/并行与分布计算/存储系统,CASES,,,,ACM,http://dblp.uni-trier.de/db/conf/cases/index.html,计算机体系结构/并行与分布计算/存储系统,,C,18,,,,9,,,,,,,,,,,,,,,,,,,,,,,,,,,,,,,,,,,,,,,,,,,,,,,The read operation timed out,,error:TimeoutError,2026-07-30T09:06:52+00:00
ccf,中国计算机学会推荐国际学术会议和期刊目录（第七版，2026）,第七版中国计算机学会推荐国际学术会议和期刊目录（正式版）.csv,2026,conference,International Conference on Field-Programmable Technology,计算机体系结构/并行与分布计算/存储系统,FPT,,,,IEEE,http://dblp.uni-trier.de/db/conf/fpt/,计算机体系结构/并行与分布计算/存储系统,,C,19,,,,9,,,,,,,,,,,,,,,,,,,,,,,,,,,,,,,,,,,,,,,,,,,,,涵盖现场可编程技术的工具与设计技术、架构、器件技术、应用（如高性能计算、AI加速器、嵌入式系统）及教育。强调FPGA应用需突出创新设计或系统性能优势。；关键词：现场可编程技术；FPGA；设计自动化；可重构计算；AI加速器；高性能计算；嵌入式系统；硬件/软件协同设计,https://fpt2026.uark.edu/call-for-papers/,Submissions are solicited on new research results and detailed tutorial expositions related to field-programmable techno,high,ok,2026-07-30T09:07:10+00:00
ccf,中国计算机学会推荐国际学术会议和期刊目录（第七版，2026）,第七版中国计算机学会推荐国际学术会议和期刊目录（正式版）.csv,2026,conference,International Conference on Parallel and Distributed Systems,计算机体系结构/并行与分布计算/存储系统,ICPADS,,,,IEEE,http://dblp.uni-trier.de/db/conf/icpads/,计算机体系结构/并行与分布计算/存储系统,,C,20,,,,9,,,,,,,,,,,,,,,,,,,,,,,,,,,,,,,,,,,,,,,,,,,,,涵盖AI基础设施与系统、RF计算与AIoT、Web3.0安全与隐私、智能体设计、边缘智能等并行与分布式系统前沿方向。；关键词：AI基础设施；分布式系统；边缘智能；Web3.0安全；RF计算；智能体设计；并行计算,https://www.cloud-conf.net/icpads2026/cfp-research-paper.html,The 32nd IEEE International Conference on Parallel and Distributed Systems (ICPADS 2026) will be held...,high,ok,2026-07-30T09:07:28+00:00
ccf,中国计算机学会推荐国际学术会议和期刊目录（第七版，2026）,第七版中国计算机学会推荐国际学术会议和期刊目录（正式版）.csv,2026,conference,International Symposium on Low Power Electronics and Design,计算机体系结构/并行与分布计算/存储系统,ISLPED,,,,IEEE/ACM,http://dblp.uni-trier.de/db/conf/islped/,计算机体系结构/并行与分布计算/存储系统,,C,21,,,,9,,,,,,,,,,,,,,,,,,,,,,,,,,,,,,,,,,,,,,,,,,,,,,,The read operation timed out,,error:TimeoutError,2026-07-30T09:08:39+00:00
ccf,中国计算机学会推荐国际学术会议和期刊目录（第七版，2026）,第七版中国计算机学会推荐国际学术会议和期刊目录（正式版）.csv,2026,conference,International Symposium on Physical Design,计算机体系结构/并行与分布计算/存储系统,ISPD,,,,ACM,http://dblp.uni-trier.de/db/conf/ispd/,计算机体系结构/并行与分布计算/存储系统,,C,22,,,,9,,,,,,,,,,,,,,,,,,,,,,,,,,,,,,,,,,,,,,,,,,,,,涵盖集成电路物理设计的各个方面，包括布图规划、分区、布局布线、时序与功耗优化、时钟与电源网络、可制造性设计、机器学习与硬件安全、3D IC、量子电路等新兴技术。；关键词：物理设计；布局布线；时序优化；功耗优化；可制造性设计；机器学习；硬件安全；3D IC；量子电路,https://easychair.org/cfp/ispd26,The International Symposium on Physical Design (ISPD) provides a premier forum to exchange ideas and promote innovative ,high,ok,2026-07-30T09:09:00+00:00
ccf,中国计算机学会推荐国际学术会议和期刊目录（第七版，2026）,第七版中国计算机学会推荐国际学术会议和期刊目录（正式版）.csv,2026,conference,IEEE Symposium on High-Performance Interconnects,计算机体系结构/并行与分布计算/存储系统,HOTI,,,,IEEE,http://dblp.uni-trier.de/db/conf/hoti/,计算机体系结构/并行与分布计算/存储系统,,C,23,,,,9,,,,,,,,,,,,,,,,,,,,,,,,,,,,,,,,,,,,,,,,,,,,,该会议征稿涵盖互连网络架构、协议、软件、拥塞控制、光互连、加速器与芯粒互连、解聚系统、系统-网络协同设计等高性能互连相关技术，并关注AI/ML工作负载的网络软硬件、数据中心网络等主题。；关键词：高性能互连；互连架构；网络协议；拥塞控制；光互连；加速器互连；芯粒互连；数据中心网络；AI/ML网络,https://hoti.org/2026/call-for-papers.html,"HotI 2026 solicits original research papers addressing the design, analysis, implementation, and evaluation of high-perf",high,ok,2026-07-30T09:09:51+00:00
ccf,中国计算机学会推荐国际学术会议和期刊目录（第七版，2026）,第七版中国计算机学会推荐国际学术会议和期刊目录（正式版）.csv,2026,conference,IEEE VLSI Test Symposium,计算机体系结构/并行与分布计算/存储系统,VTS,,,,IEEE,http://dblp.uni-trier.de/db/conf/vts/,计算机体系结构/并行与分布计算/存储系统,,C,24,,,,9,,,,,,,,,,,,,,,,,,,,,,,,,,,,,,,,,,,,,,,,,,,,,,,The read operation timed out,,error:TimeoutError,2026-07-30T09:11:05+00:00
ccf,中国计算机学会推荐国际学术会议和期刊目录（第七版，2026）,第七版中国计算机学会推荐国际学术会议和期刊目录（正式版）.csv,2026,conference,International Test Conference in Asia,计算机体系结构/并行与分布计算/存储系统,ITC-Asia,,,,IEEE,https://dblp.uni-trier.de/db/conf/itc-asia/,计算机体系结构/并行与分布计算/存储系统,,C,25,,,,9,,,,,,,,,,,,,,,,,,,,,,,,,,,,,,,,,,,,,,,,,,,,,,,bad_source_domain:ieeexplore.ieee.org,low,not_relevant,2026-07-30T09:14:33+00:00
ccf,中国计算机学会推荐国际学术会议和期刊目录（第七版，2026）,第七版中国计算机学会推荐国际学术会议和期刊目录（正式版）.csv,2026,conference,ACM/IEEE Symposium on Edge Computing,计算机体系结构/并行与分布计算/存储系统,SEC,,,,IEEE/ACM,https://dblp.uni-trier.de/db/conf/ieeesec/index.html,计算机体系结构/并行与分布计算/存储系统,,C,26,,,,9,,,,,,,,,,,,,,,,,,,,,,,,,,,,,,,,,,,,,,,,,,,,,,,bad_source_domain:ieeexplore.ieee.org,low,not_relevant,2026-07-30T09:14:43+00:00
ccf,中国计算机学会推荐国际学术会议和期刊目录（第七版，2026）,第七版中国计算机学会推荐国际学术会议和期刊目录（正式版）.csv,2026,conference,"International Conference on Networking, Architecture and Storages",计算机体系结构/并行与分布计算/存储系统,NAS,,,,IEEE,https://dblp.uni-trier.de/db/conf/nas/index.html,计算机体系结构/并行与分布计算/存储系统,,C,27,,,,9,,,,,,,,,,,,,,,,,,,,,,,,,,,,,,,,,,,,,,,,,,,,,,,bad_source_domain:computer.org,low,not_relevant,2026-07-30T09:14:52+00:00
ccf,中国计算机学会推荐国际学术会议和期刊目录（第七版，2026）,第七版中国计算机学会推荐国际学术会议和期刊目录（正式版）.csv,2026,conference,HotStorage,计算机体系结构/并行与分布计算/存储系统,HotStorage,,,,USENIX Association,https://dblp.uni-trier.de/db/conf/hotstorage/index.html,计算机体系结构/并行与分布计算/存储系统,,C,28,,,,9,,,,,,,,,,,,,,,,,,,,,,,,,,,,,,,,,,,,,,,,,,,,,HotStorage涵盖存储与文件系统的前沿研究，包括新硬件、云存储、去重压缩、缓存分层、键值存储、内存存储、移动边缘存储、存储安全可靠性、机器学习存储等方向，鼓励前瞻性和非传统方法。；关键词：存储系统；文件系统；新存储硬件；云存储；去重压缩；键值存储；内存存储；存储安全,https://www.hotstorage.org/2026/cfp.html,"HotStorage '26 welcomes innovative submissions in the broad areas of storage, data management, data applications",high,ok,2026-07-30T09:15:08+00:00
ccf,中国计算机学会推荐国际学术会议和期刊目录（第七版，2026）,第七版中国计算机学会推荐国际学术会议和期刊目录（正式版）.csv,2026,conference,International Symposium on Advanced Parallel Processing Technology,计算机体系结构/并行与分布计算/存储系统,APPT,,,,Springer,https://dblp.uni-trier.de/db/conf/appt/index.html,计算机体系结构/并行与分布计算/存储系统,,C,29,,,,9,,,,,,,,,,,,,,,,,,,,,,,,,,,,,,,,,,,,,,,,,,,,,,,提供的页面内容与APPT会议无关，第一个页面是莱布尼茨协会关于乌克兰的声明，第二个页面仅有标题无实质内容。,low,not_relevant,2026-07-30T09:15:58+00:00
ccf,中国计算机学会推荐国际学术会议和期刊目录（第七版，2026）,第七版中国计算机学会推荐国际学术会议和期刊目录（正式版）.csv,2026,conference,International Conference on JointCloud Computing,计算机体系结构/并行与分布计算/存储系统,JCC,,,,CCF&IEEE,,计算机体系结构/并行与分布计算/存储系统,,C,30,,,,9,,,,,,,,,,,,,,,,,,,,,,,,,,,,,,,,,,,,,,,,,,,,,涵盖联合云计算的多个方面，包括基础设施与分布式算法、跨云互操作、云边协同、区块链、无服务器计算、安全隐私、大数据与人工智能应用等。；关键词：联合云计算；混合云；云边协同；区块链；无服务器计算；安全与隐私；大数据与人工智能,https://cisose.fit.ac.jp/jcc/index.php/call-for-papers/,"The scope of JCC 2026 includes, but is not limited to, the following topics: Infrastructure and distributed algorithms..",high,ok,2026-07-30T09:16:08+00:00
ccf,中国计算机学会推荐国际学术会议和期刊目录（第七版，2026）,第七版中国计算机学会推荐国际学术会议和期刊目录（正式版）.csv,2026,conference,"ACM International Conference on Applications, Technologies, Architectures, and Protocols for Computer Communication",计算机网络,SIGCOMM,,,,ACM,http://dblp.uni-trier.de/db/conf/sigcomm/index.html,计算机网络,,A,1,,,,13,,,,,,,,,,,,,,,,,,,,,,,,,,,,,,,,,,,,,,,,,,,,,,,页面内容仅为LinkedIn登录界面，不包含任何与SIGCOMM会议范围、主题或征稿相关的信息。,low,not_relevant,2026-07-30T09:16:59+00:00
ccf,中国计算机学会推荐国际学术会议和期刊目录（第七版，2026）,第七版中国计算机学会推荐国际学术会议和期刊目录（正式版）.csv,2026,conference,ACM International Conference on Mobile Computing and Networking,计算机网络,MobiCom,,,,ACM,http://dblp.uni-trier.de/db/conf/mobicom/,计算机网络,,A,2,,,,13,,,,,,,,,,,,,,,,,,,,,,,,,,,,,,,,,,,,,,,,,,,,,,,bad_source_domain:linkedin.com,low,not_relevant,2026-07-30T09:17:30+00:00
ccf,中国计算机学会推荐国际学术会议和期刊目录（第七版，2026）,第七版中国计算机学会推荐国际学术会议和期刊目录（正式版）.csv,2026,conference,IEEE International Conference on Computer Communications,计算机网络,INFOCOM,,,,IEEE,http://dblp.uni-trier.de/db/conf/infocom/,计算机网络,,A,3,,,,13,,,,,,,,,,,,,,,,,,,,,,,,,,,,,,,,,,,,,,,,,,,,,,,The read operation timed out,,error:TimeoutError,2026-07-30T09:18:41+00:00
ccf,中国计算机学会推荐国际学术会议和期刊目录（第七版，2026）,第七版中国计算机学会推荐国际学术会议和期刊目录（正式版）.csv,2026,conference,Symposium on Network System Design and Implementation,计算机网络,NSDI,,,,USENIX,http://dblp.uni-trier.de/db/conf/nsdi/,计算机网络,,A,4,,,,13,,,,,,,,,,,,,,,,,,,,,,,,,,,,,,,,,,,,,,,,,,,,,,,The read operation timed out,,error:TimeoutError,2026-07-30T09:19:52+00:00
ccf,中国计算机学会推荐国际学术会议和期刊目录（第七版，2026）,第七版中国计算机学会推荐国际学术会议和期刊目录（正式版）.csv,2026,conference,ACM Conference on Embedded Networked Sensor Systems,计算机网络,SenSys,,,,ACM,http://dblp.uni-trier.de/db/conf/sensys/,计算机网络,,B,1,,,,14,,,,,,,,,,,,,,,,,,,,,,,,,,,,,,,,,,,,,,,,,,,,,SenSys 2026征稿涵盖嵌入式人工智能、传感系统、物联网/信息物理系统，包括算法、应用、平台、安全、系统等方向，并接受经验类短文。；关键词：嵌入式人工智能；传感系统；物联网；信息物理系统；算法；应用；平台；安全；系统；经验,https://sensys.acm.org/2026/cfp.html,"SenSys 2026 welcomes original, high-impact research across embedded AI, sensing systems, and IoT/CPS.",high,ok,2026-07-30T09:21:39+00:00
ccf,中国计算机学会推荐国际学术会议和期刊目录（第七版，2026）,第七版中国计算机学会推荐国际学术会议和期刊目录（正式版）.csv,2026,conference,ACM International Conference on Emerging Networking Experiments and Technologies,计算机网络,CoNEXT,,,,ACM,http://dblp.uni-trier.de/db/conf/conext/,计算机网络,,B,2,,,,14,,,,,,,,,,,,,,,,,,,,,,,,,,,,,,,,,,,,,,,,,,,,,,https://conferences.sigcomm.org/co-next/2026/#!/cfp,页面内容为空，未提供任何征稿信息,low,not_relevant,2026-07-30T09:21:59+00:00
ccf,中国计算机学会推荐国际学术会议和期刊目录（第七版，2026）,第七版中国计算机学会推荐国际学术会议和期刊目录（正式版）.csv,2026,conference,"IEEE International Conference on Sensing, Communication, and Networking",计算机网络,SECON,,,,IEEE,http://dblp.uni-trier.de/db/conf/secon/,计算机网络,,B,3,,,,14,,,,,,,,,,,,,,,,,,,,,,,,,,,,,,,,,,,,,,,,,,,,,涵盖无线移动通信网络、传感与物联网、边缘智能、5G/6G、太赫兹通信、无人机通信、AI与机器学习、安全隐私、新型实验平台等前沿方向，强调跨学科创新研究。；关键词：无线通信；传感网络；物联网；边缘计算；5G/6G；太赫兹通信；无人机通信；AI与机器学习；安全与隐私；实验平台,http://secon2026.ieee-secon.org/call-papers,"The 22nd annual IEEE International Conference on Sensing, Communication and Networking (SECON) will provide a unique for",high,ok,2026-07-30T09:22:15+00:00
ccf,中国计算机学会推荐国际学术会议和期刊目录（第七版，2026）,第七版中国计算机学会推荐国际学术会议和期刊目录（正式版）.csv,2026,conference,International Conference on Information Processing in Sensor Networks,计算机网络,IPSN,,,,IEEE/ACM,http://dblp.uni-trier.de/db/conf/ipsn/,计算机网络,,B,4,,,,14,,,,,,,,,,,,,,,,,,,,,,,,,,,,,,,,,,,,,,,,,,,,,,,The read operation timed out,,error:TimeoutError,2026-07-30T09:22:39+00:00
ccf,中国计算机学会推荐国际学术会议和期刊目录（第七版，2026）,第七版中国计算机学会推荐国际学术会议和期刊目录（正式版）.csv,2026,conference,"ACM International Conference on Mobile Systems, Applications, and Services",计算机网络,MobiSys,,,,ACM,http://dblp.uni-trier.de/db/conf/mobisys/,计算机网络,,B,5,,,,14,,,,,,,,,,,,,,,,,,,,,,,,,,,,,,,,,,,,,,,,,,,,,,,The read operation timed out,,error:TimeoutError,2026-07-30T09:23:12+00:00
ccf,中国计算机学会推荐国际学术会议和期刊目录（第七版，2026）,第七版中国计算机学会推荐国际学术会议和期刊目录（正式版）.csv,2026,conference,IEEE International Conference on Network Protocols,计算机网络,ICNP,,,,IEEE,http://dblp.uni-trier.de/db/conf/icnp/,计算机网络,,B,6,,,,14,,,,,,,,,,,,,,,,,,,,,,,,,,,,,,,,,,,,,,,,,,,,,,,The read operation timed out,,error:TimeoutError,2026-07-30T09:23:37+00:00
ccf,中国计算机学会推荐国际学术会议和期刊目录（第七版，2026）,第七版中国计算机学会推荐国际学术会议和期刊目录（正式版）.csv,2026,conference,"International Symposium on Theory, Algorithmic Foundations, and Protocol Design for Mobile Networks and Mobile Computing",计算机网络,MobiHoc,,,,IEEE/ACM,http://dblp.uni-trier.de/db/conf/mobihoc/,计算机网络,,B,7,,,,14,,,,,,,,,,,,,,,,,,,,,,,,,,,,,,,,,,,,,,,,,,,,,,,The read operation timed out,,error:TimeoutError,2026-07-30T09:24:07+00:00
ccf,中国计算机学会推荐国际学术会议和期刊目录（第七版，2026）,第七版中国计算机学会推荐国际学术会议和期刊目录（正式版）.csv,2026,conference,International Workshop on Network and Operating System Support for Digital Audio and Video,计算机网络,NOSSDAV,,,,ACM,http://dblp.uni-trier.de/db/conf/nossdav/,计算机网络,,B,8,,,,14,,,,,,,,,,,,,,,,,,,,,,,,,,,,,,,,,,,,,,,,,,,,,,,The read operation timed out,,error:TimeoutError,2026-07-30T09:24:33+00:00
ccf,中国计算机学会推荐国际学术会议和期刊目录（第七版，2026）,第七版中国计算机学会推荐国际学术会议和期刊目录（正式版）.csv,2026,conference,IEEE/ACM International Workshop on Quality of Service,计算机网络,IWQoS,,,,IEEE,http://dblp.uni-trier.de/db/conf/iwqos/,计算机网络,,B,9,,,,14,,,,,,,,,,,,,,,,,,,,,,,,,,,,,,,,,,,,,,,,,,,,,,,bad_source_domain:leibniz-gemeinschaft.de,low,not_relevant,2026-07-30T09:24:51+00:00
ccf,中国计算机学会推荐国际学术会议和期刊目录（第七版，2026）,第七版中国计算机学会推荐国际学术会议和期刊目录（正式版）.csv,2026,conference,ACM Internet Measurement Conference,计算机网络,IMC,,,,ACM/USENIX,http://dblp.uni-trier.de/db/conf/imc/,计算机网络,,B,10,,,,14,,,,,,,,,,,,,,,,,,,,,,,,,,,,,,,,,,,,,,,,,,,,,ACM互联网测量会议专注于互联网测量与分析，涵盖网络架构、协议、测量、运营、云与边缘系统、安全与隐私、数据驱动及AI驱动的网络方法。；关键词：互联网测量；网络分析；网络架构；协议；安全与隐私；数据驱动网络；AI驱动网络,http://www.sigcomm.org/events/imc-conference,The Internet Measurement Conference is an annual conference focusing on Internet measurement and analysis,high,ok,2026-07-30T09:25:04+00:00
ccf,中国计算机学会推荐国际学术会议和期刊目录（第七版，2026）,第七版中国计算机学会推荐国际学术会议和期刊目录（正式版）.csv,2026,conference,ACM/IEEE Symposium on Architectures for Networking and Communication Systems,计算机网络,ANCS,,,,IEEE/ACM,http://dblp.uni-trier.de/db/conf/ancs/,计算机网络,,C,1,,,,15,,,,,,,,,,,,,,,,,,,,,,,,,,,,,,,,,,,,,,,,,,,,,,,The read operation timed out,,error:TimeoutError,2026-07-30T09:25:28+00:00
ccf,中国计算机学会推荐国际学术会议和期刊目录（第七版，2026）,第七版中国计算机学会推荐国际学术会议和期刊目录（正式版）.csv,2026,conference,Asia-Pacific Network Operations and Management Symposium,计算机网络,APNOMS,,,,IFIP/IEEE,http://dblp.uni-trier.de/db/conf/apnoms/,计算机网络,,C,2,,,,15,,,,,,,,,,,,,,,,,,,,,,,,,,,,,,,,,,,,,,,,,,,,,,,The read operation timed out,,error:TimeoutError,2026-07-30T09:25:50+00:00
ccf,中国计算机学会推荐国际学术会议和期刊目录（第七版，2026）,第七版中国计算机学会推荐国际学术会议和期刊目录（正式版）.csv,2026,conference,"International Conference on Formal Techniques for Distributed Objects, Components, and Systems",计算机网络,FORTE,,,,Springer,http://dblp.uni-trier.de/db/conf/forte/,计算机网络,,C,3,,,,15,,,,,,,,,,,,,,,,,,,,,,,,,,,,,,,,,,,,,,,,,,,,,FORTE是分布式系统形式化技术的国际会议，涵盖并发与分布式的语言概念、测试验证方法、安全分析、形式化方法在真实分布式系统中的应用，以及软件定义网络、区块链等新兴挑战。；关键词：分布式系统；形式化方法；并发与分布式语言；测试与验证；网络安全；软件定义网络；区块链,http://www.discotec.org/2026/forte.html,"FORTE 2026 is a forum for fundamental research on theory, models, tools, and applications for distributed systems.",high,ok,2026-07-30T09:26:06+00:00
ccf,中国计算机学会推荐国际学术会议和期刊目录（第七版，2026）,第七版中国计算机学会推荐国际学术会议和期刊目录（正式版）.csv,2026,conference,IEEE Conference on Local Computer Networks,计算机网络,LCN,,,,IEEE,http://dblp.uni-trier.de/db/conf/lcn/,计算机网络,,C,4,,,,15,,,,,,,,,,,,,,,,,,,,,,,,,,,,,,,,,,,,,,,,,,,,,,,The read operation timed out,,error:TimeoutError,2026-07-30T09:26:41+00:00
ccf,中国计算机学会推荐国际学术会议和期刊目录（第七版，2026）,第七版中国计算机学会推荐国际学术会议和期刊目录（正式版）.csv,2026,conference,IEEE Global Communications Conference,计算机网络,GLOBECOM,,,,IEEE,http://dblp.uni-trier.de/db/conf/globecom/,计算机网络,,C,5,,,,15,,,,,,,,,,,,,,,,,,,,,,,,,,,,,,,,,,,,,,,,,,,,,,,bad_source_domain:leibniz-gemeinschaft.de,low,not_relevant,2026-07-30T09:26:50+00:00
ccf,中国计算机学会推荐国际学术会议和期刊目录（第七版，2026）,第七版中国计算机学会推荐国际学术会议和期刊目录（正式版）.csv,2026,conference,IEEE International Conference on Communications,计算机网络,ICC,,,,IEEE,http://dblp.uni-trier.de/db/conf/icc/,计算机网络,,C,6,,,,15,,,,,,,,,,,,,,,,,,,,,,,,,,,,,,,,,,,,,,,,,,,,,,,bad_source_domain:leibniz-gemeinschaft.de,low,not_relevant,2026-07-30T09:27:06+00:00
ccf,中国计算机学会推荐国际学术会议和期刊目录（第七版，2026）,第七版中国计算机学会推荐国际学术会议和期刊目录（正式版）.csv,2026,conference,IEEE International Conference on Computer Communications and Networks,计算机网络,ICCCN,,,,IEEE,http://dblp.uni-trier.de/db/conf/icccn/,计算机网络,,C,7,,,,15,,,,,,,,,,,,,,,,,,,,,,,,,,,,,,,,,,,,,,,,,,,,,ICCCN 2026涵盖计算机网络设计、实现与应用，包括基础设施、架构、物联网、边缘计算、移动通信、社交网络、AI/ML与网络、安全隐私及量子网络等新兴主题。；关键词：计算机网络；物联网；边缘计算；AI/ML；安全与隐私；量子网络；移动通信；社交网络,http://icccn.org/ICCCN26/call-for-papers/index.html,"The primary focus of the ICCCN 2026 conference is on new and original research results in the areas of design, implement",high,ok,2026-07-30T09:27:22+00:00
ccf,中国计算机学会推荐国际学术会议和期刊目录（第七版，2026）,第七版中国计算机学会推荐国际学术会议和期刊目录（正式版）.csv,2026,conference,IEEE International Conference on Mobile Adhoc and Sensor Systems,计算机网络,MASS,,,,IEEE,http://dblp.uni-trier.de/db/conf/mass/index.html,计算机网络,,C,8,,,,15,,,,,,,,,,,,,,,,,,,,,,,,,,,,,,,,,,,,,,,,,,,,,,,,,no_candidate_pages,2026-07-30T09:27:31+00:00
ccf,中国计算机学会推荐国际学术会议和期刊目录（第七版，2026）,第七版中国计算机学会推荐国际学术会议和期刊目录（正式版）.csv,2026,conference,IEEE International Conference on Peer-to-Peer Computing,计算机网络,P2P,,,,IEEE,http://dblp.uni-trier.de/db/conf/p2p/,计算机网络,,C,9,,,,15,,,,,,,,,,,,,,,,,,,,,,,,,,,,,,,,,,,,,,,,,,,,,,,,,no_candidate_pages,2026-07-30T09:27:39+00:00
ccf,中国计算机学会推荐国际学术会议和期刊目录（第七版，2026）,第七版中国计算机学会推荐国际学术会议和期刊目录（正式版）.csv,2026,conference,IEEE International Performance Computing and Communications Conference,计算机网络,IPCCC,,,,IEEE,http://dblp.uni-trier.de/db/conf/ipccc/,计算机网络,,C,10,,,,15,,,,,,,,,,,,,,,,,,,,,,,,,,,,,,,,,,,,,,,,,,,,,,,bad_source_domain:leibniz-gemeinschaft.de,low,not_relevant,2026-07-30T09:27:48+00:00
ccf,中国计算机学会推荐国际学术会议和期刊目录（第七版，2026）,第七版中国计算机学会推荐国际学术会议和期刊目录（正式版）.csv,2026,conference,"IEEE International Symposium on a World of Wireless, Mobile and Multimedia Networks",计算机网络,WoWMoM,,,,IEEE,http://dblp.uni-trier.de/db/conf/wowmom/,计算机网络,,C,11,,,,15,,,,,,,,,,,,,,,,,,,,,,,,,,,,,,,,,,,,,,,,,,,,,,,bad_source_domain:leibniz-gemeinschaft.de,low,not_relevant,2026-07-30T09:28:05+00:00
ccf,中国计算机学会推荐国际学术会议和期刊目录（第七版，2026）,第七版中国计算机学会推荐国际学术会议和期刊目录（正式版）.csv,2026,conference,IEEE Symposium on Computers and Communications,计算机网络,ISCC,,,,IEEE,http://dblp.uni-trier.de/db/conf/iscc/,计算机网络,,C,12,,,,15,,,,,,,,,,,,,,,,,,,,,,,,,,,,,,,,,,,,,,,,,,,,,,,bad_source_domain:leibniz-gemeinschaft.de,low,not_relevant,2026-07-30T09:28:24+00:00
ccf,中国计算机学会推荐国际学术会议和期刊目录（第七版，2026）,第七版中国计算机学会推荐国际学术会议和期刊目录（正式版）.csv,2026,conference,IEEE Wireless Communications and Networking Conference,计算机网络,WCNC,,,,IEEE,http://dblp.uni-trier.de/db/conf/wcnc/,计算机网络,,C,13,,,,15,,,,,,,,,,,,,,,,,,,,,,,,,,,,,,,,,,,,,,,,,,,,,,,The read operation timed out,,error:TimeoutError,2026-07-30T09:28:49+00:00
ccf,中国计算机学会推荐国际学术会议和期刊目录（第七版，2026）,第七版中国计算机学会推荐国际学术会议和期刊目录（正式版）.csv,2026,conference,IFIP International Conferences on Networking,计算机网络,Networking,,,,IFIP,http://dblp.uni-trier.de/db/conf/networking/index.html,计算机网络,,C,14,,,,16,,,,,,,,,,,,,,,,,,,,,,,,,,,,,,,,,,,,,,,,,,,,,,,bad_source_domain:leibniz-gemeinschaft.de,low,not_relevant,2026-07-30T09:29:00+00:00
ccf,中国计算机学会推荐国际学术会议和期刊目录（第七版，2026）,第七版中国计算机学会推荐国际学术会议和期刊目录（正式版）.csv,2026,conference,IFIP/IEEE International Symposium on Integrated Network Management,计算机网络,IM,,,,IFIP/IEEE,http://dblp.uni-trier.de/db/conf/im/index.html,计算机网络,,C,15,,,,16,,,,,,,,,,,,,,,,,,,,,,,,,,,,,,,,,,,,,,,,,,,,,,,The read operation timed out,,error:TimeoutError,2026-07-30T09:29:19+00:00
ccf,中国计算机学会推荐国际学术会议和期刊目录（第七版，2026）,第七版中国计算机学会推荐国际学术会议和期刊目录（正式版）.csv,2026,conference,"International Conference on Mobility, Sensing and Networking",计算机网络,MSN,,,,IEEE,https://dblp.uni-trier.de/db/conf/msn/,计算机网络,,C,16,,,,16,,,,,,,,,,,,,,,,,,,,,,,,,,,,,,,,,,,,,,,,,,,,,,,The read operation timed out,,error:TimeoutError,2026-07-30T09:29:44+00:00
ccf,中国计算机学会推荐国际学术会议和期刊目录（第七版，2026）,第七版中国计算机学会推荐国际学术会议和期刊目录（正式版）.csv,2026,conference,"International Conference on Modeling, Analysis and Simulation of Wireless and Mobile Systems",计算机网络,MSWiM,,,,ACM,http://dblp.uni-trier.de/db/conf/mswim/,计算机网络,,C,17,,,,16,,,,,,,,,,,,,,,,,,,,,,,,,,,,,,,,,,,,,,,,,,,,,,,The read operation timed out,,error:TimeoutError,2026-07-30T09:30:10+00:00
ccf,中国计算机学会推荐国际学术会议和期刊目录（第七版，2026）,第七版中国计算机学会推荐国际学术会议和期刊目录（正式版）.csv,2026,conference,The International Conference on Wireless Artificial Intelligent Computing Systems and Applications,计算机网络,WASA,,,,Springer,http://dblp.uni-trier.de/db/conf/wasa/,计算机网络,,C,18,,,,16,,,,,,,,,,,,,,,,,,,,,,,,,,,,,,,,,,,,,,,,,,,,,,,,,no_candidate_pages,2026-07-30T09:30:19+00:00
ccf,中国计算机学会推荐国际学术会议和期刊目录（第七版，2026）,第七版中国计算机学会推荐国际学术会议和期刊目录（正式版）.csv,2026,conference,ACM The Workshop on Hot Topics in Networks,计算机网络,HotNets,,,,ACM,http://dblp.uni-trier.de/db/conf/hotnets/,计算机网络,,C,19,,,,16,,,,,,,,,,,,,,,,,,,,,,,,,,,,,,,,,,,,,,,,,,,,,涵盖安全、分布式系统、传感器网络、中间件、经济与管理等广泛网络主题，以及传统核心网络领域，征集早期创新性立场短文。；关键词：安全；分布式系统；传感器网络；中间件；经济与管理；核心网络；立场短文,http://www.sigcomm.org/events/hotnets-workshop,已废止自动候选：HotNets workshop，不是 CCF/TH-CPL 主会投稿轨范围。,low,superseded,2026-07-30T09:30:35+00:00
ccf,中国计算机学会推荐国际学术会议和期刊目录（第七版，2026）,第七版中国计算机学会推荐国际学术会议和期刊目录（正式版）.csv,2026,conference,Asia-Pacific Workshop on Networking,计算机网络,APNet,,,,ACM,https://dblp.org/db/conf/apnet/index.html,计算机网络,,C,20,,,,16,,,,,,,,,,,,,,,,,,,,,,,,,,,,,,,,,,,,,,,,,,,,,,,,,no_candidate_pages,2026-07-30T09:30:42+00:00
ccf,中国计算机学会推荐国际学术会议和期刊目录（第七版，2026）,第七版中国计算机学会推荐国际学术会议和期刊目录（正式版）.csv,2026,conference,ACM Conference on Computer and Communications Security,网络与信息安全,CCS,,,,ACM,http://dblp.uni-trier.de/db/conf/ccs/,网络与信息安全,,A,1,,,,20,,,,,,,,,,,,,,,,,,,,,,,,,,,,,,,,,,,,,,,,,,,,,,,The read operation timed out,,error:TimeoutError,2026-07-30T09:31:46+00:00
ccf,中国计算机学会推荐国际学术会议和期刊目录（第七版，2026）,第七版中国计算机学会推荐国际学术会议和期刊目录（正式版）.csv,2026,conference,International Conference on the Theory and Applications of Cryptographic Techniques,网络与信息安全,EUROCRYPT,,,,Springer,http://dblp.uni-trier.de/db/conf/eurocrypt/,网络与信息安全,,A,2,,,,20,,,,,,,,,,,,,,,,,,,,,,,,,,,,,,,,,,,,,,,,,,,,,涵盖密码学基础理论、密码原语与协议的设计与分析、安全实现与优化、应用密码学等所有IACR领域会议主题。；关键词：密码学理论；密码原语与协议；安全实现；应用密码学,https://eurocrypt.iacr.org/2026/callforpapers.php,"Original research papers are welcomed on any cryptographic topic, including but not limited to: foundational theory and ",high,ok,2026-07-30T09:31:57+00:00
ccf,中国计算机学会推荐国际学术会议和期刊目录（第七版，2026）,第七版中国计算机学会推荐国际学术会议和期刊目录（正式版）.csv,2026,conference,IEEE Symposium on Security and Privacy,网络与信息安全,S&P,,,,IEEE,http://dblp.uni-trier.de/db/conf/sp/,网络与信息安全,,A,3,,,,20,,,,,,,,,,,,,,,,,,,,,,,,,,,,,,,,,,,,,,,,,,,,,,,The read operation timed out,,error:TimeoutError,2026-07-30T09:32:24+00:00
ccf,中国计算机学会推荐国际学术会议和期刊目录（第七版，2026）,第七版中国计算机学会推荐国际学术会议和期刊目录（正式版）.csv,2026,conference,International Cryptology Conference,网络与信息安全,CRYPTO,,,,Springer,http://dblp.uni-trier.de/db/conf/crypto/,网络与信息安全,,A,4,,,,20,,,,,,,,,,,,,,,,,,,,,,,,,,,,,,,,,,,,,,,,,,,,,,,,,no_candidate_pages,2026-07-30T09:32:32+00:00
ccf,中国计算机学会推荐国际学术会议和期刊目录（第七版，2026）,第七版中国计算机学会推荐国际学术会议和期刊目录（正式版）.csv,2026,conference,USENIX Security Symposium,网络与信息安全,USENIX Security,,,,USENIX Association,http://dblp.uni-trier.de/db/conf/uss/,网络与信息安全,,A,5,,,,20,,,,,,,,,,,,,,,,,,,,,,,,,,,,,,,,,,,,,,,,,,,,,,https://www.usenix.org/conference/woot20/call-for-papers,The 14th USENIX Workshop on Offensive Technologies (WOOT '20) will be co-located with the 29th USENIX Security Symposium,high,not_relevant,2026-07-30T09:32:45+00:00
ccf,中国计算机学会推荐国际学术会议和期刊目录（第七版，2026）,第七版中国计算机学会推荐国际学术会议和期刊目录（正式版）.csv,2026,conference,Network and Distributed System Security Symposium,网络与信息安全,NDSS,,,,ISOC,http://dblp.uni-trier.de/db/conf/ndss/,网络与信息安全,,A,6,,,,20,,,,,,,,,,,,,,,,,,,,,,,,,,,,,,,,,,,,,,,,,,,,,,,bad_source_domain:leibniz-gemeinschaft.de,low,not_relevant,2026-07-30T09:32:54+00:00
ccf,中国计算机学会推荐国际学术会议和期刊目录（第七版，2026）,第七版中国计算机学会推荐国际学术会议和期刊目录（正式版）.csv,2026,conference,Annual Computer Security Applications Conference,网络与信息安全,ACSAC,,,,IEEE,https://dblp.uni-trier.de/db/conf/acsac/index.html,网络与信息安全,,B,1,,,,21,,,,,,,,,,,,,,,,,,,,,,,,,,,,,,,,,,,,,,,,,,,,,,,bad_source_domain:leibniz-gemeinschaft.de,low,not_relevant,2026-07-30T09:33:11+00:00
ccf,中国计算机学会推荐国际学术会议和期刊目录（第七版，2026）,第七版中国计算机学会推荐国际学术会议和期刊目录（正式版）.csv,2026,conference,Annual International Conference on the Theory and Application of Cryptology and Information Security,网络与信息安全,ASIACRYPT,,,,Springer,https://dblp.uni-trier.de/db/conf/asiacrypt/index.html,网络与信息安全,,B,2,,,,21,,,,,,,,,,,,,,,,,,,,,,,,,,,,,,,,,,,,,,,,,,,,,,,,,no_candidate_pages,2026-07-30T09:33:20+00:00
ccf,中国计算机学会推荐国际学术会议和期刊目录（第七版，2026）,第七版中国计算机学会推荐国际学术会议和期刊目录（正式版）.csv,2026,conference,European Symposium on Research in Computer Security,网络与信息安全,ESORICS,,,,Springer,https://dblp.uni-trier.de/db/conf/esorics/index.html,网络与信息安全,,B,3,,,,21,,,,,,,,,,,,,,,,,,,,,,,,,,,,,,,,,,,,,,,,,,,,,该会议涵盖计算机安全领域的各个方面，包括但不限于安全协议、网络安全、密码学、系统安全、隐私保护等，每年接收大量论文并出版多卷论文集。；关键词：计算机安全；网络安全；密码学；系统安全；隐私保护；安全协议,https://link.springer.com/conference/esorics,Computer Security – ESORICS 2025 100 Papers 4 Volumes,high,ok,2026-07-30T09:33:40+00:00
ccf,中国计算机学会推荐国际学术会议和期刊目录（第七版，2026）,第七版中国计算机学会推荐国际学术会议和期刊目录（正式版）.csv,2026,conference,Fast Software Encryption,网络与信息安全,FSE,,,,Springer,https://dblp.uni-trier.de/db/conf/fse/index.html,网络与信息安全,,B,4,,,,21,,,,,,,,,,,,,,,,,,,,,,,,,,,,,,,,,,,,,,,,,,,,,,,bad_source_domain:leibniz-gemeinschaft.de,low,not_relevant,2026-07-30T09:33:46+00:00
ccf,中国计算机学会推荐国际学术会议和期刊目录（第七版，2026）,第七版中国计算机学会推荐国际学术会议和期刊目录（正式版）.csv,2026,conference,IEEE Computer Security Foundations Workshop,网络与信息安全,CSFW,,,,IEEE,https://dblp.uni-trier.de/db/conf/csfw/index.html,网络与信息安全,,B,5,,,,21,,,,,,,,,,,,,,,,,,,,,,,,,,,,,,,,,,,,,,,,,,,,,,,The read operation timed out,,error:TimeoutError,2026-07-30T09:34:15+00:00
ccf,中国计算机学会推荐国际学术会议和期刊目录（第七版，2026）,第七版中国计算机学会推荐国际学术会议和期刊目录（正式版）.csv,2026,conference,IEEE International Symposium on Reliable Distributed Systems,网络与信息安全,SRDS,,,,IEEE,https://dblp.uni-trier.de/db/conf/srds/index.html,网络与信息安全,,B,6,,,,21,,,,,,,,,,,,,,,,,,,,,,,,,,,,,,,,,,,,,,,,,,,,,,,bad_source_domain:leibniz-gemeinschaft.de,low,not_relevant,2026-07-30T09:34:27+00:00
ccf,中国计算机学会推荐国际学术会议和期刊目录（第七版，2026）,第七版中国计算机学会推荐国际学术会议和期刊目录（正式版）.csv,2026,conference,International Conference on Cryptographic Hardware and Embedded Systems,网络与信息安全,CHES,,,,Springer,https://dblp.uni-trier.de/db/conf/ches/index.html,网络与信息安全,,B,7,,,,21,,,,,,,,,,,,,,,,,,,,,,,,,,,,,,,,,,,,,,,,,,,,,,,,,no_candidate_pages,2026-07-30T09:34:37+00:00
ccf,中国计算机学会推荐国际学术会议和期刊目录（第七版，2026）,第七版中国计算机学会推荐国际学术会议和期刊目录（正式版）.csv,2026,conference,International Conference on Dependable Systems and Networks,网络与信息安全,DSN,,,,IEEE/IFIP,https://dblp.uni-trier.de/db/conf/dsn/index.html,网络与信息安全,,B,8,,,,21,,,,,,,,,,,,,,,,,,,,,,,,,,,,,,,,,,,,,,,,,,,,,,,The read operation timed out,,error:TimeoutError,2026-07-30T09:34:57+00:00
ccf,中国计算机学会推荐国际学术会议和期刊目录（第七版，2026）,第七版中国计算机学会推荐国际学术会议和期刊目录（正式版）.csv,2026,conference,International Symposium on Recent Advances in Intrusion Detection,网络与信息安全,RAID,,,,Springer,https://dblp.uni-trier.de/db/conf/raid/index.html,网络与信息安全,,B,9,,,,21,,,,,,,,,,,,,,,,,,,,,,,,,,,,,,,,,,,,,,,,,,,,,,,The read operation timed out,,error:TimeoutError,2026-07-30T09:35:21+00:00
ccf,中国计算机学会推荐国际学术会议和期刊目录（第七版，2026）,第七版中国计算机学会推荐国际学术会议和期刊目录（正式版）.csv,2026,conference,International Workshop on Practice and Theory in Public Key Cryptography,网络与信息安全,PKC,,,,Springer,https://dblp.uni-trier.de/db/conf/pkc/index.html,网络与信息安全,,B,10,,,,21,,,,,,,,,,,,,,,,,,,,,,,,,,,,,,,,,,,,,,,,,,,,,,,bad_source_domain:leibniz-gemeinschaft.de,low,not_relevant,2026-07-30T09:35:28+00:00
ccf,中国计算机学会推荐国际学术会议和期刊目录（第七版，2026）,第七版中国计算机学会推荐国际学术会议和期刊目录（正式版）.csv,2026,conference,Theory of Cryptography Conference,网络与信息安全,TCC,,,,Springer,https://dblp.uni-trier.de/db/conf/tcc/index.html,网络与信息安全,,B,11,,,,21,,,,,,,,,,,,,,,,,,,,,,,,,,,,,,,,,,,,,,,,,,,,,,,bad_source_domain:leibniz-gemeinschaft.de,low,not_relevant,2026-07-30T09:35:38+00:00
ccf,中国计算机学会推荐国际学术会议和期刊目录（第七版，2026）,第七版中国计算机学会推荐国际学术会议和期刊目录（正式版）.csv,2026,conference,ACM Conference on Security and Privacy in Wireless and Mobile Networks,网络与信息安全,WiSec,,,,ACM,http://dblp.uni-trier.de/db/conf/wisec/,网络与信息安全,,C,1,,,,22,,,,,,,,,,,,,,,,,,,,,,,,,,,,,,,,,,,,,,,,,,,,,,,bad_source_domain:leibniz-gemeinschaft.de,low,not_relevant,2026-07-30T09:35:51+00:00
ccf,中国计算机学会推荐国际学术会议和期刊目录（第七版，2026）,第七版中国计算机学会推荐国际学术会议和期刊目录（正式版）.csv,2026,conference,ACM Symposium on Access Control Models and Technologies,网络与信息安全,SACMAT,,,,ACM,http://dblp.uni-trier.de/db/conf/sacmat/,网络与信息安全,,C,2,,,,22,,,,,,,,,,,,,,,,,,,,,,,,,,,,,,,,,,,,,,,,,,,,,,,,,no_candidate_pages,2026-07-30T09:36:02+00:00
ccf,中国计算机学会推荐国际学术会议和期刊目录（第七版，2026）,第七版中国计算机学会推荐国际学术会议和期刊目录（正式版）.csv,2026,conference,ACM Workshop on Digital Rights Management,网络与信息安全,DRM,,,,ACM,http://dblp.uni-trier.de/db/conf/drm/,网络与信息安全,,C,3,,,,22,,,,,,,,,,,,,,,,,,,,,,,,,,,,,,,,,,,,,,,,,,,,,,,The read operation timed out,,error:TimeoutError,2026-07-30T09:36:24+00:00
ccf,中国计算机学会推荐国际学术会议和期刊目录（第七版，2026）,第七版中国计算机学会推荐国际学术会议和期刊目录（正式版）.csv,2026,conference,ACM Workshop on Information Hiding and Multimedia Security,网络与信息安全,IH&MMSec,,,,ACM,http://dblp.uni-trier.de/db/conf/ih/,网络与信息安全,,C,4,,,,22,,,,,,,,,,,,,,,,,,,,,,,,,,,,,,,,,,,,,,,,,,,,,,,bad_source_domain:leibniz-gemeinschaft.de,low,not_relevant,2026-07-30T09:36:36+00:00
ccf,中国计算机学会推荐国际学术会议和期刊目录（第七版，2026）,第七版中国计算机学会推荐国际学术会议和期刊目录（正式版）.csv,2026,conference,International Conference on Applied Cryptography and Network Security,网络与信息安全,ACNS,,,,Springer,http://dblp.uni-trier.de/db/conf/acns/,网络与信息安全,,C,5,,,,22,,,,,,,,,,,,,,,,,,,,,,,,,,,,,,,,,,,,,,,,,,,,,,,The read operation timed out,,error:TimeoutError,2026-07-30T09:36:58+00:00
ccf,中国计算机学会推荐国际学术会议和期刊目录（第七版，2026）,第七版中国计算机学会推荐国际学术会议和期刊目录（正式版）.csv,2026,conference,ACM Asia Conference on Computer and Communications Security,网络与信息安全,AsiaCCS,,,,ACM,http://dblp.uni-trier.de/db/conf/ccs/,网络与信息安全,,C,6,,,,22,,,,,,,,,,,,,,,,,,,,,,,,,,,,,,,,,,,,,,,,,,,,,,,bad_source_domain:leibniz-gemeinschaft.de,low,not_relevant,2026-07-30T09:37:04+00:00
ccf,中国计算机学会推荐国际学术会议和期刊目录（第七版，2026）,第七版中国计算机学会推荐国际学术会议和期刊目录（正式版）.csv,2026,conference,Australasia Conference on Information Security and Privacy,网络与信息安全,ACISP,,,,Springer,http://dblp.uni-trier.de/db/conf/acisp/,网络与信息安全,,C,7,,,,22,,,,,,,,,,,,,,,,,,,,,,,,,,,,,,,,,,,,,,,,,,,,,,,,,no_candidate_pages,2026-07-30T09:37:14+00:00
ccf,中国计算机学会推荐国际学术会议和期刊目录（第七版，2026）,第七版中国计算机学会推荐国际学术会议和期刊目录（正式版）.csv,2026,conference,The Cryptographer's Track at RSA Conference,网络与信息安全,CT-RSA,,,,Springer,http://dblp.uni-trier.de/db/conf/ctrsa/,网络与信息安全,,C,8,,,,22,,,,,,,,,,,,,,,,,,,,,,,,,,,,,,,,,,,,,,,,,,,,,,,bad_source_domain:leibniz-gemeinschaft.de,low,not_relevant,2026-07-30T09:39:28+00:00
ccf,中国计算机学会推荐国际学术会议和期刊目录（第七版，2026）,第七版中国计算机学会推荐国际学术会议和期刊目录（正式版）.csv,2026,conference,Conference on Detection of Intrusions and Malware & Vulnerability Assessment,网络与信息安全,DIMVA,,,,Springer,http://dblp.uni-trier.de/db/conf/dimva/,网络与信息安全,,C,9,,,,22,,,,,,,,,,,,,,,,,,,,,,,,,,,,,,,,,,,,,,,,,,,,,,,bad_source_domain:leibniz-gemeinschaft.de,low,not_relevant,2026-07-30T09:39:37+00:00
ccf,中国计算机学会推荐国际学术会议和期刊目录（第七版，2026）,第七版中国计算机学会推荐国际学术会议和期刊目录（正式版）.csv,2026,conference,Digital Forensic Research Workshop,网络与信息安全,DFRWS,,,,Elsevier,http://dblp.uni-trier.de/db/conf/dfrws/,网络与信息安全,,C,10,,,,22,,,,,,,,,,,,,,,,,,,,,,,,,,,,,,,,,,,,,,,,,,,,,,,bad_source_domain:leibniz-gemeinschaft.de,low,not_relevant,2026-07-30T09:39:45+00:00
ccf,中国计算机学会推荐国际学术会议和期刊目录（第七版，2026）,第七版中国计算机学会推荐国际学术会议和期刊目录（正式版）.csv,2026,conference,Financial Cryptography and Data Security,网络与信息安全,FC,,,,Springer,http://dblp.uni-trier.de/db/conf/fc/,网络与信息安全,,C,11,,,,22,,,,,,,,,,,,,,,,,,,,,,,,,,,,,,,,,,,,,,,,,,,,,,,The read operation timed out,,error:TimeoutError,2026-07-30T09:40:09+00:00
ccf,中国计算机学会推荐国际学术会议和期刊目录（第七版，2026）,第七版中国计算机学会推荐国际学术会议和期刊目录（正式版）.csv,2026,conference,"IEEE International Conference on Trust, Security and Privacy in Computing and Communications",网络与信息安全,TrustCom,,,,IEEE,http://dblp.uni-trier.de/db/conf/trustcom/,网络与信息安全,,C,12,,,,22,,,,,,,,,,,,,,,,,,,,,,,,,,,,,,,,,,,,,,,,,,,,,,,The read operation timed out,,error:TimeoutError,2026-07-30T09:40:32+00:00
ccf,中国计算机学会推荐国际学术会议和期刊目录（第七版，2026）,第七版中国计算机学会推荐国际学术会议和期刊目录（正式版）.csv,2026,conference,IFIP International Information Security Conference,网络与信息安全,SEC,,,,Springer,http://dblp.uni-trier.de/db/conf/sec/,网络与信息安全,,C,13,,,,22,,,,,,,,,,,,,,,,,,,,,,,,,,,,,,,,,,,,,,,,,,,,,,,bad_source_domain:leibniz-gemeinschaft.de,low,not_relevant,2026-07-30T09:40:46+00:00
ccf,中国计算机学会推荐国际学术会议和期刊目录（第七版，2026）,第七版中国计算机学会推荐国际学术会议和期刊目录（正式版）.csv,2026,conference,IFIP Working Group 11.9 International Conference on Digital Forensics,网络与信息安全,IFIP WG 11.9,,,,Springer,https://dblp.org/db/conf/ifip11-9/index.html,网络与信息安全,,C,14,,,,23,,,,,,,,,,,,,,,,,,,,,,,,,,,,,,,,,,,,,,,,,,,,,,,,,no_candidate_pages,2026-07-30T09:40:49+00:00
ccf,中国计算机学会推荐国际学术会议和期刊目录（第七版，2026）,第七版中国计算机学会推荐国际学术会议和期刊目录（正式版）.csv,2026,conference,Information Security Conference,网络与信息安全,ISC,,,,Springer,http://dblp.uni-trier.de/db/conf/isw/,网络与信息安全,,C,15,,,,23,,,,,,,,,,,,,,,,,,,,,,,,,,,,,,,,,,,,,,,,,,,,,,,bad_source_domain:leibniz-gemeinschaft.de,low,not_relevant,2026-07-30T09:40:58+00:00
ccf,中国计算机学会推荐国际学术会议和期刊目录（第七版，2026）,第七版中国计算机学会推荐国际学术会议和期刊目录（正式版）.csv,2026,conference,International Conference on Digital Forensics & Cyber Crime,网络与信息安全,ICDF2C,,,,Springer,http://dblp.uni-trier.de/db/conf/icdf2c/,网络与信息安全,,C,16,,,,23,,,,,,,,,,,,,,,,,,,,,,,,,,,,,,,,,,,,,,,,,,,,,,,The read operation timed out,,error:TimeoutError,2026-07-30T09:41:22+00:00
ccf,中国计算机学会推荐国际学术会议和期刊目录（第七版，2026）,第七版中国计算机学会推荐国际学术会议和期刊目录（正式版）.csv,2026,conference,International Conference on Information and Communications Security,网络与信息安全,ICICS,,,,Springer,http://dblp.uni-trier.de/db/conf/icics/,网络与信息安全,,C,17,,,,23,,,,,,,,,,,,,,,,,,,,,,,,,,,,,,,,,,,,,,,,,,,,,,,bad_source_domain:leibniz-gemeinschaft.de,low,not_relevant,2026-07-30T09:41:31+00:00
ccf,中国计算机学会推荐国际学术会议和期刊目录（第七版，2026）,第七版中国计算机学会推荐国际学术会议和期刊目录（正式版）.csv,2026,conference,International Conference on Security and Privacy in Communication Networks,网络与信息安全,SecureComm,,,,ACM,http://dblp.uni-trier.de/db/conf/securecomm/,网络与信息安全,,C,18,,,,23,,,,,,,,,,,,,,,,,,,,,,,,,,,,,,,,,,,,,,,,,,,,,,,,,no_candidate_pages,2026-07-30T09:41:37+00:00
ccf,中国计算机学会推荐国际学术会议和期刊目录（第七版，2026）,第七版中国计算机学会推荐国际学术会议和期刊目录（正式版）.csv,2026,conference,New Security Paradigms Workshop,网络与信息安全,NSPW,,,,ACM,http://dblp.uni-trier.de/db/conf/nspw/,网络与信息安全,,C,19,,,,23,,,,,,,,,,,,,,,,,,,,,,,,,,,,,,,,,,,,,,,,,,,,,,,bad_source_domain:leibniz-gemeinschaft.de,low,not_relevant,2026-07-30T09:42:00+00:00
ccf,中国计算机学会推荐国际学术会议和期刊目录（第七版，2026）,第七版中国计算机学会推荐国际学术会议和期刊目录（正式版）.csv,2026,conference,Passive and Active Measurement Conference,网络与信息安全,PAM,,,,Springer,http://dblp.uni-trier.de/db/conf/pam/,网络与信息安全,,C,20,,,,23,,,,,,,,,,,,,,,,,,,,,,,,,,,,,,,,,,,,,,,,,,,,,PAM会议关注网络和网络化系统的测量与分析，涵盖互联网、无线网络、云/边缘/数据中心测量、新兴架构、安全隐私、用户行为、虚拟化、传输层及可重复性研究等主题。；关键词：网络测量；数据分析；网络安全；用户行为；虚拟化；可重复性,https://pam2026.at/cfp/,The PAM conference brings together researchers and practitioners working on the measurement and analysis of networks and,high,ok,2026-07-30T09:42:17+00:00
ccf,中国计算机学会推荐国际学术会议和期刊目录（第七版，2026）,第七版中国计算机学会推荐国际学术会议和期刊目录（正式版）.csv,2026,conference,Privacy Enhancing Technologies Symposium,网络与信息安全,PETS,,,,Springer,http://dblp.uni-trier.de/db/conf/pet/,网络与信息安全,,C,21,,,,23,,,,,,,,,,,,,,,,,,,,,,,,,,,,,,,,,,,,,,,,,,,,,,,The read operation timed out,,error:TimeoutError,2026-07-30T09:42:42+00:00
ccf,中国计算机学会推荐国际学术会议和期刊目录（第七版，2026）,第七版中国计算机学会推荐国际学术会议和期刊目录（正式版）.csv,2026,conference,Selected Areas in Cryptography,网络与信息安全,SAC,,,,Springer,http://dblp.uni-trier.de/db/conf/sacrypt/,网络与信息安全,,C,22,,,,23,,,,,,,,,,,,,,,,,,,,,,,,,,,,,,,,,,,,,,,,,,,,,,,bad_source_domain:leibniz-gemeinschaft.de,low,not_relevant,2026-07-30T09:42:56+00:00
ccf,中国计算机学会推荐国际学术会议和期刊目录（第七版，2026）,第七版中国计算机学会推荐国际学术会议和期刊目录（正式版）.csv,2026,conference,Symposium On Usable Privacy and Security,网络与信息安全,SOUPS,,,,USENIX,http://dblp.uni-trier.de/db/conf/soups/,网络与信息安全,,C,23,,,,23,,,,,,,,,,,,,,,,,,,,,,,,,,,,,,,,,,,,,,,,,,,,,征集人机交互、安全与隐私交叉领域未发表的原创研究，涵盖可用性评估、安全功能设计、实地研究、纵向研究、管理员/开发者支持、组织政策影响、伦理心理社会视角、特定领域（如物联网、医疗）的可用安全隐私方案、知识系统化论文及重复验证研究。；关键词：usable privacy；usable security；human-computer interaction；security；privacy；usability evaluation；field studies；longitudinal studies；systematization of knowledge；replication studies,https://soups.page/cfp.html,We invite authors to submit previously unpublished papers describing research or experience in all areas of usable priva,high,ok,2026-07-30T09:43:14+00:00
ccf,中国计算机学会推荐国际学术会议和期刊目录（第七版，2026）,第七版中国计算机学会推荐国际学术会议和期刊目录（正式版）.csv,2026,conference,USENIX Workshop on Hot Topics in Security,网络与信息安全,HotSec,,,,USENIX,http://www.usenix.org/events/,网络与信息安全,,C,24,,,,23,,,,,,,,,,,,,,,,,,,,,,,,,,,,,,,,,,,,,,,,,,,,,,http://www.usenix.org/events/,页面仅列出USENIX会议日程，无HotSec具体征稿范围,low,not_relevant,2026-07-30T09:43:23+00:00
ccf,中国计算机学会推荐国际学术会议和期刊目录（第七版，2026）,第七版中国计算机学会推荐国际学术会议和期刊目录（正式版）.csv,2026,conference,IEEE European Symposium on Security and Privacy,网络与信息安全,EuroS&P,,,,IEEE,https://dblp.org/db/conf/eurosp/index.html,网络与信息安全,,C,25,,,,23,,,,,,,,,,,,,,,,,,,,,,,,,,,,,,,,,,,,,,,,,,,,,,,The read operation timed out,,error:TimeoutError,2026-07-30T09:43:46+00:00
ccf,中国计算机学会推荐国际学术会议和期刊目录（第七版，2026）,第七版中国计算机学会推荐国际学术会议和期刊目录（正式版）.csv,2026,conference,International Conference on Information Security and Cryptology,网络与信息安全,Inscrypt,,,,Springer,https://dblp.org/db/conf/cisc/index.html,网络与信息安全,,C,26,,,,23,,,,,,,,,,,,,,,,,,,,,,,,,,,,,,,,,,,,,,,,,,,,,,,The read operation timed out,,error:TimeoutError,2026-07-30T09:44:11+00:00
ccf,中国计算机学会推荐国际学术会议和期刊目录（第七版，2026）,第七版中国计算机学会推荐国际学术会议和期刊目录（正式版）.csv,2026,conference,Conference on Data and Application Security and Privacy,网络与信息安全,CODASPY,,,,ACM,https://dblp.uni-trier.de/db/conf/codaspy/index.html,网络与信息安全,,C,27,,,,23,,,,,,,,,,,,,,,,,,,,,,,,,,,,,,,,,,,,,,,,,,,,,CODASPY 2026涵盖数据与应用安全隐私，包括访问控制、AI安全、隐私保护、物联网安全、社会计算安全等，并设有数据集与工具论文轨道。；关键词：数据安全；应用安全；隐私保护；访问控制；AI安全；物联网安全；社会计算安全；数据集与工具,https://codaspy.org/2026/cfp.html,"Topics of interest include, but are not limited to: Access control for applications...",high,ok,2026-07-30T09:44:33+00:00
ccf,中国计算机学会推荐国际学术会议和期刊目录（第七版，2026）,第七版中国计算机学会推荐国际学术会议和期刊目录（正式版）.csv,2026,conference,"International Conference on Blockchain, Artificial Intelligence, and Trustworthy Systems",网络与信息安全,BlockSys,,,,Springer,https://dblp.uni-trier.de/db/conf/blocksys/index.html,网络与信息安全,,C,28,,,,23,,,,,,,,,,,,,,,,,,,,,,,,,,,,,,,,,,,,,,,,,,,,,涵盖区块链协议与架构、智能合约、安全隐私、可扩展性、AI算法、可解释AI、可信系统可靠性、隐私保护、风险评估、跨学科融合等主题。；关键词：区块链；人工智能；可信系统；智能合约；安全与隐私；可解释AI；隐私保护；跨学科研究,https://blocksys.info/2026/call-for-papers/,"We welcome contributions addressing a broad range of topics within the following key themes: Blockchain Technology, Arti",high,ok,2026-07-30T09:44:50+00:00
ccf,中国计算机学会推荐国际学术会议和期刊目录（第七版，2026）,第七版中国计算机学会推荐国际学术会议和期刊目录（正式版）.csv,2026,conference,International Conference on Cyber Security and Cloud Computing,网络与信息安全,CSCloud,,,,IEEE CSCloud Steering Committee,https://dblp.uni-trier.de/db/conf/cscloud/index.html,网络与信息安全,,C,29,,,,23,,,,,,,,,,,,,,,,,,,,,,,,,,,,,,,,,,,,,,,,,,,,,涵盖网络安全与云计算的新范式、算法及应用，包括人工智能安全、大数据安全、边缘计算安全、多媒体内容安全、深度伪造检测、隐私保护等。；关键词：网络安全；云计算；人工智能安全；大数据安全；边缘计算安全；多媒体内容安全；深度伪造检测；隐私保护,https://www.cloud-conf.net/cscloud/2026/cscloud/cfp.html,Call for Papers - IEEE CSCloud 2026,high,ok,2026-07-30T09:45:01+00:00
ccf,中国计算机学会推荐国际学术会议和期刊目录（第七版，2026）,第七版中国计算机学会推荐国际学术会议和期刊目录（正式版）.csv,2026,conference,ACM SIGPLAN Conference on Programming Language Design and Implementation,软件工程/系统软件/程序设计语言,PLDI,,,,ACM,http://dblp.uni-trier.de/db/conf/pldi/,软件工程/系统软件/程序设计语言,,A,1,,,,27,,,,,,,,,,,,,,,,,,,,,,,,,,,,,,,,,,,,,,,,,,,,,,https://pldi26.sigplan.org/track/pldi-2026-papers#Call-for-Papers,页面显示的是会议日程和参会信息，无征稿范围,high,not_relevant,2026-07-30T09:45:18+00:00
ccf,中国计算机学会推荐国际学术会议和期刊目录（第七版，2026）,第七版中国计算机学会推荐国际学术会议和期刊目录（正式版）.csv,2026,conference,ACM SIGPLAN-SIGACT Symposium on Principles of Programming Languages,软件工程/系统软件/程序设计语言,POPL,,,,ACM,http://dblp.uni-trier.de/db/conf/popl/,软件工程/系统软件/程序设计语言,,A,2,,,,27,,,,,,,,,,,,,,,,,,,,,,,,,,,,,,,,,,,,,,,,,,,,,该会议涵盖编程语言原理、程序分析、形式化验证、类型系统、编译优化、量子编程、安全编译等程序设计语言与软件工程核心领域。；关键词：编程语言原理；程序分析；形式化验证；类型系统；编译优化；量子编程；安全编译；软件工程,https://popl26.sigplan.org/track/POPL-2026-popl-research-papers#POPL-2026-Call-for-Papers,POPL 2026 Call for Papers 包含程序分析、形式化验证、类型系统等主题,high,ok,2026-07-30T09:45:37+00:00
ccf,中国计算机学会推荐国际学术会议和期刊目录（第七版，2026）,第七版中国计算机学会推荐国际学术会议和期刊目录（正式版）.csv,2026,conference,ACM International Conference on the Foundations of Software Engineering,软件工程/系统软件/程序设计语言,FSE,,,,ACM,http://dblp.uni-trier.de/db/conf/sigsoft/,软件工程/系统软件/程序设计语言,,A,3,,,,27,,,,,,,,,,,,,,,,,,,,,,,,,,,,,,,,,,,,,,,,,,,,,,,The read operation timed out,,error:TimeoutError,2026-07-30T09:46:04+00:00
ccf,中国计算机学会推荐国际学术会议和期刊目录（第七版，2026）,第七版中国计算机学会推荐国际学术会议和期刊目录（正式版）.csv,2026,conference,ACM Symposium on Operating Systems Principles,软件工程/系统软件/程序设计语言,SOSP,,,,ACM,http://dblp.uni-trier.de/db/conf/sosp/,软件工程/系统软件/程序设计语言,,A,4,,,,27,,,,,,,,,,,,,,,,,,,,,,,,,,,,,,,,,,,,,,,,,,,,,SOSP征稿涵盖操作系统、文件与存储系统、分布式系统、云计算、移动与边缘系统、安全可靠系统、大数据与机器学习系统、嵌入式与实时系统、虚拟化、网络（与操作系统相关）以及复杂系统的管理与故障排除，并欢迎与计算机体系结构、网络、编程语言、分析、验证和数据库等领域的交叉研究。；关键词：操作系统；分布式系统；云计算；存储系统；安全可靠系统；机器学习系统；虚拟化；嵌入式系统；网络；系统软件,https://sigops.org/s/conferences/sosp/2026/cfp.html,"SOSP takes a broad view of systems and solicits contributions from many fields of systems practice, including: operating",high,ok,2026-07-30T09:46:20+00:00
ccf,中国计算机学会推荐国际学术会议和期刊目录（第七版，2026）,第七版中国计算机学会推荐国际学术会议和期刊目录（正式版）.csv,2026,conference,"Conference on Object-Oriented Programming Systems, Languages, and Applications",软件工程/系统软件/程序设计语言,OOPSLA,,,,ACM,http://dblp.uni-trier.de/db/conf/oopsla/,软件工程/系统软件/程序设计语言,,A,5,,,,27,,,,,,,,,,,,,,,,,,,,,,,,,,,,,,,,,,,,,,,,,,,,,,,The read operation timed out,,error:TimeoutError,2026-07-30T09:47:16+00:00
ccf,中国计算机学会推荐国际学术会议和期刊目录（第七版，2026）,第七版中国计算机学会推荐国际学术会议和期刊目录（正式版）.csv,2026,conference,International Conference on Automated Software Engineering,软件工程/系统软件/程序设计语言,ASE,,,,IEEE/ACM,http://dblp.uni-trier.de/db/conf/kbse/,软件工程/系统软件/程序设计语言,,A,6,,,,27,,,,,,,,,,,,,,,,,,,,,,,,,,,,,,,,,,,,,,,,,,,,,,,bad_source_domain:leibniz-gemeinschaft.de,low,not_relevant,2026-07-30T09:47:28+00:00
ccf,中国计算机学会推荐国际学术会议和期刊目录（第七版，2026）,第七版中国计算机学会推荐国际学术会议和期刊目录（正式版）.csv,2026,conference,International Conference on Software Engineering,软件工程/系统软件/程序设计语言,ICSE,,,,IEEE/ACM,http://dblp.uni-trier.de/db/conf/icse/,软件工程/系统软件/程序设计语言,,A,7,,,,27,,,,,,,,,,,,,,,,,,,,,,,,,,,,,,,,,,,,,,,,,,,,,,,,,no_candidate_pages,2026-07-30T09:47:35+00:00
ccf,中国计算机学会推荐国际学术会议和期刊目录（第七版，2026）,第七版中国计算机学会推荐国际学术会议和期刊目录（正式版）.csv,2026,conference,International Symposium on Software Testing and Analysis,软件工程/系统软件/程序设计语言,ISSTA,,,,ACM,http://dblp.uni-trier.de/db/conf/issta/,软件工程/系统软件/程序设计语言,,A,8,,,,27,,,,,,,,,,,,,,,,,,,,,,,,,,,,,,,,,,,,,,,,,,,,,,,bad_source_domain:leibniz-gemeinschaft.de,low,not_relevant,2026-07-30T09:47:53+00:00
ccf,中国计算机学会推荐国际学术会议和期刊目录（第七版，2026）,第七版中国计算机学会推荐国际学术会议和期刊目录（正式版）.csv,2026,conference,USENIX Symposium on Operating Systems Design and Implementation,软件工程/系统软件/程序设计语言,OSDI,,,,USENIX,http://dblp.uni-trier.de/db/conf/osdi/,软件工程/系统软件/程序设计语言,,A,9,,,,27,superseded: OSDI 2010 历史征稿页，已由当前年度范围取代。,,,,,,,,,,,,,,,,,,,,,,,,,,,,,,,,,,,,,,,,,,,,OSDI征稿涵盖操作系统、文件与存储系统、分布式系统、移动系统、安全系统、嵌入式系统、虚拟化、网络与操作系统交互、软硬件协同等计算机系统领域的创新研究与设计实现。；关键词：操作系统；分布式系统；存储系统；虚拟化；移动系统；安全系统；嵌入式系统；网络；软硬件协同,https://www.usenix.org/legacy/events/osdi10/cfp/,已废止自动候选：OSDI 2010 历史征稿页，已由当前年度范围取代。 OSDI takes a broad view of the systems area and solicits contributions from many fields of systems practice,low,superseded,2026-07-30T09:48:04+00:00
ccf,中国计算机学会推荐国际学术会议和期刊目录（第七版，2026）,第七版中国计算机学会推荐国际学术会议和期刊目录（正式版）.csv,2026,conference,International Symposium on Formal Methods,软件工程/系统软件/程序设计语言,FM,,,,FME,http://dblp.uni-trier.de/db/conf/fm/,软件工程/系统软件/程序设计语言,,A,10,,,,27,,,,,,,,,,,,,,,,,,,,,,,,,,,,,,,,,,,,,,,,,,,,,,,,,no_candidate_pages,2026-07-30T09:48:11+00:00
ccf,中国计算机学会推荐国际学术会议和期刊目录（第七版，2026）,第七版中国计算机学会推荐国际学术会议和期刊目录（正式版）.csv,2026,conference,European Conference on Object-Oriented Programming,软件工程/系统软件/程序设计语言,ECOOP,,,,AITO,http://dblp.uni-trier.de/db/conf/ecoop/,软件工程/系统软件/程序设计语言,,B,1,,,,28,,,,,,,,,,,,,,,,,,,,,,,,,,,,,,,,,,,,,,,,,,,,,,,The read operation timed out,,error:TimeoutError,2026-07-30T09:48:35+00:00
ccf,中国计算机学会推荐国际学术会议和期刊目录（第七版，2026）,第七版中国计算机学会推荐国际学术会议和期刊目录（正式版）.csv,2026,conference,European Joint Conferences on Theory and Practice of Software,软件工程/系统软件/程序设计语言,ETAPS,,,,Springer,http://dblp.uni-trier.de/db/conf/etaps/,软件工程/系统软件/程序设计语言,,B,2,,,,28,,,,,,,,,,,,,,,,,,,,,,,,,,,,,,,,,,,,,,,,,,,,,,,bad_source_domain:leibniz-gemeinschaft.de,low,not_relevant,2026-07-30T09:48:49+00:00
ccf,中国计算机学会推荐国际学术会议和期刊目录（第七版，2026）,第七版中国计算机学会推荐国际学术会议和期刊目录（正式版）.csv,2026,conference,IEEE International Conference on Program Comprehension,软件工程/系统软件/程序设计语言,ICPC,,,,IEEE,http://dblp.uni-trier.de/db/conf/iwpc/,软件工程/系统软件/程序设计语言,,B,3,,,,28,,,,,,,,,,,,,,,,,,,,,,,,,,,,,,,,,,,,,,,,,,,,,,,bad_source_domain:leibniz-gemeinschaft.de,low,not_relevant,2026-07-30T09:49:02+00:00
ccf,中国计算机学会推荐国际学术会议和期刊目录（第七版，2026）,第七版中国计算机学会推荐国际学术会议和期刊目录（正式版）.csv,2026,conference,IEEE International Requirements Engineering Conference,软件工程/系统软件/程序设计语言,RE,,,,IEEE,http://dblp.uni-trier.de/db/conf/re/,软件工程/系统软件/程序设计语言,,B,4,,,,28,,,,,,,,,,,,,,,,,,,,,,,,,,,,,,,,,,,,,,,,,,,,,,,bad_source_domain:leibniz-gemeinschaft.de,low,not_relevant,2026-07-30T09:49:09+00:00
ccf,中国计算机学会推荐国际学术会议和期刊目录（第七版，2026）,第七版中国计算机学会推荐国际学术会议和期刊目录（正式版）.csv,2026,conference,International Conference on Advanced Information Systems Engineering,软件工程/系统软件/程序设计语言,CAiSE,,,,Springer,http://dblp.uni-trier.de/db/conf/caise/,软件工程/系统软件/程序设计语言,,B,5,,,,28,,,,,,,,,,,,,,,,,,,,,,,,,,,,,,,,,,,,,,,,,,,,,CAiSE'26征稿主题涵盖信息系统工程的模型、方法和技术，包括本体工程、概念建模、需求工程、业务流程管理、低代码技术等，强调跨学科视角和持续变化环境下的系统再思考。；关键词：信息系统工程；概念建模；需求工程；业务流程管理；本体工程；低代码技术；过程挖掘；模型驱动工程,https://caise26.polimi.it/?page_id=60,"Topics of contribution include but are not limited to: Models, Methods and Techniques in IS Engineering",high,ok,2026-07-30T09:50:25+00:00
ccf,中国计算机学会推荐国际学术会议和期刊目录（第七版，2026）,第七版中国计算机学会推荐国际学术会议和期刊目录（正式版）.csv,2026,conference,ACM SIGPLAN International Conference on Function Programming,软件工程/系统软件/程序设计语言,ICFP,,,,ACM,http://dblp.uni-trier.de/db/conf/icfp/,软件工程/系统软件/程序设计语言,,B,6,,,,28,,,,,,,,,,,,,,,,,,,,,,,,,,,,,,,,,,,,,,,,,,,,,ICFP征稿涵盖函数式编程的艺术与科学，包括从原理到实践、从基础到特性、从抽象到应用的所有主题，涉及语言设计、实现、类型系统、程序验证、编译技术、概率编程、领域特定语言等广泛领域。；关键词：函数式编程；类型系统；程序验证；编译技术；语言设计；概率编程；领域特定语言；functional programming,https://icfp26.sigplan.org/track/icfp-2026-icfp-papers#Call-for-Papers,ICFP 2026 seeks original papers on the art and science of functional programming.,high,ok,2026-07-30T09:50:42+00:00
ccf,中国计算机学会推荐国际学术会议和期刊目录（第七版，2026）,第七版中国计算机学会推荐国际学术会议和期刊目录（正式版）.csv,2026,conference,"ACM SIGPLAN/SIGBED International Conference on Languages, Compilers and Tools for Embedded Systems",软件工程/系统软件/程序设计语言,LCTES,,,,ACM,http://dblp.uni-trier.de/db/conf/lctrts/,软件工程/系统软件/程序设计语言,,B,7,,,,28,,,,,,,,,,,,,,,,,,,,,,,,,,,,,,,,,,,,,,,,,,,,,LCTES 2026是第27届ACM SIGPLAN/SIGBED国际会议，专注于嵌入式系统的语言、编译器、工具和理论，连接编程语言与嵌入式系统工程社区，涵盖编译器优化、自动调优等主题。；关键词：嵌入式系统；编程语言；编译器；工具；理论；编译器自动调优；语言与嵌入式系统,https://pldi26.sigplan.org/home/LCTES-2026#Call-for-Papers,LCTES provides a link between the programming languages and embedded systems engineering communities.,high,ok,2026-07-30T09:50:57+00:00
ccf,中国计算机学会推荐国际学术会议和期刊目录（第七版，2026）,第七版中国计算机学会推荐国际学术会议和期刊目录（正式版）.csv,2026,conference,ACM/IEEE International Conference on Model Driven EngineeringLanguages and Systems,软件工程/系统软件/程序设计语言,MoDELS,,,,IEEE/ACM,http://dblp.uni-trier.de/db/conf/models/,软件工程/系统软件/程序设计语言,,B,8,,,,28,,,,,,,,,,,,,,,,,,,,,,,,,,,,,,,,,,,,,,,,,,,,,涵盖模型驱动工程的各个方面，包括建模语言基础、新范式（如低代码/数字孪生）、AI与建模结合、工具与仓库、质量保证、协同建模、教育、以及面向CPS、IoT、大数据、机器学习等新兴领域的应用。；关键词：模型驱动工程；建模语言；AI for modeling；数字孪生；低代码；质量保证；协同建模；CPS；IoT；机器学习,https://conf.researchr.org/track/models-2026/models-2026-nier#topics-of-interest,MODELS 2026 solicits submissions on a variety of topics related to modeling for software and systems engineering includi,high,ok,2026-07-30T09:51:20+00:00
ccf,中国计算机学会推荐国际学术会议和期刊目录（第七版，2026）,第七版中国计算机学会推荐国际学术会议和期刊目录（正式版）.csv,2026,conference,International Conference on Principles and Practice of Constraint Programming,软件工程/系统软件/程序设计语言,CP,,,,Springer,http://dblp.uni-trier.de/db/conf/cp/,软件工程/系统软件/程序设计语言,,B,9,,,,28,,,,,,,,,,,,,,,,,,,,,,,,,,,,,,,,,,,,,,,,,,,,,,,The read operation timed out,,error:TimeoutError,2026-07-30T09:51:44+00:00
ccf,中国计算机学会推荐国际学术会议和期刊目录（第七版，2026）,第七版中国计算机学会推荐国际学术会议和期刊目录（正式版）.csv,2026,conference,International Conference on Service Oriented Computing,软件工程/系统软件/程序设计语言,ICSOC,,,,Springer,http://dblp.uni-trier.de/db/conf/icsoc/,软件工程/系统软件/程序设计语言,,B,10,,,,28,,,,,,,,,,,,,,,,,,,,,,,,,,,,,,,,,,,,,,,,,,,,,,,The read operation timed out,,error:TimeoutError,2026-07-30T09:52:10+00:00
ccf,中国计算机学会推荐国际学术会议和期刊目录（第七版，2026）,第七版中国计算机学会推荐国际学术会议和期刊目录（正式版）.csv,2026,conference,"IEEE International Conference on Software Analysis, Evolution, and Reengineering",软件工程/系统软件/程序设计语言,SANER,,,,IEEE,http://dblp.uni-trier.de/db/conf/wcre/,软件工程/系统软件/程序设计语言,,B,11,,,,29,,,,,,,,,,,,,,,,,,,,,,,,,,,,,,,,,,,,,,,,,,,,,,,The read operation timed out,,error:TimeoutError,2026-07-30T09:52:39+00:00
ccf,中国计算机学会推荐国际学术会议和期刊目录（第七版，2026）,第七版中国计算机学会推荐国际学术会议和期刊目录（正式版）.csv,2026,conference,International Conference on Software Maintenance and Evolution,软件工程/系统软件/程序设计语言,ICSME,,,,IEEE,http://dblp.uni-trier.de/db/conf/icsm/,软件工程/系统软件/程序设计语言,,B,12,,,,29,,,,,,,,,,,,,,,,,,,,,,,,,,,,,,,,,,,,,,,,,,,,,,https://conf.researchr.org/info/icsme-2026/program-overview,页面仅列出会议日程和轨道名称，未提供具体征稿范围或主题描述,low,not_relevant,2026-07-30T09:52:52+00:00
ccf,中国计算机学会推荐国际学术会议和期刊目录（第七版，2026）,第七版中国计算机学会推荐国际学术会议和期刊目录（正式版）.csv,2026,conference,"International Conference on Verification, Model Checking and Abstract Interpretation",软件工程/系统软件/程序设计语言,VMCAI,,,,Springer,http://dblp.uni-trier.de/db/conf/vmcai/,软件工程/系统软件/程序设计语言,,B,13,,,,29,,,,,,,,,,,,,,,,,,,,,,,,,,,,,,,,,,,,,,,,,,,,,VMCAI涵盖验证、模型检测和抽象解释领域，促进交叉融合与混合方法研究，包括静态分析、符号执行、神经网络验证、形式语义等。；关键词：验证；模型检测；抽象解释；静态分析；符号执行；形式语义；神经网络验证,https://conf.researchr.org/home/VMCAI-2026,"VMCAI provides a forum for researchers from the communities of Verification, Model Checking, and Abstract Interpretation",high,ok,2026-07-30T09:53:08+00:00
ccf,中国计算机学会推荐国际学术会议和期刊目录（第七版，2026）,第七版中国计算机学会推荐国际学术会议和期刊目录（正式版）.csv,2026,conference,IEEE International Conference on Web Services,软件工程/系统软件/程序设计语言,ICWS,,,,IEEE,http://dblp.uni-trier.de/db/conf/icws/,软件工程/系统软件/程序设计语言,,B,14,,,,29,,,,,,,,,,,,,,,,,,,,,,,,,,,,,,,,,,,,,,,,,,,,,,,The read operation timed out,,error:TimeoutError,2026-07-30T09:53:33+00:00
ccf,中国计算机学会推荐国际学术会议和期刊目录（第七版，2026）,第七版中国计算机学会推荐国际学术会议和期刊目录（正式版）.csv,2026,conference,International Middleware Conference,软件工程/系统软件/程序设计语言,Middleware,,,,ACM/IFIP/USENIX,http://dblp.uni-trier.de/db/conf/middleware/,软件工程/系统软件/程序设计语言,,B,15,,,,29,,,,,,,,,,,,,,,,,,,,,,,,,,,,,,,,,,,,,,,,,,,,,,,The read operation timed out,,error:TimeoutError,2026-07-30T09:54:06+00:00
ccf,中国计算机学会推荐国际学术会议和期刊目录（第七版，2026）,第七版中国计算机学会推荐国际学术会议和期刊目录（正式版）.csv,2026,conference,International Static Analysis Symposium,软件工程/系统软件/程序设计语言,SAS,,,,Springer,http://dblp.uni-trier.de/db/conf/sas/,软件工程/系统软件/程序设计语言,,B,16,,,,29,,,,,,,,,,,,,,,,,,,,,,,,,,,,,,,,,,,,,,,,,,,,,,https://sensorapps.org/2026/call-for-papers,Smart Sensors for a Brighter Future; Sensor Applications,high,not_relevant,2026-07-30T09:54:29+00:00
ccf,中国计算机学会推荐国际学术会议和期刊目录（第七版，2026）,第七版中国计算机学会推荐国际学术会议和期刊目录（正式版）.csv,2026,conference,International Symposium on Empirical Software Engineering and Measurement,软件工程/系统软件/程序设计语言,ESEM,,,,IEEE/ACM,http://dblp.uni-trier.de/db/conf/esem/,软件工程/系统软件/程序设计语言,,B,17,,,,29,,,,,,,,,,,,,,,,,,,,,,,,,,,,,,,,,,,,,,,,,,,,,,https://conf.researchr.org/track/eseiw-2026/eseiw-2026-esem---technical-track,页面显示为程序日程，无Call for Papers或scope信息,high,not_relevant,2026-07-30T09:54:43+00:00
ccf,中国计算机学会推荐国际学术会议和期刊目录（第七版，2026）,第七版中国计算机学会推荐国际学术会议和期刊目录（正式版）.csv,2026,conference,IEEE International Symposium on Software Reliability Engineering,软件工程/系统软件/程序设计语言,ISSRE,,,,IEEE,http://dblp.uni-trier.de/db/conf/issre/,软件工程/系统软件/程序设计语言,,B,18,,,,29,,,,,,,,,,,,,,,,,,,,,,,,,,,,,,,,,,,,,,,,,,,,,,,"The provided pages are about the Leibniz Association's solidarity with Ukraine and general news, not related to the IEEE",low,not_relevant,2026-07-30T09:54:58+00:00
ccf,中国计算机学会推荐国际学术会议和期刊目录（第七版，2026）,第七版中国计算机学会推荐国际学术会议和期刊目录（正式版）.csv,2026,conference,USENIX Workshop on Hot Topics in Operating Systems,软件工程/系统软件/程序设计语言,HotOS,,,,USENIX,http://dblp.uni-trier.de/db/conf/hotos/,软件工程/系统软件/程序设计语言,,B,19,,,,29,,,,,,,,,,,,,,,,,,,,,,,,,,,,,,,,,,,,,,,,,,,,,,http://www.usenix.org/legacy/events/hotos03/,"Page only shows workshop program and logistics, no scope/topics.",low,not_relevant,2026-07-30T09:55:13+00:00
ccf,中国计算机学会推荐国际学术会议和期刊目录（第七版，2026）,第七版中国计算机学会推荐国际学术会议和期刊目录（正式版）.csv,2026,conference,International Conference on Compiler Construction,软件工程/系统软件/程序设计语言,CC,,,,ACM,https://dblp.uni-trier.de/db/conf/cc/index.html,软件工程/系统软件/程序设计语言,,B,20,,,,29,,,,,,,,,,,,,,,,,,,,,,,,,,,,,,,,,,,,,,,,,,,,,,https://conf.researchr.org/track/CC-2026/calls#Call-for-Papers,页面仅包含会议日程和注册信息，未提供征稿范围或主题说明,low,not_relevant,2026-07-30T09:55:23+00:00
ccf,中国计算机学会推荐国际学术会议和期刊目录（第七版，2026）,第七版中国计算机学会推荐国际学术会议和期刊目录（正式版）.csv,2026,conference,ACM SIGPLAN Workshop on Partial Evaluation and Program Manipulation,软件工程/系统软件/程序设计语言,PEPM,,,,ACM,http://dblp.uni-trier.de/db/conf/pepm/,软件工程/系统软件/程序设计语言,,C,1,,,,30,,,,,,,,,,,,,,,,,,,,,,,,,,,,,,,,,,,,,,,,,,,,,,,The read operation timed out,,error:TimeoutError,2026-07-30T09:55:50+00:00
ccf,中国计算机学会推荐国际学术会议和期刊目录（第七版，2026）,第七版中国计算机学会推荐国际学术会议和期刊目录（正式版）.csv,2026,conference,ACMSIGPLAN-SIGSOFT Workshop on Program Analysis for Software Tools and Engineering,软件工程/系统软件/程序设计语言,PASTE,,,,ACM,http://dblp.uni-trier.de/db/conf/paste/,软件工程/系统软件/程序设计语言,,C,2,,,,30,,,,,,,,,,,,,,,,,,,,,,,,,,,,,,,,,,,,,,,,,,,,,,,页面内容与ACMSIGPLAN-SIGSOFT Workshop on Program Analysis for Software Tools and Engineering (PASTE)无关，第一个页面是关于乌克兰团结的新闻，第二个页面,low,not_relevant,2026-07-30T09:56:17+00:00
ccf,中国计算机学会推荐国际学术会议和期刊目录（第七版，2026）,第七版中国计算机学会推荐国际学术会议和期刊目录（正式版）.csv,2026,conference,Asian Symposium on Programming Languages and Systems,软件工程/系统软件/程序设计语言,APLAS,,,,Springer,http://dblp.uni-trier.de/db/conf/aplas/,软件工程/系统软件/程序设计语言,,C,3,,,,30,,,,,,,,,,,,,,,,,,,,,,,,,,,,,,,,,,,,,,,,,,,,,,,The read operation timed out,,error:TimeoutError,2026-07-30T09:56:41+00:00
ccf,中国计算机学会推荐国际学术会议和期刊目录（第七版，2026）,第七版中国计算机学会推荐国际学术会议和期刊目录（正式版）.csv,2026,conference,Asia-Pacific Software Engineering Conference,软件工程/系统软件/程序设计语言,APSEC,,,,IEEE,http://dblp.uni-trier.de/db/conf/apsec/,软件工程/系统软件/程序设计语言,,C,4,,,,30,,,,,,,,,,,,,,,,,,,,,,,,,,,,,,,,,,,,,,,,,,,,,亚太软件工程会议（APSEC）技术轨道征稿，涵盖需求工程、软件架构与设计、测试与验证、AI辅助软件工程、软件工程AI、安全、软件维护与演化等核心领域，以及移动系统、云计算、嵌入式系统、物联网、区块链等应用领域。；关键词：软件工程；需求工程；软件架构；测试与验证；AI for SE；SE for AI；安全；软件维护与演化,https://conf.researchr.org/track/apsec-2026/apsec-2026-technical-track#call-for-papers-poster,"The Technical Track is the core of the conference, serving as the premier venue for high-quality, original research in s",high,ok,2026-07-30T09:57:00+00:00
ccf,中国计算机学会推荐国际学术会议和期刊目录（第七版，2026）,第七版中国计算机学会推荐国际学术会议和期刊目录（正式版）.csv,2026,conference,International Conference on Evaluation and Assessment in Software Engineering,软件工程/系统软件/程序设计语言,EASE,,,,ACM,http://dblp.uni-trier.de/db/conf/ease/,软件工程/系统软件/程序设计语言,,C,5,,,,30,,,,,,,,,,,,,,,,,,,,,,,,,,,,,,,,,,,,,,,,,,,,,,,The read operation timed out,,error:TimeoutError,2026-07-30T09:57:27+00:00
ccf,中国计算机学会推荐国际学术会议和期刊目录（第七版，2026）,第七版中国计算机学会推荐国际学术会议和期刊目录（正式版）.csv,2026,conference,International Conference on Engineering of Complex Computer Systems,软件工程/系统软件/程序设计语言,ICECCS,,,,IEEE,http://dblp.uni-trier.de/db/conf/iceccs/,软件工程/系统软件/程序设计语言,,C,6,,,,30,,,,,,,,,,,,,,,,,,,,,,,,,,,,,,,,,,,,,,,,,,,,,,,The read operation timed out,,error:TimeoutError,2026-07-30T09:57:54+00:00
ccf,中国计算机学会推荐国际学术会议和期刊目录（第七版，2026）,第七版中国计算机学会推荐国际学术会议和期刊目录（正式版）.csv,2026,conference,"IEEE International Conference on Software Testing, Verification and Validation",软件工程/系统软件/程序设计语言,ICST,,,,IEEE,http://dblp.uni-trier.de/db/conf/icst/,软件工程/系统软件/程序设计语言,,C,7,,,,30,,,,,,,,,,,,,,,,,,,,,,,,,,,,,,,,,,,,,,,,,,,,,涵盖软件测试、验证和确认的所有领域，包括新颖原创研究、案例研究和实证研究。；关键词：软件测试；验证；确认；案例研究；实证研究,https://conf.researchr.org/track/icst-2026/icst-2026-research#Call-for-Papers,"The Research Papers track of ICST 2026 invites high-quality submissions in all areas of software testing, verification, ",high,ok,2026-07-30T09:58:14+00:00
ccf,中国计算机学会推荐国际学术会议和期刊目录（第七版，2026）,第七版中国计算机学会推荐国际学术会议和期刊目录（正式版）.csv,2026,conference,IEEE International Symposium on Performance Analysis of Systems and Software,软件工程/系统软件/程序设计语言,ISPASS,,,,IEEE,http://dblp.uni-trier.de/db/conf/ispass/,软件工程/系统软件/程序设计语言,,C,8,,,,30,,,,,,,,,,,,,,,,,,,,,,,,,,,,,,,,,,,,,,,,,,,,,该会议征稿涵盖计算机系统与软件的性能分析方法，包括建模、模拟、工具、基准测试、能效分析、新兴硬件与工作负载（如深度学习、量子计算）等。；关键词：性能分析；建模与模拟；能效评估；硬件性能计数器；多核与加速器；存储系统；数据中心；深度学习；量子计算；基准测试；工具与优化,https://www.ispass.org/ispass2026/cfp.php,Papers are solicited in fields that include the following: Performance and efficiency evaluation methodologies...,high,ok,2026-07-30T09:58:36+00:00
ccf,中国计算机学会推荐国际学术会议和期刊目录（第七版，2026）,第七版中国计算机学会推荐国际学术会议和期刊目录（正式版）.csv,2026,conference,IEEE International Working Conference on Source Code Analysis and Manipulation,软件工程/系统软件/程序设计语言,SCAM,,,,IEEE,http://dblp.uni-trier.de/db/conf/scam/,软件工程/系统软件/程序设计语言,,C,9,,,,30,,,,,,,,,,,,,,,,,,,,,,,,,,,,,,,,,,,,,,,,,,,,,SCAM聚焦于软件系统源代码的分析与操作，涵盖理论、技术及应用，包括机器码、高级语言及可执行图形表示的分析与自动或半自动操作。；关键词：源代码分析；源代码操作；软件系统；机器码；高级语言；可执行图形表示；自动分析；半自动操作,https://conf.researchr.org/home/scam-2026,The aim of the IEEE International Conference on Source Code Analysis & Manipulation (SCAM) is to bring together research,high,ok,2026-07-30T09:58:51+00:00
ccf,中国计算机学会推荐国际学术会议和期刊目录（第七版，2026）,第七版中国计算机学会推荐国际学术会议和期刊目录（正式版）.csv,2026,conference,International Computer Software and Applications Conference,软件工程/系统软件/程序设计语言,COMPSAC,,,,IEEE,http://dblp.uni-trier.de/db/conf/compsac/,软件工程/系统软件/程序设计语言,,C,10,,,,30,,,,,,,,,,,,,,,,,,,,,,,,,,,,,,,,,,,,,,,,,,,,,COMPSAC 2026聚焦从反应式模型向主动式系统的迁移，涵盖自主决策、多智能体协调、强化学习、可解释性、伦理安全、多模态感知、人机协作等主题，并包括区块链、无障碍康复工程等应用。；关键词：Agentic AI；自主决策；多智能体协调；强化学习；可解释性；伦理安全；多模态感知；人机协作；区块链；无障碍康复工程,https://ieeecompsac.computer.org/2026/call-for-papers/,"The theme for COMPSAC 2026, Agentic AI: Innovative Software, Computing Paradigms, and Applications for Migrating from Re",high,ok,2026-07-30T09:59:12+00:00
ccf,中国计算机学会推荐国际学术会议和期刊目录（第七版，2026）,第七版中国计算机学会推荐国际学术会议和期刊目录（正式版）.csv,2026,conference,International Conference on Formal Engineering Methods,软件工程/系统软件/程序设计语言,ICFEM,,,,Springer,http://dblp.uni-trier.de/db/conf/icfem/,软件工程/系统软件/程序设计语言,,C,11,,,,30,,,,,,,,,,,,,,,,,,,,,,,,,,,,,,,,,,,,,,,,,,,,,ICFEM是形式化方法与软件工程领域的国际领先会议，涵盖形式化规约与建模、验证与确认、测试、安全关键系统、工业案例研究等理论与应用。；关键词：形式化方法；软件工程；形式化规约与建模；形式化验证；安全关键系统；工业案例研究,https://icfem2026.github.io/,ICFEM is an internationally leading conference series in formal methods and software engineering.,high,ok,2026-07-30T09:59:28+00:00
ccf,中国计算机学会推荐国际学术会议和期刊目录（第七版，2026）,第七版中国计算机学会推荐国际学术会议和期刊目录（正式版）.csv,2026,conference,IEEE International Conference on Software Services Engineering,软件工程/系统软件/程序设计语言,SSE,,,,IEEE,http://dblp.uni-trier.de/db/conf/IEEEscc/,软件工程/系统软件/程序设计语言,,C,12,,,,30,,,,,,,,,,,,,,,,,,,,,,,,,,,,,,,,,,,,,,,,,,,,,该会议主要关注服务科学与软件服务工程教育，涵盖AI驱动的课程设计、大语言模型集成、智能评估、自适应学习、XR与AI结合、项目式学习、个性化学习路径、协作环境、实时反馈、产教融合、伦理与治理等主题。；关键词：软件服务工程教育；AI驱动课程设计；大语言模型；智能评估；自适应学习；XR与AI；项目式学习；个性化学习路径；产教融合；伦理与治理,https://services.conferences.computer.org/2026/sse/sse-call-for-papers/,"SSE 2026 - CALL FOR PAPERS: Topics of interest include, but are not restricted to: AI-Driven Curriculum Design...",high,ok,2026-07-30T09:59:44+00:00
ccf,中国计算机学会推荐国际学术会议和期刊目录（第七版，2026）,第七版中国计算机学会推荐国际学术会议和期刊目录（正式版）.csv,2026,conference,International Conference on Software and System Process,软件工程/系统软件/程序设计语言,ICSSP,,,,ACM,https://dblp.uni-trier.de/db/conf/ispw/index.html,软件工程/系统软件/程序设计语言,,C,13,,,,30,,,,,,,,,,,,,,,,,,,,,,,,,,,,,,,,,,,,,,,,,,,,,,,The read operation timed out,,error:TimeoutError,2026-07-30T10:00:12+00:00
ccf,中国计算机学会推荐国际学术会议和期刊目录（第七版，2026）,第七版中国计算机学会推荐国际学术会议和期刊目录（正式版）.csv,2026,conference,International Conference on Software Engineering and Knowledge Engineering,软件工程/系统软件/程序设计语言,SEKE,,,,KSI,http://dblp.uni-trier.de/db/conf/seke/,软件工程/系统软件/程序设计语言,,C,14,,,,31,,,,,,,,,,,,,,,,,,,,,,,,,,,,,,,,,,,,,,,,,,,,,,,The read operation timed out,,error:TimeoutError,2026-07-30T10:00:39+00:00
ccf,中国计算机学会推荐国际学术会议和期刊目录（第七版，2026）,第七版中国计算机学会推荐国际学术会议和期刊目录（正式版）.csv,2026,conference,"International Conference on Software Quality, Reliability and Security",软件工程/系统软件/程序设计语言,QRS,,,,IEEE,https://dblp.uni-trier.de/db/conf/qrs/,软件工程/系统软件/程序设计语言,,C,15,,,,31,,,,,,,,,,,,,,,,,,,,,,,,,,,,,,,,,,,,,,,,,,,,,涵盖软件质量、可靠性、安全性、可用性，包括AI技术、软件测试、验证、漏洞分析、形式化方法、物联网、云计算等。；关键词：软件质量；可靠性；安全性；AI技术；软件测试；形式化方法；物联网；云计算,https://qrs26.techconf.org/,"Topics of Interest: Reliability, Security, Availability, and Safety of Software Systems",high,ok,2026-07-30T10:00:52+00:00
ccf,中国计算机学会推荐国际学术会议和期刊目录（第七版，2026）,第七版中国计算机学会推荐国际学术会议和期刊目录（正式版）.csv,2026,conference,International Conference on Software Reuse,软件工程/系统软件/程序设计语言,ICSR,,,,Springer,http://dblp.uni-trier.de/db/conf/icsr/,软件工程/系统软件/程序设计语言,,C,16,,,,31,,,,,,,,,,,,,,,,,,,,,,,,,,,,,,,,,,,,,,,,,,,,,,,The read operation timed out,,error:TimeoutError,2026-07-30T10:01:16+00:00
ccf,中国计算机学会推荐国际学术会议和期刊目录（第七版，2026）,第七版中国计算机学会推荐国际学术会议和期刊目录（正式版）.csv,2026,conference,International Conference on Web Engineering,软件工程/系统软件/程序设计语言,ICWE,,,,Springer,http://dblp.uni-trier.de/db/conf/icwe/,软件工程/系统软件/程序设计语言,,C,17,,,,31,,,,,,,,,,,,,,,,,,,,,,,,,,,,,,,,,,,,,,,,,,,,,涵盖Web工程的设计、创建、维护、运行和使用，包括Web应用建模、架构、安全、用户体验、大数据、AI、语义网、微服务、云边缘计算、可持续性等广泛主题。；关键词：Web工程；Web应用建模；Web安全与隐私；Web用户体验；Web大数据与AI；语义网与知识图谱；微服务与云边缘计算；可持续Web工程,https://icwe2026.webengineering.org/index.php/research-track/,"ICWE covers different aspects of Web Engineering, including the design, creation, maintenance, operation, and usage of W",high,ok,2026-07-30T10:01:34+00:00
ccf,中国计算机学会推荐国际学术会议和期刊目录（第七版，2026）,第七版中国计算机学会推荐国际学术会议和期刊目录（正式版）.csv,2026,conference,International Symposium on Model Checking of Software,软件工程/系统软件/程序设计语言,SPIN,,,,Springer,http://dblp.uni-trier.de/db/conf/spin/index.html,软件工程/系统软件/程序设计语言,,C,18,,,,31,,,,,,,,,,,,,,,,,,,,,,,,,,,,,,,,,,,,,,,,,,,,,,https://link.springer.com/conference/spin,页面仅显示历年卷次和论文数量，无征稿范围。,low,not_relevant,2026-07-30T10:01:52+00:00
ccf,中国计算机学会推荐国际学术会议和期刊目录（第七版，2026）,第七版中国计算机学会推荐国际学术会议和期刊目录（正式版）.csv,2026,conference,International Symposium on Automated Technology for Verification and Analysis,软件工程/系统软件/程序设计语言,ATVA,,,,Springer,http://dblp.uni-trier.de/db/conf/atva/,软件工程/系统软件/程序设计语言,,C,19,,,,31,,,,,,,,,,,,,,,,,,,,,,,,,,,,,,,,,,,,,,,,,,,,,,,The read operation timed out,,error:TimeoutError,2026-07-30T10:02:17+00:00
ccf,中国计算机学会推荐国际学术会议和期刊目录（第七版，2026）,第七版中国计算机学会推荐国际学术会议和期刊目录（正式版）.csv,2026,conference,International Symposium on Logic-based Program Synthesis and Transformation,软件工程/系统软件/程序设计语言,LOPSTR,,,,Springer,http://dblp.uni-trier.de/db/conf/lopstr/,软件工程/系统软件/程序设计语言,,C,20,,,,31,,,,,,,,,,,,,,,,,,,,,,,,,,,,,,,,,,,,,,,,,,,,,,,The read operation timed out,,error:TimeoutError,2026-07-30T10:02:43+00:00
ccf,中国计算机学会推荐国际学术会议和期刊目录（第七版，2026）,第七版中国计算机学会推荐国际学术会议和期刊目录（正式版）.csv,2026,conference,Theoretical Aspects of Software Engineering Conference,软件工程/系统软件/程序设计语言,TASE,,,,IEEE,http://dblp.uni-trier.de/db/conf/tase/,软件工程/系统软件/程序设计语言,,C,21,,,,31,,,,,,,,,,,,,,,,,,,,,,,,,,,,,,,,,,,,,,,,,,,,,,,,,no_candidate_pages,2026-07-30T10:02:52+00:00
ccf,中国计算机学会推荐国际学术会议和期刊目录（第七版，2026）,第七版中国计算机学会推荐国际学术会议和期刊目录（正式版）.csv,2026,conference,Mining Software Repositories,软件工程/系统软件/程序设计语言,MSR,,,,IEEE/ACM,http://dblp.uni-trier.de/db/conf/msr/,软件工程/系统软件/程序设计语言,,C,22,,,,31,,,,,,,,,,,,,,,,,,,,,,,,,,,,,,,,,,,,,,,,,,,,,,,The read operation timed out,,error:TimeoutError,2026-07-30T10:03:43+00:00
ccf,中国计算机学会推荐国际学术会议和期刊目录（第七版，2026）,第七版中国计算机学会推荐国际学术会议和期刊目录（正式版）.csv,2026,conference,Requirements Engineering: Foundation for Software Quality,软件工程/系统软件/程序设计语言,REFSQ,,,,Springer,http://dblp.uni-trier.de/db/conf/refsq/,软件工程/系统软件/程序设计语言,,C,23,,,,31,,,,,,,,,,,,,,,,,,,,,,,,,,,,,,,,,,,,,,,,,,,,,,,The read operation timed out,,error:TimeoutError,2026-07-30T10:04:07+00:00
ccf,中国计算机学会推荐国际学术会议和期刊目录（第七版，2026）,第七版中国计算机学会推荐国际学术会议和期刊目录（正式版）.csv,2026,conference,Working IEEE/IFIP Conference on Software Architecture,软件工程/系统软件/程序设计语言,WICSA,,,,IEEE,http://dblp.uni-trier.de/db/conf/wicsa/,软件工程/系统软件/程序设计语言,,C,24,,,,31,,,,,,,,,,,,,,,,,,,,,,,,,,,,,,,,,,,,,,,,,,,,,,,The read operation timed out,,error:TimeoutError,2026-07-30T10:04:34+00:00
ccf,中国计算机学会推荐国际学术会议和期刊目录（第七版，2026）,第七版中国计算机学会推荐国际学术会议和期刊目录（正式版）.csv,2026,conference,Asia-Pacific Symposium on Internetware,软件工程/系统软件/程序设计语言,Internetware,,,,ACM,https://dblp.org/db/conf/internetware/index.html,软件工程/系统软件/程序设计语言,,C,25,,,,31,,,,,,,,,,,,,,,,,,,,,,,,,,,,,,,,,,,,,,,,,,,,,,,,,no_candidate_pages,2026-07-30T10:05:22+00:00
ccf,中国计算机学会推荐国际学术会议和期刊目录（第七版，2026）,第七版中国计算机学会推荐国际学术会议和期刊目录（正式版）.csv,2026,conference,International Conference on Runtime Verification,软件工程/系统软件/程序设计语言,RV,,,,Springer,https://dblp.org/db/conf/rv/index.html,软件工程/系统软件/程序设计语言,,C,26,,,,31,,,,,,,,,,,,,,,,,,,,,,,,,,,,,,,,,,,,,,,,,,,,,,,,,no_candidate_pages,2026-07-30T10:05:27+00:00
ccf,中国计算机学会推荐国际学术会议和期刊目录（第七版，2026）,第七版中国计算机学会推荐国际学术会议和期刊目录（正式版）.csv,2026,conference,International Conference on Formal Methods and Models for Co-Design,软件工程/系统软件/程序设计语言,MEMOCODE,,,,IEEE/ACM,https://dblp.uni-trier.de/db/conf/memocode/index.html,软件工程/系统软件/程序设计语言,,C,27,,,,31,,,,,,,,,,,,,,,,,,,,,,,,,,,,,,,,,,,,,,,,,,,,,,,"The provided pages are about the Leibniz Association's solidarity with Ukraine and general news, containing no informati",low,not_relevant,2026-07-30T10:05:51+00:00
ccf,中国计算机学会推荐国际学术会议和期刊目录（第七版，2026）,第七版中国计算机学会推荐国际学术会议和期刊目录（正式版）.csv,2026,conference,ACM SIGMOD Conference,数据库/数据挖掘/内容检索,SIGMOD,,,,ACM,http://dblp.uni-trier.de/db/conf/sigmod/,数据库/数据挖掘/内容检索,,A,1,,,,35,,,,,,,,,,,,,,,,,,,,,,,,,,,,,,,,,,,,,,,,,,,,,,,,,no_candidate_pages,2026-07-30T10:06:00+00:00
ccf,中国计算机学会推荐国际学术会议和期刊目录（第七版，2026）,第七版中国计算机学会推荐国际学术会议和期刊目录（正式版）.csv,2026,conference,ACM SIGKDD Conference on Knowledge Discovery and Data Mining,数据库/数据挖掘/内容检索,SIGKDD,,,,ACM,http://dblp.uni-trier.de/db/conf/kdd/,数据库/数据挖掘/内容检索,,A,2,,,,35,,,,,,,,,,,,,,,,,,,,,,,,,,,,,,,,,,,,,,,,,,,,,,,,,no_candidate_pages,2026-07-30T10:06:09+00:00
ccf,中国计算机学会推荐国际学术会议和期刊目录（第七版，2026）,第七版中国计算机学会推荐国际学术会议和期刊目录（正式版）.csv,2026,conference,IEEE International Conference on Data Engineering,数据库/数据挖掘/内容检索,ICDE,,,,IEEE,http://dblp.uni-trier.de/db/conf/icde/,数据库/数据挖掘/内容检索,,A,3,,,,35,,,,,,,,,,,,,,,,,,,,,,,,,,,,,,,,,,,,,,,,,,,,,,,,,no_candidate_pages,2026-07-30T10:06:19+00:00
ccf,中国计算机学会推荐国际学术会议和期刊目录（第七版，2026）,第七版中国计算机学会推荐国际学术会议和期刊目录（正式版）.csv,2026,conference,International ACM SIGIR Conference on Research and Development in Information Retrieval,数据库/数据挖掘/内容检索,SIGIR,,,,ACM,http://dblp.uni-trier.de/db/conf/sigir/,数据库/数据挖掘/内容检索,,A,4,,,,35,,,,,,,,,,,,,,,,,,,,,,,,,,,,,,,,,,,,,,,,,,,,,,,,,no_candidate_pages,2026-07-30T10:06:28+00:00
ccf,中国计算机学会推荐国际学术会议和期刊目录（第七版，2026）,第七版中国计算机学会推荐国际学术会议和期刊目录（正式版）.csv,2026,conference,International Conference on Very Large Data Bases,数据库/数据挖掘/内容检索,VLDB,,,,Morgan Kaufmann/ACM,http://dblp.uni-trier.de/db/conf/vldb/,数据库/数据挖掘/内容检索,,A,5,,,,35,,,,,,,,,,,,,,,,,,,,,,,,,,,,,,,,,,,,,,,,,,,,,,,,,no_candidate_pages,2026-07-30T10:06:39+00:00
ccf,中国计算机学会推荐国际学术会议和期刊目录（第七版，2026）,第七版中国计算机学会推荐国际学术会议和期刊目录（正式版）.csv,2026,conference,ACM International Conference on Information and Knowledge Management,数据库/数据挖掘/内容检索,CIKM,,,,ACM,http://dblp.uni-trier.de/db/conf/cikm/,数据库/数据挖掘/内容检索,,B,1,,,,36,,,,,,,,,,,,,,,,,,,,,,,,,,,,,,,,,,,,,,,,,,,,,,,,,no_candidate_pages,2026-07-30T10:06:49+00:00
ccf,中国计算机学会推荐国际学术会议和期刊目录（第七版，2026）,第七版中国计算机学会推荐国际学术会议和期刊目录（正式版）.csv,2026,conference,ACM International Conference on Web Search and Data Mining,数据库/数据挖掘/内容检索,WSDM,,,,ACM,http://dblp.uni-trier.de/db/conf/wsdm/,数据库/数据挖掘/内容检索,,B,2,,,,36,,,,,,,,,,,,,,,,,,,,,,,,,,,,,,,,,,,,,,,,,,,,,,,,,no_candidate_pages,2026-07-30T10:06:55+00:00
ccf,中国计算机学会推荐国际学术会议和期刊目录（第七版，2026）,第七版中国计算机学会推荐国际学术会议和期刊目录（正式版）.csv,2026,conference,ACM SIGMOD-SIGACT-SIGAI Symposium on Principles of Database Systems,数据库/数据挖掘/内容检索,PODS,,,,ACM,http://dblp.uni-trier.de/db/conf/pods/,数据库/数据挖掘/内容检索,,B,3,,,,36,,,,,,,,,,,,,,,,,,,,,,,,,,,,,,,,,,,,,,,,,,,,,,,,,no_candidate_pages,2026-07-30T10:07:01+00:00
ccf,中国计算机学会推荐国际学术会议和期刊目录（第七版，2026）,第七版中国计算机学会推荐国际学术会议和期刊目录（正式版）.csv,2026,conference,International Conference on Database Systems for Advanced Applications,数据库/数据挖掘/内容检索,DASFAA,,,,Springer,http://dblp.uni-trier.de/db/conf/dasfaa/,数据库/数据挖掘/内容检索,,B,4,,,,36,,,,,,,,,,,,,,,,,,,,,,,,,,,,,,,,,,,,,,,,,,,,,,,,,no_candidate_pages,2026-07-30T10:07:08+00:00
ccf,中国计算机学会推荐国际学术会议和期刊目录（第七版，2026）,第七版中国计算机学会推荐国际学术会议和期刊目录（正式版）.csv,2026,conference,European Conference on Machine Learning and Principles and Practice of Knowledge Discovery in Databases,数据库/数据挖掘/内容检索,ECML-PKDD,,,,Springer,http://dblp.uni-trier.de/db/conf/ecml/http://dblp.uni-trier.de/db/conf/pkdd/,数据库/数据挖掘/内容检索,,B,5,,,,36,,,,,,,,,,,,,,,,,,,,,,,,,,,,,,,,,,,,,,,,,,,,,,,,,no_candidate_pages,2026-07-30T10:07:11+00:00
ccf,中国计算机学会推荐国际学术会议和期刊目录（第七版，2026）,第七版中国计算机学会推荐国际学术会议和期刊目录（正式版）.csv,2026,conference,IEEE International Semantic Web Conference,数据库/数据挖掘/内容检索,ISWC,,,,IEEE,http://dblp.uni-trier.de/db/conf/semweb/,数据库/数据挖掘/内容检索,,B,6,,,,36,,,,,,,,,,,,,,,,,,,,,,,,,,,,,,,,,,,,,,,,,,,,,,,The read operation timed out,,error:TimeoutError,2026-07-30T10:07:28+00:00
ccf,中国计算机学会推荐国际学术会议和期刊目录（第七版，2026）,第七版中国计算机学会推荐国际学术会议和期刊目录（正式版）.csv,2026,conference,IEEE International Conference on Data Mining,数据库/数据挖掘/内容检索,ICDM,,,,IEEE,http://dblp.uni-trier.de/db/conf/icdm/,数据库/数据挖掘/内容检索,,B,7,,,,36,,,,,,,,,,,,,,,,,,,,,,,,,,,,,,,,,,,,,,,,,,,,,,,,,no_candidate_pages,2026-07-30T10:07:35+00:00
ccf,中国计算机学会推荐国际学术会议和期刊目录（第七版，2026）,第七版中国计算机学会推荐国际学术会议和期刊目录（正式版）.csv,2026,conference,International Conference on Database Theory,数据库/数据挖掘/内容检索,ICDT,,,,Springer,http://dblp.uni-trier.de/db/conf/icdt/,数据库/数据挖掘/内容检索,,B,8,,,,36,,,,,,,,,,,,,,,,,,,,,,,,,,,,,,,,,,,,,,,,,,,,,,,,,no_candidate_pages,2026-07-30T10:07:41+00:00
ccf,中国计算机学会推荐国际学术会议和期刊目录（第七版，2026）,第七版中国计算机学会推荐国际学术会议和期刊目录（正式版）.csv,2026,conference,International Conference on Extending Database Technology,数据库/数据挖掘/内容检索,EDBT,,,,Springer,http://dblp.uni-trier.de/db/conf/edbt/,数据库/数据挖掘/内容检索,,B,9,,,,36,,,,,,,,,,,,,,,,,,,,,,,,,,,,,,,,,,,,,,,,,,,,,,,,,no_candidate_pages,2026-07-30T10:07:48+00:00
ccf,中国计算机学会推荐国际学术会议和期刊目录（第七版，2026）,第七版中国计算机学会推荐国际学术会议和期刊目录（正式版）.csv,2026,conference,Conference on Innovative Data Systems Research,数据库/数据挖掘/内容检索,CIDR,,,,Online Proceeding,http://dblp.uni-trier.de/db/conf/cidr/,数据库/数据挖掘/内容检索,,B,10,,,,36,,,,,,,,,,,,,,,,,,,,,,,,,,,,,,,,,,,,,,,,,,,,,,,,,no_candidate_pages,2026-07-30T10:07:55+00:00
ccf,中国计算机学会推荐国际学术会议和期刊目录（第七版，2026）,第七版中国计算机学会推荐国际学术会议和期刊目录（正式版）.csv,2026,conference,SIAM International Conference on Data Mining,数据库/数据挖掘/内容检索,SDM,,,,SIAM,http://dblp.uni-trier.de/db/conf/sdm/,数据库/数据挖掘/内容检索,,B,11,,,,36,,,,,,,,,,,,,,,,,,,,,,,,,,,,,,,,,,,,,,,,,,,,,,,The read operation timed out,,error:TimeoutError,2026-07-30T10:08:15+00:00
ccf,中国计算机学会推荐国际学术会议和期刊目录（第七版，2026）,第七版中国计算机学会推荐国际学术会议和期刊目录（正式版）.csv,2026,conference,ACM Conference on Recommender Systems,数据库/数据挖掘/内容检索,RecSys,,,,ACM,https://dblp.org/db/conf/recsys/index.html,数据库/数据挖掘/内容检索,,B,12,,,,36,,,,,,,,,,,,,,,,,,,,,,,,,,,,,,,,,,,,,,,,,,,,,,,The read operation timed out,,error:TimeoutError,2026-07-30T10:08:37+00:00
ccf,中国计算机学会推荐国际学术会议和期刊目录（第七版，2026）,第七版中国计算机学会推荐国际学术会议和期刊目录（正式版）.csv,2026,conference,Web Information Systems Engineering Conference,数据库/数据挖掘/内容检索,WISE,,,,Springer,http://dblp.uni-trier.de/db/conf/wise/,数据库/数据挖掘/内容检索,,B,13,,,,36,,,,,,,,,,,,,,,,,,,,,,,,,,,,,,,,,,,,,,,,,,,,,,,The read operation timed out,,error:TimeoutError,2026-07-30T10:08:58+00:00
ccf,中国计算机学会推荐国际学术会议和期刊目录（第七版，2026）,第七版中国计算机学会推荐国际学术会议和期刊目录（正式版）.csv,2026,conference,Asia Pacific Web Conference,数据库/数据挖掘/内容检索,APWeb,,,,Springer,http://dblp.uni-trier.de/db/conf/apweb/,数据库/数据挖掘/内容检索,,C,1,,,,37,,,,,,,,,,,,,,,,,,,,,,,,,,,,,,,,,,,,,,,,,,,,,,,The read operation timed out,,error:TimeoutError,2026-07-30T10:09:20+00:00
ccf,中国计算机学会推荐国际学术会议和期刊目录（第七版，2026）,第七版中国计算机学会推荐国际学术会议和期刊目录（正式版）.csv,2026,conference,International Conference on Database and Expert System Applications,数据库/数据挖掘/内容检索,DEXA,,,,Springer,http://dblp.uni-trier.de/db/conf/dexa/,数据库/数据挖掘/内容检索,,C,2,,,,37,,,,,,,,,,,,,,,,,,,,,,,,,,,,,,,,,,,,,,,,,,,,,,,The read operation timed out,,error:TimeoutError,2026-07-30T10:09:49+00:00
ccf,中国计算机学会推荐国际学术会议和期刊目录（第七版，2026）,第七版中国计算机学会推荐国际学术会议和期刊目录（正式版）.csv,2026,conference,European Conference on Information Retrieval,数据库/数据挖掘/内容检索,ECIR,,,,Springer,http://dblp.uni-trier.de/db/conf/ecir/,数据库/数据挖掘/内容检索,,C,3,,,,37,,,,,,,,,,,,,,,,,,,,,,,,,,,,,,,,,,,,,,,,,,,,,,,The read operation timed out,,error:TimeoutError,2026-07-30T10:10:09+00:00
ccf,中国计算机学会推荐国际学术会议和期刊目录（第七版，2026）,第七版中国计算机学会推荐国际学术会议和期刊目录（正式版）.csv,2026,conference,Extended Semantic Web Conference,数据库/数据挖掘/内容检索,ESWC,,,,Springer,http://dblp.uni-trier.de/db/conf/esws/,数据库/数据挖掘/内容检索,,C,4,,,,37,,,,,,,,,,,,,,,,,,,,,,,,,,,,,,,,,,,,,,,,,,,,,,,The read operation timed out,,error:TimeoutError,2026-07-30T10:10:29+00:00
ccf,中国计算机学会推荐国际学术会议和期刊目录（第七版，2026）,第七版中国计算机学会推荐国际学术会议和期刊目录（正式版）.csv,2026,conference,International Workshop on Web and Databases,数据库/数据挖掘/内容检索,WebDB,,,,ACM,http://dblp.uni-trier.de/db/conf/webdb/,数据库/数据挖掘/内容检索,,C,5,,,,37,,,,,,,,,,,,,,,,,,,,,,,,,,,,,,,,,,,,,,,,,,,,,,https://link.springer.com/conference/webdb,页面仅显示会议名称、年份、地点和论文数量，无具体征稿范围或主题描述。,low,not_relevant,2026-07-30T10:10:40+00:00
ccf,中国计算机学会推荐国际学术会议和期刊目录（第七版，2026）,第七版中国计算机学会推荐国际学术会议和期刊目录（正式版）.csv,2026,conference,International Conference on Conceptual Modeling,数据库/数据挖掘/内容检索,ER,,,,Springer,http://dblp.uni-trier.de/db/conf/er/,数据库/数据挖掘/内容检索,,C,6,,,,37,,,,,,,,,,,,,,,,,,,,,,,,,,,,,,,,,,,,,,,,,,,,,,,The read operation timed out,,error:TimeoutError,2026-07-30T10:11:00+00:00
ccf,中国计算机学会推荐国际学术会议和期刊目录（第七版，2026）,第七版中国计算机学会推荐国际学术会议和期刊目录（正式版）.csv,2026,conference,International Conference on Mobile Data Management,数据库/数据挖掘/内容检索,MDM,,,,IEEE,http://dblp.uni-trier.de/db/conf/mdm/,数据库/数据挖掘/内容检索,,C,7,,,,37,,,,,,,,,,,,,,,,,,,,,,,,,,,,,,,,,,,,,,,,,,,,,涵盖移动数据管理、移动计算与系统、移动数据机器学习与分析、可穿戴与泛在系统、应用与新兴技术等方向，包括众包、物联网、边缘计算、联邦学习、数字孪生等。；关键词：移动数据管理；移动计算；物联网；边缘计算；联邦学习；时空分析；数字孪生；隐私安全,https://mdm-2026.github.io/callsResearch.html,"Topics of Interest: Mobile Data Management, Mobile Computing and Systems, Machine Learning and Analytics for Mobile Data",high,ok,2026-07-30T10:11:12+00:00
ccf,中国计算机学会推荐国际学术会议和期刊目录（第七版，2026）,第七版中国计算机学会推荐国际学术会议和期刊目录（正式版）.csv,2026,conference,International Conference on Scientific and Statistical Database Management,数据库/数据挖掘/内容检索,SSDBM,,,,IEEE,http://dblp.uni-trier.de/db/conf/ssdbm/,数据库/数据挖掘/内容检索,,C,8,,,,37,,,,,,,,,,,,,,,,,,,,,,,,,,,,,,,,,,,,,,,,,,,,,SSDBM 2026涵盖可扩展科学数据管理全流程，包括科学工作流、数据建模与集成、大数据处理、机器学习与AI、流式实时数据处理及新兴方向（如数字孪生、自主数据系统）。；关键词：科学数据管理；可扩展计算；大数据处理；机器学习；流数据处理；数据集成；FAIR原则；数字孪生,https://ssdbm.org/2026/callpaper.html,"The International Conference on Scalable Scientific Data Management (SSDBM 2026) brings together domain scientists, data",high,ok,2026-07-30T10:11:26+00:00
ccf,中国计算机学会推荐国际学术会议和期刊目录（第七版，2026）,第七版中国计算机学会推荐国际学术会议和期刊目录（正式版）.csv,2026,conference,International Conference on Web Age Information Management,数据库/数据挖掘/内容检索,WAIM,,,,Springer,http://dblp.uni-trier.de/db/conf/waim/,数据库/数据挖掘/内容检索,,C,9,,,,37,,,,,,,,,,,,,,,,,,,,,,,,,,,,,,,,,,,,,,,,,,,,,涵盖Web技术、数据库系统、信息管理、软件工程和大数据，包括高级数据库应用、大数据管理分析、数据挖掘、信息检索、知识管理、语义Web、空间时态数据库、Web安全等。；关键词：Web技术；大数据管理；数据挖掘；信息检索；知识管理；语义Web；数据库系统；Web安全,https://conferences.sigappfr.org/apweb2026/call-for-papers/,Topics of Interest (but not limited to) Advanced database and Web applications...,high,ok,2026-07-30T10:11:37+00:00
ccf,中国计算机学会推荐国际学术会议和期刊目录（第七版，2026）,第七版中国计算机学会推荐国际学术会议和期刊目录（正式版）.csv,2026,conference,International Symposium on Spatial and Temporal Databases,数据库/数据挖掘/内容检索,SSTD,,,,Springer,https://dblp.uni-trier.de/db/conf/ssd/index.html,数据库/数据挖掘/内容检索,,C,10,,,,37,,,,,,,,,,,,,,,,,,,,,,,,,,,,,,,,,,,,,,,,,,,,,,https://link.springer.com/conference/ssd,页面仅列出历年会议地点、日期和论文数量，未提供征稿范围或主题描述。,low,not_relevant,2026-07-30T10:11:50+00:00
ccf,中国计算机学会推荐国际学术会议和期刊目录（第七版，2026）,第七版中国计算机学会推荐国际学术会议和期刊目录（正式版）.csv,2026,conference,Pacific-Asia Conference on Knowledge Discovery and Data Mining,数据库/数据挖掘/内容检索,PAKDD,,,,Springer,http://dblp.uni-trier.de/db/conf/pakdd/,数据库/数据挖掘/内容检索,,C,11,,,,37,,,,,,,,,,,,,,,,,,,,,,,,,,,,,,,,,,,,,,,,,,,,,,,The read operation timed out,,error:TimeoutError,2026-07-30T10:12:09+00:00
ccf,中国计算机学会推荐国际学术会议和期刊目录（第七版，2026）,第七版中国计算机学会推荐国际学术会议和期刊目录（正式版）.csv,2026,conference,International Conference on Advanced Data Mining and Applications,数据库/数据挖掘/内容检索,ADMA,,,,Springer,https://dblp.org/db/conf/adma/index.html,数据库/数据挖掘/内容检索,,C,12,,,,37,,,,,,,,,,,,,,,,,,,,,,,,,,,,,,,,,,,,,,,,,,,,,ADMA2026涵盖数据挖掘理论与技术（如基础算法、图挖掘、深度学习、隐私保护等）以及应用（如智慧交通、金融科技、生物医学、教育、物联网等），并包括大语言模型相关挖掘。；关键词：数据挖掘；深度学习；图挖掘；隐私保护；智慧交通；金融科技；生物医学；大语言模型,https://adma2026.github.io/call_for_research_papers.html,Themes and Topics: Data Mining Theories and Technologies...Data Mining Applications...,high,ok,2026-07-30T10:12:21+00:00
ccf,中国计算机学会推荐国际学术会议和期刊目录（第七版，2026）,第七版中国计算机学会推荐国际学术会议和期刊目录（正式版）.csv,2026,conference,Web Information Systems and Applications,数据库/数据挖掘/内容检索,WISA,,,,Springer,https://dblp.uni-trier.de/db/conf/IEEEwisa/index.html,数据库/数据挖掘/内容检索,,C,13,,,,37,,,,,,,,,,,,,,,,,,,,,,,,,,,,,,,,,,,,,,,,,,,,,,,"The provided pages are about the Leibniz Association's solidarity with Ukraine and general news, not about the conferenc",low,not_relevant,2026-07-30T10:12:27+00:00
ccf,中国计算机学会推荐国际学术会议和期刊目录（第七版，2026）,第七版中国计算机学会推荐国际学术会议和期刊目录（正式版）.csv,2026,conference,ACM Symposium on the Theory of Computing,计算机科学理论,STOC,,,,ACM,http://dblp.uni-trier.de/db/conf/stoc/,计算机科学理论,,A,1,,,,41,,,,,,,,,,,,,,,,,,,,,,,,,,,,,,,,,,,,,,,,,,,,,STOC征稿涵盖理论计算机科学所有核心领域，包括算法与数据结构、计算复杂性、随机性、密码学、量子计算、机器学习理论、计算经济学等，并鼓励拓展理论计算机科学边界的交叉研究。；关键词：算法与数据结构；计算复杂性；密码学；量子计算；机器学习理论；计算经济学；随机性；近似算法；计算几何；计算生物学,https://acm-stoc.org/stoc2026/STOC-2026-CFP.html,Papers presenting new and original research on the theory of computation are sought.,high,ok,2026-07-30T10:12:40+00:00
ccf,中国计算机学会推荐国际学术会议和期刊目录（第七版，2026）,第七版中国计算机学会推荐国际学术会议和期刊目录（正式版）.csv,2026,conference,ACM-SIAM Symposium on Discrete Algorithms,计算机科学理论,SODA,,,,SIAM,http://dblp.uni-trier.de/db/conf/soda/,计算机科学理论,,A,2,,,,41,,,,,,,,,,,,,,,,,,,,,,,,,,,,,,,,,,,,,,,,,,,,,,,The read operation timed out,,error:TimeoutError,2026-07-30T10:12:58+00:00
ccf,中国计算机学会推荐国际学术会议和期刊目录（第七版，2026）,第七版中国计算机学会推荐国际学术会议和期刊目录（正式版）.csv,2026,conference,International Conference on Computer Aided Verification,计算机科学理论,CAV,,,,Springer,http://dblp.uni-trier.de/db/conf/cav/,计算机科学理论,,A,3,,,,41,,,,,,,,,,,,,,,,,,,,,,,,,,,,,,,,,,,,,,,,,,,,,CAV致力于计算机辅助形式化分析方法在硬件与软件系统中的理论与实践的进步，涵盖从理论结果到具体应用的广泛范围，重点在于实用的验证工具及其实现所需的算法和技术，并扩展到机器学习、量子验证、自主系统和计算机安全等新领域。；关键词：形式化验证；模型检测；SAT/SMT；程序验证；硬件验证；并发系统验证；混合系统验证；抽象与组合技术；概率验证；形式化方法安全,http://conferences.i-cav.org/2026/cfp/,CAV 2026 is the 38th in a series dedicated to the advancement of the theory and practice of computer-aided formal analys,high,ok,2026-07-30T10:13:19+00:00
ccf,中国计算机学会推荐国际学术会议和期刊目录（第七版，2026）,第七版中国计算机学会推荐国际学术会议和期刊目录（正式版）.csv,2026,conference,IEEE Annual Symposium on Foundations of Computer Science,计算机科学理论,FOCS,,,,IEEE,http://dblp.uni-trier.de/db/conf/focs/,计算机科学理论,,A,4,,,,41,,,,,,,,,,,,,,,,,,,,,,,,,,,,,,,,,,,,,,,,,,,,,FOCS征稿涵盖理论计算机科学广泛领域，包括算法、复杂性、密码学、量子计算、机器学习理论等，鼓励拓宽计算理论影响或提出重要问题的论文。；关键词：理论计算机科学；算法与数据结构；计算复杂性；密码学；量子计算；机器学习理论,https://sanjeevkhanna.org/FOCS2026_CFP.html,Papers presenting new and original research on theory of computation are sought.,high,ok,2026-07-30T10:13:34+00:00
ccf,中国计算机学会推荐国际学术会议和期刊目录（第七版，2026）,第七版中国计算机学会推荐国际学术会议和期刊目录（正式版）.csv,2026,conference,ACM/IEEE Symposium on Logic in Computer Science,计算机科学理论,LICS,,,,IEEE,http://dblp.uni-trier.de/db/conf/lics/,计算机科学理论,,A,5,,,,41,,,,,,,,,,,,,,,,,,,,,,,,,,,,,,,,,,,,,,,,,,,,,,,The read operation timed out,,error:TimeoutError,2026-07-30T10:14:01+00:00
ccf,中国计算机学会推荐国际学术会议和期刊目录（第七版，2026）,第七版中国计算机学会推荐国际学术会议和期刊目录（正式版）.csv,2026,conference,International Symposium on Computational Geometry,计算机科学理论,SoCG,,,,ACM,https://dblp.uni-trier.de/db/conf/compgeom/index.html,计算机科学理论,,B,1,,,,42,,,,,,,,,,,,,,,,,,,,,,,,,,,,,,,,,,,,,,,,,,,,,,,"The provided pages are about the Leibniz Association's solidarity with Ukraine and general news, containing no informati",low,not_relevant,2026-07-30T10:14:12+00:00
ccf,中国计算机学会推荐国际学术会议和期刊目录（第七版，2026）,第七版中国计算机学会推荐国际学术会议和期刊目录（正式版）.csv,2026,conference,European Symposium on Algorithms,计算机科学理论,ESA,,,,Springer,http://dblp.uni-trier.de/db/conf/esa/,计算机科学理论,,B,2,,,,42,,,,,,,,,,,,,,,,,,,,,,,,,,,,,,,,,,,,,,,,,,,,,,,The read operation timed out,,error:TimeoutError,2026-07-30T10:14:33+00:00
ccf,中国计算机学会推荐国际学术会议和期刊目录（第七版，2026）,第七版中国计算机学会推荐国际学术会议和期刊目录（正式版）.csv,2026,conference,Conference on Computational Complexity,计算机科学理论,CCC,,,,IEEE,http://dblp.uni-trier.de/db/conf/coco/,计算机科学理论,,B,3,,,,42,,,,,,,,,,,,,,,,,,,,,,,,,,,,,,,,,,,,,,,,,,,,,,,The read operation timed out,,error:TimeoutError,2026-07-30T10:14:57+00:00
ccf,中国计算机学会推荐国际学术会议和期刊目录（第七版，2026）,第七版中国计算机学会推荐国际学术会议和期刊目录（正式版）.csv,2026,conference,"International Colloquium on Automata, Languages and Programming",计算机科学理论,ICALP,,,,Springer,http://dblp.uni-trier.de/db/conf/icalp/,计算机科学理论,,B,4,,,,42,,,,,,,,,,,,,,,,,,,,,,,,,,,,,,,,,,,,,,,,,,,,,,,The read operation timed out,,error:TimeoutError,2026-07-30T10:15:22+00:00
ccf,中国计算机学会推荐国际学术会议和期刊目录（第七版，2026）,第七版中国计算机学会推荐国际学术会议和期刊目录（正式版）.csv,2026,conference,Conference on Automated Deduction,计算机科学理论,CADE,,,,Springer,http://dblp.uni-trier.de/db/conf/cade/,计算机科学理论,,B,5,,,,42,,,,,,,,,,,,,,,,,,,,,,,,,,,,,,,,,,,,,,,,,,,,,,https://warwick.ac.uk/fac/sci/wmg/news-and-events/events/wmgevents/cade2026/cfp/,International Conference on AI and the Digital Economy CADE 2026,high,not_relevant,2026-07-30T10:15:37+00:00
ccf,中国计算机学会推荐国际学术会议和期刊目录（第七版，2026）,第七版中国计算机学会推荐国际学术会议和期刊目录（正式版）.csv,2026,conference,International Conference on Concurrency Theory,计算机科学理论,CONCUR,,,,Springer,http://dblp.uni-trier.de/db/conf/concur/,计算机科学理论,,B,6,,,,42,,,,,,,,,,,,,,,,,,,,,,,,,,,,,,,,,,,,,,,,,,,,,并发理论国际会议，涵盖并发系统的基础模型、逻辑、验证分析技术、分布式并行算法与数据结构、理论工具及实证评估。；关键词：并发理论；模型检测；进程代数；Petri网；分布式算法；形式化验证,https://confest-2026.github.io/concur/call-for-papers,"CONCUR solicits high quality papers reporting research results and/or experience related to semantics, logics, verificat",high,ok,2026-07-30T10:15:49+00:00
ccf,中国计算机学会推荐国际学术会议和期刊目录（第七版，2026）,第七版中国计算机学会推荐国际学术会议和期刊目录（正式版）.csv,2026,conference,International Conference on Hybrid Systems: Computation and Control,计算机科学理论,HSCC,,,,Springer/ACM,http://dblp.uni-trier.de/db/conf/hybrid/,计算机科学理论,,B,7,,,,42,,,,,,,,,,,,,,,,,,,,,,,,,,,,,,,,,,,,,,,,,,,,,HSCC 2026涵盖混合系统、信息物理系统（CPS）的理论基础、系统与应用、AI自主性三大方向，包括形式化方法、控制理论、安全验证、学习控制、生成式AI等主题。；关键词：混合系统；信息物理系统；形式化方法；控制理论；安全验证；AI自主性；学习控制；生成式AI,https://hscc.acm.org/2026/call-for-papers/,"Topics of Interest: Foundations Track, Systems/Applications Track, AI Enabled Autonomy Track",high,ok,2026-07-30T10:16:04+00:00
ccf,中国计算机学会推荐国际学术会议和期刊目录（第七版，2026）,第七版中国计算机学会推荐国际学术会议和期刊目录（正式版）.csv,2026,conference,International Conference on Theory and Applications of Satisfiability Testing,计算机科学理论,SAT,,,,Springer,http://dblp.uni-trier.de/db/conf/sat/,计算机科学理论,,B,8,,,,42,,,,,,,,,,,,,,,,,,,,,,,,,,,,,,,,,,,,,,,,,,,,,涵盖命题可满足性理论及应用的所有方面，包括布尔优化、QBF、SMT、模型计数、约束规划等，涉及理论、算法、工具、应用及案例研究。；关键词：命题可满足性；布尔优化；QBF；SMT；模型计数；约束规划；算法；知识编译；应用,https://satisfiability.org/SAT26/pages/cfp.html,Scope SAT is the premier annual meeting for researchers focusing on the theory and applications of propositional satisfi,high,ok,2026-07-30T10:16:21+00:00
ccf,中国计算机学会推荐国际学术会议和期刊目录（第七版，2026）,第七版中国计算机学会推荐国际学术会议和期刊目录（正式版）.csv,2026,conference,International Computing and Combinatorics Conference,计算机科学理论,COCOON,,,,Springer,https://dblp.org/db/conf/cocoon/index.html,计算机科学理论,,B,9,,,,42,,,,,,,,,,,,,,,,,,,,,,,,,,,,,,,,,,,,,,,,,,,,,征稿涵盖算法与数据结构、计算复杂性、组合数学、计算学习理论、密码学、数据库理论、计算生物学、量子计算等理论计算机科学及其应用方向。；关键词：算法；计算复杂性；组合数学；计算学习理论；密码学；数据库理论；计算生物学；量子计算,https://event.ntu.edu.sg/cocoon2026/pages/call-for-papers,"Original research papers in the areas of algorithms, theory of computation, computational complexity, and combinatorics ",high,ok,2026-07-30T10:16:33+00:00
ccf,中国计算机学会推荐国际学术会议和期刊目录（第七版，2026）,第七版中国计算机学会推荐国际学术会议和期刊目录（正式版）.csv,2026,conference,Formal Methods in Computer-Aided Design,计算机科学理论,FMCAD,,,,ACM,http://dblp.uni-trier.de/db/conf/fmcad/,计算机科学理论,,B,10,,,,42,,,,,,,,,,,,,,,,,,,,,,,,,,,,,,,,,,,,,,,,,,,,,FMCAD涵盖硬件与系统验证中形式化方法的理论与应用，包括模型检验、定理证明、等价性检查、抽象与约简、决策过程、综合与编译、形式语义、模型驱动设计、软硬件验证、安全关键系统、网络与分布式系统验证、AI系统形式验证及AI增强形式方法等。；关键词：形式化方法；硬件验证；系统验证；模型检验；定理证明；综合与编译；安全关键系统；AI验证,https://fmcad.org/FMCAD26/cfp/,FMCAD 2026 is the twenty-sixth edition in a series of conferences on the theory and applications of formal methods in ha,high,ok,2026-07-30T10:16:49+00:00
ccf,中国计算机学会推荐国际学术会议和期刊目录（第七版，2026）,第七版中国计算机学会推荐国际学术会议和期刊目录（正式版）.csv,2026,conference,Computer Science Logic,计算机科学理论,CSL,,,,Springer,http://dblp.uni-trier.de/db/conf/csl/,计算机科学理论,,C,1,,,,43,,,,,,,,,,,,,,,,,,,,,,,,,,,,,,,,,,,,,,,,,,,,,,,The read operation timed out,,error:TimeoutError,2026-07-30T10:17:08+00:00
ccf,中国计算机学会推荐国际学术会议和期刊目录（第七版，2026）,第七版中国计算机学会推荐国际学术会议和期刊目录（正式版）.csv,2026,conference,Foundations of Software Technology and Theoretical Computer Science,计算机科学理论,FSTTCS,,,,Indian Association for Research in Computing Science,http://dblp.uni-trier.de/db/conf/fsttcs/,计算机科学理论,,C,2,,,,43,,,,,,,,,,,,,,,,,,,,,,,,,,,,,,,,,,,,,,,,,,,,,FSTTCS涵盖计算机科学理论基础，包括算法、复杂性、计算几何、机器学习、密码学、形式化方法、程序验证、逻辑与自动机等。；关键词：算法；复杂性理论；形式化方法；程序验证；逻辑与自动机；计算几何；机器学习理论；密码学,https://www.fsttcs.org.in/2026/,List of Topics Track A ... Track B,high,ok,2026-07-30T10:18:04+00:00
ccf,中国计算机学会推荐国际学术会议和期刊目录（第七版，2026）,第七版中国计算机学会推荐国际学术会议和期刊目录（正式版）.csv,2026,conference,IEEE International Conference on Data Science and Advanced Analytics,计算机科学理论,DSAA,,,,IEEE,https://dblp.uni-trier.de/db/conf/dsaa/,计算机科学理论,,C,3,,,,43,,,,,,,,,,,,,,,,,,,,,,,,,,,,,,,,,,,,,,,,,,,,,,https://dsaa2026.dsaa.co/calls/special-sessions/,页面仅包含DSAA 2026标题，无具体征稿范围或主题信息,low,not_relevant,2026-07-30T10:18:14+00:00
ccf,中国计算机学会推荐国际学术会议和期刊目录（第七版，2026）,第七版中国计算机学会推荐国际学术会议和期刊目录（正式版）.csv,2026,conference,International Colloquium on Theoretical Aspects of Computing,计算机科学理论,ICTAC,,,,Springer,http://dblp.uni-trier.de/db/conf/ictac/,计算机科学理论,,C,4,,,,43,,,,,,,,,,,,,,,,,,,,,,,,,,,,,,,,,,,,,,,,,,,,,涵盖理论计算机科学所有方面，包括语言与自动机、逻辑、类型论、并发理论、分布式计算、模型检测、定理证明、软件验证与测试、可信AI理论与方法等。；关键词：理论计算机科学；语言与自动机；逻辑；类型论；并发理论；分布式计算；模型检测；定理证明；软件验证；可信AI,https://ictac2026.github.io/cfp/,The conference concerns all aspects of theoretical computer science,high,ok,2026-07-30T10:18:40+00:00
ccf,中国计算机学会推荐国际学术会议和期刊目录（第七版，2026）,第七版中国计算机学会推荐国际学术会议和期刊目录（正式版）.csv,2026,conference,International Conference on Integer Programming and Combinatorial Optimization,计算机科学理论,IPCO,,,,Springer,http://dblp.uni-trier.de/db/conf/ipco/,计算机科学理论,,C,5,,,,43,,,,,,,,,,,,,,,,,,,,,,,,,,,,,,,,,,,,,,,,,,,,,整数规划与组合优化的理论、算法、计算及应用，涵盖算法与结构结果、计算研究及离散优化实际应用。；关键词：整数规划；组合优化；算法；计算研究；离散优化；应用,https://events.math.unipd.it/ipco2026/call-for-papers,"The scope of IPCO is viewed in a broad sense, to include algorithmic and structural results in integer programming and c",high,ok,2026-07-30T10:18:57+00:00
ccf,中国计算机学会推荐国际学术会议和期刊目录（第七版，2026）,第七版中国计算机学会推荐国际学术会议和期刊目录（正式版）.csv,2026,conference,International Conference on Formal Structures for Computation and Deduction,计算机科学理论,FSCD （原 RTA）,,,,Dagstuhl Leibniz LIPIcs,http://dblp.uni-trier.de/db/conf/rta/,计算机科学理论,,C,6,,,,43,,,,,,,,,,,,,,,,,,,,,,,,,,,,,,,,,,,,,,,,,,,,,涵盖形式化计算与演绎的理论基础到应用，包括重写系统、λ演算、类型理论、逻辑、语义、算法分析、工具及应用，并扩展至区块链、深度学习等新兴领域。；关键词：重写系统；λ演算；类型理论；逻辑；语义；算法分析；证明助手；区块链；深度学习,https://fscd2026.github.io/CFP/,"FSCD covers all aspects of formal structures for computation and deduction, from theoretical foundations to applications",high,ok,2026-07-30T10:19:10+00:00
ccf,中国计算机学会推荐国际学术会议和期刊目录（第七版，2026）,第七版中国计算机学会推荐国际学术会议和期刊目录（正式版）.csv,2026,conference,International Symposium on Algorithms and Computation,计算机科学理论,ISAAC,,,,Springer,http://dblp.uni-trier.de/db/conf/isaac/,计算机科学理论,,C,7,,,,43,,,,,,,,,,,,,,,,,,,,,,,,,,,,,,,,,,,,,,,,,,,,,该会议是算法与计算理论领域的国际论坛，涵盖算法设计与分析、计算复杂性、计算几何、密码学、量子计算、图算法、组合优化、流算法等理论与应用方向。；关键词：算法；计算理论；数据结构；计算复杂性；计算几何；密码学；量子计算；图算法；组合优化；流算法,https://www.algo-door.com/isaac2026/call-for-papers.html,The symposium serves as a forum for researchers in algorithms and theory of computation.,high,ok,2026-07-30T10:19:22+00:00
ccf,中国计算机学会推荐国际学术会议和期刊目录（第七版，2026）,第七版中国计算机学会推荐国际学术会议和期刊目录（正式版）.csv,2026,conference,International Conference on Mathematical Foundations of Computer Science,计算机科学理论,MFCS,,,,Springer,http://dblp.uni-trier.de/db/conf/mfcs/,计算机科学理论,,C,8,,,,43,,,,,,,,,,,,,,,,,,,,,,,,,,,,,,,,,,,,,,,,,,,,,MFCS征稿涵盖理论计算机科学所有分支，包括算法、自动机、复杂性、逻辑、语义、密码学、量子计算、机器学习等。；关键词：理论计算机科学；算法与数据结构；自动机与形式语言；计算复杂性；逻辑；密码学；量子计算；机器学习,https://mfcs2026.irif.fr/,The program committee encourages submission of original research papers in all areas of theoretical computer science,high,ok,2026-07-30T10:19:35+00:00
ccf,中国计算机学会推荐国际学术会议和期刊目录（第七版，2026）,第七版中国计算机学会推荐国际学术会议和期刊目录（正式版）.csv,2026,conference,Symposium on Theoretical Aspects of Computer Science,计算机科学理论,STACS,,,,Springer,http://dblp.uni-trier.de/db/conf/stacs/,计算机科学理论,,C,9,,,,43,,,,,,,,,,,,,,,,,,,,,,,,,,,,,,,,,,,,,,,,,,,,,,,The read operation timed out,,error:TimeoutError,2026-07-30T10:19:55+00:00
ccf,中国计算机学会推荐国际学术会议和期刊目录（第七版，2026）,第七版中国计算机学会推荐国际学术会议和期刊目录（正式版）.csv,2026,conference,"International Symposium on Software Engineering: Theories, Tools, and Applications",计算机科学理论,SETTA,,,,Springer,https://dblp.org/db/conf/setta/index.html,计算机科学理论,,C,10,,,,43,,,,,,,,,,,,,,,,,,,,,,,,,,,,,,,,,,,,,,,,,,,,,,,The read operation timed out,,error:TimeoutError,2026-07-30T10:20:15+00:00
ccf,中国计算机学会推荐国际学术会议和期刊目录（第七版，2026）,第七版中国计算机学会推荐国际学术会议和期刊目录（正式版）.csv,2026,conference,ACM International Conference on Multimedia,计算机图形学与多媒体,ACM MM,,,,ACM,http://dblp.uni-trier.de/db/conf/mm/,计算机图形学与多媒体,,A,1,,,,47,,,,,,,,,,,,,,,,,,,,,,,,,,,,,,,,,,,,,,,,,,,,,,,,,no_candidate_pages,2026-07-30T10:20:26+00:00
ccf,中国计算机学会推荐国际学术会议和期刊目录（第七版，2026）,第七版中国计算机学会推荐国际学术会议和期刊目录（正式版）.csv,2026,conference,ACM Special Interest Group on Computer Graphics,计算机图形学与多媒体,SIGGRAPH,,,,ACM,http://dblp.uni-trier.de/db/conf/siggraph/index.html,计算机图形学与多媒体,,A,2,,,,47,,,,,,,,,,,,,,,,,,,,,,,,,,,,,,,,,,,,,,,,,,,,,SIGGRAPH 2026技术论文征稿涵盖计算机图形学与交互技术的广泛领域，包括动画、仿真、成像、几何、建模、渲染、人机交互、AR/VR、触觉、制造、机器人、可视化、音频、光学、编程语言、医学成像、沉浸式体验、生成式AI及机器学习等，并鼓励跨学科应用。；关键词：计算机图形学；交互技术；动画；仿真；AR/VR；生成式AI；机器学习；可视化；人机交互,https://s2026.siggraph.org/technical-papers-submissions-faq/,We are looking for high-quality research papers that cover a broad spectrum of areas including but not limited to animat,high,ok,2026-07-30T10:20:44+00:00
ccf,中国计算机学会推荐国际学术会议和期刊目录（第七版，2026）,第七版中国计算机学会推荐国际学术会议和期刊目录（正式版）.csv,2026,conference,IEEE Conference on Virtual Reality and 3D User Interfaces （原 IEEE Virtual Reality）,计算机图形学与多媒体,VR,,,,IEEE,http://dblp.uni-trier.de/db/conf/vr/,计算机图形学与多媒体,,A,3,,,,47,,,,,,,,,,,,,,,,,,,,,,,,,,,,,,,,,,,,,,,,,,,,,IEEE VR 2026征稿涵盖虚拟现实、增强现实、混合现实及3D用户界面所有领域，包括方法论、技术、应用和系统四类论文，具体主题涉及显示、交互、感知、人因、沉浸式分析、触觉、导航、伦理等。；关键词：虚拟现实；增强现实；混合现实；3D用户界面；人机交互；沉浸式分析；触觉渲染；感知与认知,https://ieeevr.org/2026/contribute/papers/,"IEEE VR 2026 seeks original, high-quality papers in all areas related to virtual reality (VR), including augmented reali",high,ok,2026-07-30T10:21:03+00:00
ccf,中国计算机学会推荐国际学术会议和期刊目录（第七版，2026）,第七版中国计算机学会推荐国际学术会议和期刊目录（正式版）.csv,2026,conference,IEEE Visualization Conference,计算机图形学与多媒体,IEEE VIS,,,,IEEE,http://dblp.uni-trier.de/db/conf/visualization/index.html,计算机图形学与多媒体,,A,4,,,,47,,,,,,,,,,,,,,,,,,,,,,,,,,,,,,,,,,,,,,,,,,,,,IEEE VIS 2026征集可视化领域所有方向的原创研究与应用，涵盖理论与实证、应用、系统与渲染、表示与交互、数据变换、分析与决策六大领域。；关键词：可视化；理论与实证；应用；系统与渲染；表示与交互；数据变换；分析与决策,https://ieeevis.org/year/2026/info/call-participation/call-for-participation/,IEEE VIS 2026 solicits novel research contributions and innovative applications in all areas of visualization.,high,ok,2026-07-30T10:21:18+00:00
ccf,中国计算机学会推荐国际学术会议和期刊目录（第七版，2026）,第七版中国计算机学会推荐国际学术会议和期刊目录（正式版）.csv,2026,conference,ACM SIGMM International Conference on Multimedia Retrieval,计算机图形学与多媒体,ICMR,,,,ACM,http://dblp.uni-trier.de/db/conf/mir/,计算机图形学与多媒体,,B,1,,,,48,,,,,,,,,,,,,,,,,,,,,,,,,,,,,,,,,,,,,,,,,,,,,ACM ICMR 2026征稿涵盖多媒体检索及其相关领域，包括内容分析、深度学习、大规模检索、推荐系统、多模态数据融合、隐私保护、公平性等，并涉及新闻、医疗、体育等应用。；关键词：多媒体检索；深度学习；多模态数据；内容分析；大规模检索；推荐系统；隐私保护；公平性,https://icmr2026.org/calls.html,ACM ICMR 2026 is calling for high-quality original papers addressing innovative research in multimedia retrieval and its,high,ok,2026-07-30T10:21:45+00:00
ccf,中国计算机学会推荐国际学术会议和期刊目录（第七版，2026）,第七版中国计算机学会推荐国际学术会议和期刊目录（正式版）.csv,2026,conference,ACM SIGGRAPH Symposium on Interactive 3D Graphics and Games,计算机图形学与多媒体,I3D,,,,ACM,http://dblp.uni-trier.de/db/conf/si3d/,计算机图形学与多媒体,,B,2,,,,48,,,,,,,,,,,,,,,,,,,,,,,,,,,,,,,,,,,,,,,,,,,,,,,"The provided pages are about the Leibniz Association's solidarity with Ukraine and general news, not related to the ACM",low,not_relevant,2026-07-30T10:22:14+00:00
ccf,中国计算机学会推荐国际学术会议和期刊目录（第七版，2026）,第七版中国计算机学会推荐国际学术会议和期刊目录（正式版）.csv,2026,conference,ACM SIGGRAPH/Eurographics Symposium on Computer Animation,计算机图形学与多媒体,SCA,,,,ACM,http://dblp.uni-trier.de/db/conf/sca/index.html,计算机图形学与多媒体,,B,3,,,,48,,,,,,,,,,,,,,,,,,,,,,,,,,,,,,,,,,,,,,,,,,,,,,,bad_source_domain:ccfcycle.com,low,not_relevant,2026-07-30T10:55:02+00:00
ccf,中国计算机学会推荐国际学术会议和期刊目录（第七版，2026）,第七版中国计算机学会推荐国际学术会议和期刊目录（正式版）.csv,2026,conference,Data Compression Conference,计算机图形学与多媒体,DCC,,,,IEEE,http://dblp.uni-trier.de/db/conf/dcc/,计算机图形学与多媒体,,B,4,,,,48,,,,,,,,,,,,,,,,,,,,,,,,,,,,,,,,,,,,,,,,,,,,,数据压缩会议涵盖数据压缩理论与应用，包括图像、视频、音频、文本、生物信息等领域的压缩算法、系统与实现，以及机器学习在压缩中的应用。；关键词：数据压缩；图像压缩；视频压缩；音频压缩；文本压缩；生物信息压缩；压缩算法；机器学习压缩,https://sites.google.com/view/dcc26/submission-info,"Proposals for half-day workshops on advanced topics related to design theory, design computing, design...",medium,ok,2026-07-30T10:22:39+00:00
ccf,中国计算机学会推荐国际学术会议和期刊目录（第七版，2026）,第七版中国计算机学会推荐国际学术会议和期刊目录（正式版）.csv,2026,conference,Annual Conference of the European Association for Computer Graphics,计算机图形学与多媒体,Eurographics,,,,Wiley/Blackwell,http://dblp.uni-trier.de/db/conf/eurographics/,计算机图形学与多媒体,,B,5,,,,48,,,,,,,,,,,,,,,,,,,,,,,,,,,,,,,,,,,,,,,,,,,,,,,The read operation timed out,,error:TimeoutError,2026-07-30T10:23:03+00:00
ccf,中国计算机学会推荐国际学术会议和期刊目录（第七版，2026）,第七版中国计算机学会推荐国际学术会议和期刊目录（正式版）.csv,2026,conference,Eurographics Conference on Visualization,计算机图形学与多媒体,EuroVis,,,,ACM,http://dblp.uni-trier.de/db/conf/vissym/,计算机图形学与多媒体,,B,6,,,,48,,,,,,,,,,,,,,,,,,,,,,,,,,,,,,,,,,,,,,,,,,,,,,,The read operation timed out,,error:TimeoutError,2026-07-30T10:23:32+00:00
ccf,中国计算机学会推荐国际学术会议和期刊目录（第七版，2026）,第七版中国计算机学会推荐国际学术会议和期刊目录（正式版）.csv,2026,conference,Eurographics Symposium on Geometry Processing,计算机图形学与多媒体,SGP,,,,Wiley/Blackwell,http://dblp.uni-trier.de/db/conf/sgp/,计算机图形学与多媒体,,B,7,,,,48,,,,,,,,,,,,,,,,,,,,,,,,,,,,,,,,,,,,,,,,,,,,,,,The read operation timed out,,error:TimeoutError,2026-07-30T10:23:52+00:00
ccf,中国计算机学会推荐国际学术会议和期刊目录（第七版，2026）,第七版中国计算机学会推荐国际学术会议和期刊目录（正式版）.csv,2026,conference,Eurographics Symposium on Rendering,计算机图形学与多媒体,EGSR,,,,Wiley/Blackwell,http://dblp.uni-trier.de/db/conf/rt/,计算机图形学与多媒体,,B,8,,,,48,,,,,,,,,,,,,,,,,,,,,,,,,,,,,,,,,,,,,,,,,,,,,EGSR 2026征稿涵盖渲染与图像合成的前沿研究，包括物理渲染、实时渲染、神经渲染、计算摄影、材质建模、AR/VR渲染等，设有研究轨和行业/立场论文轨。；关键词：渲染；图像合成；物理渲染；实时渲染；神经渲染；计算摄影；材质建模；AR/VR,https://egsr2026.inria.fr/call-for-papers/,"We invite original contributions that advance the state-of-the-art in topics related, but not limited, to:",high,ok,2026-07-30T10:24:14+00:00
ccf,中国计算机学会推荐国际学术会议和期刊目录（第七版，2026）,第七版中国计算机学会推荐国际学术会议和期刊目录（正式版）.csv,2026,conference,"IEEE International Conference on Acoustics, Speech and Signal Processing",计算机图形学与多媒体,ICASSP,,,,IEEE,http://dblp.uni-trier.de/db/conf/icassp/,计算机图形学与多媒体,,B,9,,,,48,,,,,,,,,,,,,,,,,,,,,,,,,,,,,,,,,,,,,,,,,,,,,涵盖声学、语音、信号处理理论、机器学习、多媒体、图像视频、通信、生物医学、安全、物联网、量子信号处理等广泛领域。；关键词：信号处理；声学；语音处理；机器学习；多媒体；图像处理；通信；生物医学成像；信息安全；物联网,https://2026.ieeeicassp.org/call-for-papers/,"We invite submissions of original, unpublished technical papers on topics including but not limited to:",high,ok,2026-07-30T10:24:28+00:00
ccf,中国计算机学会推荐国际学术会议和期刊目录（第七版，2026）,第七版中国计算机学会推荐国际学术会议和期刊目录（正式版）.csv,2026,conference,IEEE International Conference on Multimedia & Expo,计算机图形学与多媒体,ICME,,,,IEEE,http://dblp.uni-trier.de/db/conf/icmcs/,计算机图形学与多媒体,,B,10,,,,48,,,,,,,,,,,,,,,,,,,,,,,,,,,,,,,,,,,,,,,,,,,,,ICME 2026征稿涵盖多媒体技术、系统与应用的最新进展，包括3D多媒体、AR/VR、沉浸式媒体、多媒体分析与理解、通信、新兴应用等方向，并设有行业/应用轨道、特别会议、研讨会、竞赛等。；关键词：多媒体；3D多媒体；AR/VR；沉浸式媒体；多媒体分析与理解；多媒体通信；新兴应用；行业应用,https://2026.ieeeicme.org/category/calls/,"ICME serves as a premier forum to promote the exchange of the latest advances in multimedia technologies, systems and ap",high,ok,2026-07-30T10:24:43+00:00
ccf,中国计算机学会推荐国际学术会议和期刊目录（第七版，2026）,第七版中国计算机学会推荐国际学术会议和期刊目录（正式版）.csv,2026,conference,International Symposium on Mixed and Augmented Reality,计算机图形学与多媒体,ISMAR,,,,IEEE/ACM,http://dblp.uni-trier.de/db/conf/ismar/,计算机图形学与多媒体,,B,11,,,,48,,,,,,,,,,,,,,,,,,,,,,,,,,,,,,,,,,,,,,,,,,,,,,https://www-leibniz--gemeinschaft-de.translate.goog/en/about-us/whats-new/news/forschungsnachrichten-single/newsdetails/solidaritaet-mit-der-ukraine?_x_tr_sl=en&_x_tr_tl=uk,Solidarity with Ukraine,low,not_relevant,2026-07-30T10:24:55+00:00
ccf,中国计算机学会推荐国际学术会议和期刊目录（第七版，2026）,第七版中国计算机学会推荐国际学术会议和期刊目录（正式版）.csv,2026,conference,Pacific Conference onComputer Graphics and Applications,计算机图形学与多媒体,PG,,,,Wiley/Blackwell,http://dblp.uni-trier.de/db/conf/pg/index.html,计算机图形学与多媒体,,B,12,,,,48,,,,,,,,,,,,,,,,,,,,,,,,,,,,,,,,,,,,,,,,,,,,,,,"The provided pages are about the Leibniz Association's solidarity with Ukraine and general news, not about the Pacific C",low,not_relevant,2026-07-30T10:25:02+00:00
ccf,中国计算机学会推荐国际学术会议和期刊目录（第七版，2026）,第七版中国计算机学会推荐国际学术会议和期刊目录（正式版）.csv,2026,conference,Symposium on Solid and Physical Modeling,计算机图形学与多媒体,SPM,,,,SMA/Elsevier,http://dblp.uni-trier.de/db/conf/sma/,计算机图形学与多媒体,,B,13,,,,48,,,,,,,,,,,,,,,,,,,,,,,,,,,,,,,,,,,,,,,,,,,,,SPM 2026征稿涵盖实体与物理建模的几何算法、计算制造、逆向工程、形状分析等主题，录用论文将发表于Computer-Aided Design期刊。；关键词：实体建模；物理建模；几何算法；计算制造；逆向工程；形状分析；网格生成；等几何分析,https://spmconf2026.github.io/cfp.html,"Scope Topics of interest include, but are not limited to: 3D fabrication/printing/manufacturing technologies...",high,ok,2026-07-30T10:25:17+00:00
ccf,中国计算机学会推荐国际学术会议和期刊目录（第七版，2026）,第七版中国计算机学会推荐国际学术会议和期刊目录（正式版）.csv,2026,conference,Conference of the International Speech Communication Association,计算机图形学与多媒体,INTER-SPEECH,,,,ISCA,http://dblp.uni-trier.de/db/conf/interspeech/index.html,计算机图形学与多媒体,,B,14,,,,48,,,,,,,,,,,,,,,,,,,,,,,,,,,,,,,,,,,,,,,,,,,,,,,The read operation timed out,,error:TimeoutError,2026-07-30T10:25:46+00:00
ccf,中国计算机学会推荐国际学术会议和期刊目录（第七版，2026）,第七版中国计算机学会推荐国际学术会议和期刊目录（正式版）.csv,2026,conference,ACM Symposium on Virtual Reality Software and Technology,计算机图形学与多媒体,VRST,,,,ACM,http://dblp2.uni-trier.de/db/conf/vrst/,计算机图形学与多媒体,,C,1,,,,49,,,,,,,,,,,,,,,,,,,,,,,,,,,,,,,,,,,,,,,,,,,,,,,,,no_candidate_pages,2026-07-30T10:25:56+00:00
ccf,中国计算机学会推荐国际学术会议和期刊目录（第七版，2026）,第七版中国计算机学会推荐国际学术会议和期刊目录（正式版）.csv,2026,conference,"International Conference on Computer Animation, Social Agents, and Extended Reality （原 International Conference on Computer Animation and Social Agents）",计算机图形学与多媒体,CASAXR （原 CASA）,,,,Wiley,http://dblp.uni-trier.de/db/conf/ca/,计算机图形学与多媒体,,C,2,,,,49,,,,,,,,,,,,,,,,,,,,,,,,,,,,,,,,,,,,,,,,,,,,,,,,,no_candidate_pages,2026-07-30T10:26:10+00:00
ccf,中国计算机学会推荐国际学术会议和期刊目录（第七版，2026）,第七版中国计算机学会推荐国际学术会议和期刊目录（正式版）.csv,2026,conference,Computer Graphics International,计算机图形学与多媒体,CGI,,,,Springer,http://dblp.uni-trier.de/db/conf/cgi/,计算机图形学与多媒体,,C,3,,,,49,,,,,,,,,,,,,,,,,,,,,,,,,,,,,,,,,,,,,,,,,,,,,,,,,no_candidate_pages,2026-07-30T10:26:23+00:00
ccf,中国计算机学会推荐国际学术会议和期刊目录（第七版，2026）,第七版中国计算机学会推荐国际学术会议和期刊目录（正式版）.csv,2026,conference,Geometric Modeling and Processing,计算机图形学与多媒体,GMP,,,,Elsevier,http://dblp.uni-trier.de/db/conf/gmp/,计算机图形学与多媒体,,C,4,,,,49,,,,,,,,,,,,,,,,,,,,,,,,,,,,,,,,,,,,,,,,,,,,,,,,,no_candidate_pages,2026-07-30T10:26:32+00:00
ccf,中国计算机学会推荐国际学术会议和期刊目录（第七版，2026）,第七版中国计算机学会推荐国际学术会议和期刊目录（正式版）.csv,2026,conference,IEEE Pacific Visualization Symposium,计算机图形学与多媒体,PacificVis,,,,IEEE,http://dblp.uni-trier.de/db/conf/apvis/,计算机图形学与多媒体,,C,5,,,,49,,,,,,,,,,,,,,,,,,,,,,,,,,,,,,,,,,,,,,,,,,,,,IEEE PacificVis 2026征集所有可视化领域的创新研究与应用，涵盖可视化技术、交互、分析、理论、实证研究及在生物、教育、机器学习、物理、安全、社会科学等领域的应用。；关键词：可视化技术；交互；分析；理论贡献；实证研究；应用；生物科学；机器学习；物理科学；安全；社会科学,https://pacificvis2026.github.io/common-call-for-papers.html,IEEE PacificVis 2026 solicits novel research contributions and innovative applications in all areas of visualization.,high,ok,2026-07-30T10:26:49+00:00
ccf,中国计算机学会推荐国际学术会议和期刊目录（第七版，2026）,第七版中国计算机学会推荐国际学术会议和期刊目录（正式版）.csv,2026,conference,International Conference on 3D Vision,计算机图形学与多媒体,3DV,,,,IEEE,https://dblp.uni-trier.de/db/conf/3dim/,计算机图形学与多媒体,,C,6,,,,49,,,,,,,,,,,,,,,,,,,,,,,,,,,,,,,,,,,,,,,,,,,,,涵盖3D计算机视觉与图形学，包括新型光学传感器、信号处理、几何建模、重建、可视化、分析、渲染、交互及应用。；关键词：3D计算机视觉；图形学；几何建模；重建；渲染；交互；传感器；分析,https://3dvconf.github.io/2026/call-for-papers/,"Topics of interest include, but are not limited to: ACQUISITION ... MODELLING ... ANALYSIS ... RENDERING AND INTERACTION",high,ok,2026-07-30T10:27:07+00:00
ccf,中国计算机学会推荐国际学术会议和期刊目录（第七版，2026）,第七版中国计算机学会推荐国际学术会议和期刊目录（正式版）.csv,2026,conference,International Conference on Computer-Aided Design and Computer Graphics Processing,计算机图形学与多媒体,CAD/Graphics,,,,IEEE,https://dblp.uni-trier.de/db/conf/cadgraphics/,计算机图形学与多媒体,,C,7,,,,49,,,,,,,,,,,,,,,,,,,,,,,,,,,,,,,,,,,,,,,,,,,,,,,The read operation timed out,,error:TimeoutError,2026-07-30T10:27:29+00:00
ccf,中国计算机学会推荐国际学术会议和期刊目录（第七版，2026）,第七版中国计算机学会推荐国际学术会议和期刊目录（正式版）.csv,2026,conference,IEEE International Conference on Image Processing,计算机图形学与多媒体,ICIP,,,,IEEE,http://dblp.uni-trier.de/db/conf/icip/,计算机图形学与多媒体,,C,8,,,,49,,,,,,,,,,,,,,,,,,,,,,,,,,,,,,,,,,,,,,,,,,,,,,,The read operation timed out,,error:TimeoutError,2026-07-30T10:27:45+00:00
ccf,中国计算机学会推荐国际学术会议和期刊目录（第七版，2026）,第七版中国计算机学会推荐国际学术会议和期刊目录（正式版）.csv,2026,conference,International Conference on Multimedia Modeling,计算机图形学与多媒体,MMM,,,,Springer,http://dblp.uni-trier.de/db/conf/mmm/index.html,计算机图形学与多媒体,,C,9,,,,49,,,,,,,,,,,,,,,,,,,,,,,,,,,,,,,,,,,,,,,,,,,,,,https://magnetism.org/2026/authors/call-for-papers,该页面是关于磁学会议MMM 2026的征稿，与多媒体建模无关,high,not_relevant,2026-07-30T10:27:55+00:00
ccf,中国计算机学会推荐国际学术会议和期刊目录（第七版，2026）,第七版中国计算机学会推荐国际学术会议和期刊目录（正式版）.csv,2026,conference,ACM Multimedia Asia,计算机图形学与多媒体,MMAsia,,,,ACM,https://dblp.uni-trier.de/db/conf/mmasia/index.html,计算机图形学与多媒体,,C,10,,,,49,,,,,,,,,,,,,,,,,,,,,,,,,,,,,,,,,,,,,,,,,,,,,,,The read operation timed out,,error:TimeoutError,2026-07-30T10:28:11+00:00
ccf,中国计算机学会推荐国际学术会议和期刊目录（第七版，2026）,第七版中国计算机学会推荐国际学术会议和期刊目录（正式版）.csv,2026,conference,Shape Modeling International,计算机图形学与多媒体,SMI,,,,IEEE,http://dblp.uni-trier.de/db/conf/smi/,计算机图形学与多媒体,,C,11,,,,49,,,,,,,,,,,,,,,,,,,,,,,,,,,,,,,,,,,,,,,,,,,,,SMI 2026征稿涵盖形状建模的数学理论、计算技术及应用，包括三维重建、几何深度学习、数字孪生、形状分析与合成、交互建模、数字制造等广泛主题。；关键词：形状建模；三维重建；几何深度学习；数字孪生；形状分析；交互建模；数字制造；计算拓扑,https://smiconf.github.io/2026/#cfp,Papers presenting original research are sought in all areas of shape modeling and its applications.,high,ok,2026-07-30T10:28:31+00:00
ccf,中国计算机学会推荐国际学术会议和期刊目录（第七版，2026）,第七版中国计算机学会推荐国际学术会议和期刊目录（正式版）.csv,2026,conference,Computational Visual Media,计算机图形学与多媒体,CVM,,,,Tsinghua University,https://dblp.org/db/conf/cvm/index.html,计算机图形学与多媒体,,C,12,,,,49,,,,,,,,,,,,,,,,,,,,,,,,,,,,,,,,,,,,,,,,,,,,,,,,,no_candidate_pages,2026-07-30T10:28:41+00:00
ccf,中国计算机学会推荐国际学术会议和期刊目录（第七版，2026）,第七版中国计算机学会推荐国际学术会议和期刊目录（正式版）.csv,2026,conference,Chinese Conference on Pattern Recognition and Computer Vision,计算机图形学与多媒体,PRCV,,,,Springer,https://dblp.org/db/conf/prcv/index.html,计算机图形学与多媒体,,C,13,,,,49,,,,,,,,,,,,,,,,,,,,,,,,,,,,,,,,,,,,,,,,,,,,,模式识别与计算机视觉领域的顶级学术会议，涵盖模式识别、计算机视觉、机器学习等相关方向，接收高质量英文论文，由Springer出版并EI/ISTP检索。；关键词：模式识别；计算机视觉；机器学习；图像处理；人工智能,https://www.caai.cn/site/content/8062.html,PRCV is a premier academic event in pattern recognition and computer vision in China,high,ok,2026-07-30T10:28:58+00:00
ccf,中国计算机学会推荐国际学术会议和期刊目录（第七版，2026）,第七版中国计算机学会推荐国际学术会议和期刊目录（正式版）.csv,2026,conference,International Conference on Image and Graphics,计算机图形学与多媒体,ICIG,,,,Springer,https://dblp.uni-trier.de/db/conf/icig/index.html,计算机图形学与多媒体,,C,14,,,,50,,,,,,,,,,,,,,,,,,,,,,,,,,,,,,,,,,,,,,,,,,,,,涵盖图像与图形处理、计算机视觉、模式识别、虚拟现实、人工智能、多媒体安全等方向，接收10-12页英文原创论文，经双盲评审后由Springer LNCS出版（EI索引），并被列为CCF-C类会议。；关键词：图像处理；计算机视觉；模式识别；计算机图形学；虚拟现实；人工智能；多媒体安全,https://icig.csig.org.cn/2026/10827/list.html,"Topics include, but are not limited to: Color and Multispectral Processing...",high,ok,2026-07-30T10:29:13+00:00
ccf,中国计算机学会推荐国际学术会议和期刊目录（第七版，2026）,第七版中国计算机学会推荐国际学术会议和期刊目录（正式版）.csv,2026,conference,National Conference on Man-Machine Speech Communication,计算机图形学与多媒体,NCMMSC,,,,CCF/中国中文信息学会,https://dblp.uni-trier.de/search?q=NCMMSC,计算机图形学与多媒体,,C,15,,,,50,,,,,,,,,,,,,,,,,,,,,,,,,,,,,,,,,,,,,,,,,,,,,,,The read operation timed out,,error:TimeoutError,2026-07-30T10:29:27+00:00
ccf,中国计算机学会推荐国际学术会议和期刊目录（第七版，2026）,第七版中国计算机学会推荐国际学术会议和期刊目录（正式版）.csv,2026,conference,Automatic Speech Recognition and Understanding Workshop,计算机图形学与多媒体,ASRU,,,,IEEE SLTC,https://dblp.uni-trier.de/db/conf/asru/index.html,计算机图形学与多媒体,,C,16,,,,50,,,,,,,,,,,,,,,,,,,,,,,,,,,,,,,,,,,,,,,,,,,,,,https://resourcecenter.iot.ieee.org/workshops/asru,"Page is IEEE Resource Center for IoT, not conference scope",low,not_relevant,2026-07-30T10:56:40+00:00
ccf,中国计算机学会推荐国际学术会议和期刊目录（第七版，2026）,第七版中国计算机学会推荐国际学术会议和期刊目录（正式版）.csv,2026,conference,Spoken Language Technology,计算机图形学与多媒体,SLT,,,,IEEE SLTC,https://dblp.uni-trier.de/db/conf/slt/index.html,计算机图形学与多媒体,,C,17,,,,50,,,,,,,,,,,,,,,,,,,,,,,,,,,,,,,,,,,,,,,,,,,,,涵盖语音语言处理所有领域，包括自动语音识别、说话人识别、语音合成、口语理解、对话系统、多模态处理、大语言模型、语音基础模型、自监督学习，以及语音技术在医疗、隐私保护、公平性、深度伪造检测等社会福祉方向的应用。；关键词：自动语音识别；说话人识别；语音合成；口语理解；对话系统；多模态语音处理；大语言模型；语音基础模型；自监督学习；隐私保护语音处理；深度伪造检测；语音技术医疗应用,https://attend.ieee.org/slt-2026/call-for-papers/,"We are calling for submissions in all areas of spoken language processing, particularly focusing on the following topics",high,ok,2026-07-30T10:29:51+00:00
ccf,中国计算机学会推荐国际学术会议和期刊目录（第七版，2026）,第七版中国计算机学会推荐国际学术会议和期刊目录（正式版）.csv,2026,conference,AAAI Conference on Artificial Intelligence,人工智能,AAAI,,,,AAAI,http://dblp.uni-trier.de/db/conf/aaai/,人工智能,,A,1,,,,57,,,,,,,,,,,,,,,,,,,,,,,,,,,,,,,,,,,,,,,,,,,,,,,,,no_candidate_pages,2026-07-30T10:30:01+00:00
ccf,中国计算机学会推荐国际学术会议和期刊目录（第七版，2026）,第七版中国计算机学会推荐国际学术会议和期刊目录（正式版）.csv,2026,conference,Conference on Neural Information Processing Systems,人工智能,NeurIPS,,,,MIT Press,http://dblp.uni-trier.de/db/conf/nips/,人工智能,,A,2,,,,57,,,,,,,,,,,,,,,,,,,,,,,,,,,,,,,,,,,,,,,,,,,,,涵盖深度学习、生成式AI、核心机器学习、神经科学、统计学、优化、计算机视觉、自然语言处理、生命科学、自然科学、社会科学等跨学科领域，并欢迎新兴交叉方向。；关键词：深度学习；生成式AI；核心机器学习；计算机视觉；自然语言处理；神经科学；强化学习；优化；AI for Science,https://neurips.cc/Conferences/2026/CallForPapers,"brings together researchers in deep learning, generative AI, core machine learning, neuroscience, statistics, optimizati",high,ok,2026-07-30T10:30:18+00:00
ccf,中国计算机学会推荐国际学术会议和期刊目录（第七版，2026）,第七版中国计算机学会推荐国际学术会议和期刊目录（正式版）.csv,2026,conference,Annual Meeting of the Association for Computational Linguistics,人工智能,ACL,,,,ACL,http://dblp.uni-trier.de/db/conf/acl/,人工智能,,A,3,,,,57,superseded: ACL 2026 Industry Track，不是主轨研究论文范围。,,,,,,,,,,,,,,,,,,,,,,,,,,,,,,,,,,,,,,,,,,,,ACL 2026工业轨道征稿，涵盖语音和自然语言处理技术在真实世界应用中的创新与实现，包括系统设计、效率、可扩展性、新型应用、部署方法等，强调实际部署、新兴系统或可操作洞察。；关键词：自然语言处理；语音技术；工业应用；系统部署；大规模语言模型；真实世界系统,https://2026.aclweb.org/calls/industry_track/,已废止自动候选：ACL 2026 Industry Track，不是主轨研究论文范围。 We invite submissions describing innovations and implementations in all areas of speech and natural language processing,low,superseded,2026-07-30T10:30:32+00:00
ccf,中国计算机学会推荐国际学术会议和期刊目录（第七版，2026）,第七版中国计算机学会推荐国际学术会议和期刊目录（正式版）.csv,2026,conference,IEEE/CVF Computer Vision and Pattern Recognition Conference,人工智能,CVPR,,,,IEEE,http://dblp.uni-trier.de/db/conf/cvpr/,人工智能,,A,4,,,,57,,,,,,,,,,,,,,,,,,,,,,,,,,,,,,,,,,,,,,,,,,,,,,,,,no_candidate_pages,2026-07-30T10:30:43+00:00
ccf,中国计算机学会推荐国际学术会议和期刊目录（第七版，2026）,第七版中国计算机学会推荐国际学术会议和期刊目录（正式版）.csv,2026,conference,International Conference on Computer Vision,人工智能,ICCV,,,,IEEE,http://dblp.uni-trier.de/db/conf/iccv/,人工智能,,A,5,,,,57,,,,,,,,,,,,,,,,,,,,,,,,,,,,,,,,,,,,,,,,,,,,,,https://conferenceinc.net/post/iccv-2026/,"The page describes a conference organized by World Academy of Science, Engineering and Technology, not the official IEEE",low,not_relevant,2026-07-30T10:30:59+00:00
ccf,中国计算机学会推荐国际学术会议和期刊目录（第七版，2026）,第七版中国计算机学会推荐国际学术会议和期刊目录（正式版）.csv,2026,conference,International Conference on Machine Learning,人工智能,ICML,,,,ACM,http://dblp.uni-trier.de/db/conf/icml/,人工智能,,A,6,,,,57,,,,,,,,,,,,,,,,,,,,,,,,,,,,,,,,,,,,,,,,,,,,,涵盖机器学习所有主要方向，包括通用机器学习、深度学习、评估方法、理论、系统、优化、概率方法、强化学习、可信机器学习及应用驱动研究。；关键词：general machine learning；deep learning；reinforcement learning；trustworthy machine learning；optimization；probabilistic methods；machine learning systems；application-driven machine learning,https://icml.cc/Conferences/2026/CallForPapers,"Topics of interest include (but are not limited to): general machine learning, deep learning, evaluation, theory, system",high,ok,2026-07-30T10:31:19+00:00
ccf,中国计算机学会推荐国际学术会议和期刊目录（第七版，2026）,第七版中国计算机学会推荐国际学术会议和期刊目录（正式版）.csv,2026,conference,International Conference on Learning Representations,人工智能,ICLR,,,,OpenReview,https://dblp.uni-trier.de/db/conf/iclr/index.html,人工智能,,A,7,,,,57,,,,,,,,,,,,,,,,,,,,,,,,,,,,,,,,,,,,,,,,,,,,,,,The read operation timed out,,error:TimeoutError,2026-07-30T10:32:42+00:00
ccf,中国计算机学会推荐国际学术会议和期刊目录（第七版，2026）,第七版中国计算机学会推荐国际学术会议和期刊目录（正式版）.csv,2026,conference,Annual Conference on Computational Learning Theory,人工智能,COLT,,,,Springer,http://dblp.uni-trier.de/db/conf/colt/,人工智能,,B,1,,,,58,,,,,,,,,,,,,,,,,,,,,,,,,,,,,,,,,,,,,,,,,,,,,COLT 2026征稿涵盖学习理论的理论方面，包括学习算法设计与分析、统计与计算复杂度、优化方法、神经网络理论、监督/无监督/强化学习、在线学习、因果推断、隐私公平等系统约束下的学习，以及量子学习理论等。；关键词：学习理论；机器学习理论；算法设计；统计复杂度；强化学习；在线学习；神经网络理论；因果推断,https://learningtheory.org/colt2026/cfp.html,We invite submissions of papers addressing theoretical aspects of machine learning,high,ok,2026-07-30T10:33:00+00:00
ccf,中国计算机学会推荐国际学术会议和期刊目录（第七版，2026）,第七版中国计算机学会推荐国际学术会议和期刊目录（正式版）.csv,2026,conference,Conference on Empirical Methods in Natural Language Processing,人工智能,EMNLP,,,,ACL,http://dblp.uni-trier.de/db/conf/emnlp/,人工智能,,B,2,,,,58,,,,,,,,,,,,,,,,,,,,,,,,,,,,,,,,,,,,,,,,,,,,,,,The read operation timed out,,error:TimeoutError,2026-07-30T10:33:19+00:00
ccf,中国计算机学会推荐国际学术会议和期刊目录（第七版，2026）,第七版中国计算机学会推荐国际学术会议和期刊目录（正式版）.csv,2026,conference,European Conference on Artificial Intelligence,人工智能,ECAI,,,,IOS Press,http://dblp.uni-trier.de/db/conf/ecai/,人工智能,,B,3,,,,58,,,,,,,,,,,,,,,,,,,,,,,,,,,,,,,,,,,,,,,,,,,,,征稿涵盖人工智能所有领域，包括新颖AI研究问题、AI技术在新应用领域中的应用以及AI跨学科研究。特别鼓励跨学科边界论文。；关键词：人工智能；AI研究问题；AI技术应用；跨学科AI；机器学习；知识表示；自然语言处理；计算机视觉；机器人学,https://2026.ijcai.org/ijcai-ecai-2026-call-for-papers-main-track/,"Submissions to the main track of IJCAI-ECAI 2026 should report significant, original, and previously unpublished results",high,ok,2026-07-30T10:33:33+00:00
ccf,中国计算机学会推荐国际学术会议和期刊目录（第七版，2026）,第七版中国计算机学会推荐国际学术会议和期刊目录（正式版）.csv,2026,conference,European Conference on Computer Vision,人工智能,ECCV,,,,Springer,http://dblp.uni-trier.de/db/conf/eccv/,人工智能,,B,4,,,,58,,,,,,,,,,,,,,,,,,,,,,,,,,,,,,,,,,,,,,,,,,,,,,,The read operation timed out,,error:TimeoutError,2026-07-30T10:33:53+00:00
ccf,中国计算机学会推荐国际学术会议和期刊目录（第七版，2026）,第七版中国计算机学会推荐国际学术会议和期刊目录（正式版）.csv,2026,conference,IEEE International Conference on Robotics and Automation,人工智能,ICRA,,,,IEEE,http://dblp.uni-trier.de/db/conf/icra/,人工智能,,B,5,,,,58,,,,,,,,,,,,,,,,,,,,,,,,,,,,,,,,,,,,,,,,,,,,,涵盖机器人学与自动化领域的当前与未来进展，包括新问题、新领域、新兴经济体中的机器人技术以及机器人学基础教程。；关键词：机器人学；自动化；新兴技术；机器人基础；新领域,https://2026.ieee-icra.org/contribute/,share ideas and advances in Robotics and Automation,high,ok,2026-07-30T10:34:04+00:00
ccf,中国计算机学会推荐国际学术会议和期刊目录（第七版，2026）,第七版中国计算机学会推荐国际学术会议和期刊目录（正式版）.csv,2026,conference,International Conference on Automated Planning and Scheduling,人工智能,ICAPS,,,,AAAI,https://dblp.uni-trier.de/db/conf/icaps/index.html,人工智能,,B,6,,,,58,,,,,,,,,,,,,,,,,,,,,,,,,,,,,,,,,,,,,,,,,,,,,ICAPS是自动规划与调度领域的顶级会议，涵盖规划与调度的理论、算法、建模、位置论文及工具，包括知识工程、时序规划、不确定性规划、调度、多智能体规划、搜索方法、运动规划等。；关键词：自动规划；调度；时序规划；不确定性规划；多智能体规划；搜索方法；运动规划；知识工程,https://icaps26.icaps-conference.org/calls/cfp/,ICAPS-26 welcomes paper submissions on all aspects of automated planning and scheduling.,high,ok,2026-07-30T10:34:14+00:00
ccf,中国计算机学会推荐国际学术会议和期刊目录（第七版，2026）,第七版中国计算机学会推荐国际学术会议和期刊目录（正式版）.csv,2026,conference,International Conference on Case-Based Reasoning,人工智能,ICCBR,,,,Springer,http://dblp.uni-trier.de/db/conf/iccbr/,人工智能,,B,7,,,,58,,,,,,,,,,,,,,,,,,,,,,,,,,,,,,,,,,,,,,,,,,,,,,,,,no_candidate_pages,2026-07-30T10:34:26+00:00
ccf,中国计算机学会推荐国际学术会议和期刊目录（第七版，2026）,第七版中国计算机学会推荐国际学术会议和期刊目录（正式版）.csv,2026,conference,International Conference on Computational Linguistics,人工智能,COLING,,,,International Committee on Computational Linguistics,http://dblp.uni-trier.de/db/conf/coling/,人工智能,,B,8,,,,58,,,,,,,,,,,,,,,,,,,,,,,,,,,,,,,,,,,,,,,,,,,,,COLING 2027征稿涵盖计算语言学和自然语言处理的所有方面，包括但不限于语言资源、机器翻译、信息抽取、对话系统、情感分析、文本分类/摘要等。；关键词：计算语言学；自然语言处理；语言资源；机器翻译；信息抽取；对话系统；情感分析；文本分类；文本摘要,https://www.aclweb.org/portal/content/32nd-international-conference-computational-linguistics-coling-2027,"COLING 2027 invites the submission of long and short papers featuring substantial, original, and unpublished research in",high,ok,2026-07-30T10:34:45+00:00
ccf,中国计算机学会推荐国际学术会议和期刊目录（第七版，2026）,第七版中国计算机学会推荐国际学术会议和期刊目录（正式版）.csv,2026,conference,International Conference on Principles of Knowledge Representation and Reasoning,人工智能,KR,,,,Morgan Kaufmann,http://dblp.uni-trier.de/db/conf/kr/,人工智能,,B,9,,,,58,,,,,,,,,,,,,,,,,,,,,,,,,,,,,,,,,,,,,,,,,,,,,该会议涵盖知识表示与推理的正式基础、应用技术及跨领域贡献，包括论证、信念修正、常识推理、描述逻辑、非单调逻辑、知识图谱、语义网等主题。；关键词：知识表示；推理；论证；信念修正；描述逻辑；非单调逻辑；知识图谱；语义网；常识推理；不确定性,https://kr.org/KR2026/call_main_track.html,"Topics of Interest Typical topics of interest include the following, but the list is not exhaustive.",high,ok,2026-07-30T10:35:03+00:00
ccf,中国计算机学会推荐国际学术会议和期刊目录（第七版，2026）,第七版中国计算机学会推荐国际学术会议和期刊目录（正式版）.csv,2026,conference,Conference on Uncertainty in Artificial Intelligence,人工智能,UAI,,,,AUAI,http://dblp.uni-trier.de/db/conf/uai/,人工智能,,B,10,,,,58,,,,,,,,,,,,,,,,,,,,,,,,,,,,,,,,,,,,,,,,,,,,,涵盖人工智能、机器学习与统计学中关于不确定性的学习与推理的新理论、新方法和新应用。；关键词：不确定性；人工智能；机器学习；统计学；推理；学习,https://www.auai.org/uai2026/call_for_papers,The Conference on Uncertainty in Artificial Intelligence (UAI) is one of the premier international conferences on resear,high,ok,2026-07-30T10:35:23+00:00
ccf,中国计算机学会推荐国际学术会议和期刊目录（第七版，2026）,第七版中国计算机学会推荐国际学术会议和期刊目录（正式版）.csv,2026,conference,International Joint Conference on Autonomous Agents and Multi-agent Systems,人工智能,AAMAS,,,,Springer,https://dblp.uni-trier.de/db/conf/ifaamas/index.html,人工智能,,B,11,,,,58,,,,,,,,,,,,,,,,,,,,,,,,,,,,,,,,,,,,,,,,,,,,,,,"The provided pages are about the Leibniz Association's solidarity with Ukraine and general news, not related to AAMAS co",low,not_relevant,2026-07-30T10:35:55+00:00
ccf,中国计算机学会推荐国际学术会议和期刊目录（第七版，2026）,第七版中国计算机学会推荐国际学术会议和期刊目录（正式版）.csv,2026,conference,Parallel Problem Solving from Nature,人工智能,PPSN,,,,Springer,http://dblp.uni-trier.de/db/conf/ppsn/,人工智能,,B,12,,,,58,,,,,,,,,,,,,,,,,,,,,,,,,,,,,,,,,,,,,,,,,,,,,,,"The provided pages are about the Leibniz Association's solidarity with Ukraine and general news, containing no informati",low,not_relevant,2026-07-30T10:36:05+00:00
ccf,中国计算机学会推荐国际学术会议和期刊目录（第七版，2026）,第七版中国计算机学会推荐国际学术会议和期刊目录（正式版）.csv,2026,conference,North American Chapter of the Association for Computational Linguistics,人工智能,NAACL,,,,Association for Computational Linguistics,http://dblp.uni-trier.de/db/conf/naacl/,人工智能,,B,13,,,,58,,,,,,,,,,,,,,,,,,,,,,,,,,,,,,,,,,,,,,,,,,,,,,https://www.getpaperpilot.com/deadlines/naacl-2026.html,Page does not contain official aims/scope/topics/call-for-papers; only deadline and ranking info.,low,not_relevant,2026-07-30T10:36:19+00:00
ccf,中国计算机学会推荐国际学术会议和期刊目录（第七版，2026）,第七版中国计算机学会推荐国际学术会议和期刊目录（正式版）.csv,2026,conference,International Joint Conference on Artificial Intelligence,人工智能,IJCAI,,,,Morgan Kaufmann,http://dblp.uni-trier.de/db/conf/ijcai/,人工智能,,B,14,,,,58,,,,,,,,,,,,,,,,,,,,,,,,,,,,,,,,,,,,,,,,,,,,,IJCAI-ECAI 2026主轨征稿涵盖人工智能所有方面的原创、重要且未发表成果，特别鼓励AI新研究问题、新应用领域及跨学科边界论文。；关键词：人工智能；AI新研究问题；AI新应用领域；跨学科AI；原创成果；未发表成果,https://2026.ijcai.org/ijcai-ecai-2026-call-for-papers-main-track/,"Submissions to the main track of IJCAI-ECAI 2026 should report significant, original, and previously unpublished results",high,ok,2026-07-30T10:36:30+00:00
ccf,中国计算机学会推荐国际学术会议和期刊目录（第七版，2026）,第七版中国计算机学会推荐国际学术会议和期刊目录（正式版）.csv,2026,conference,International Conference on Artificial Intelligence and Statistics,人工智能,AISTATS,,,,JMLR,http://dblp.uni-trier.de/db/conf/aistats/,人工智能,,C,1,,,,59,,,,,,,,,,,,,,,,,,,,,,,,,,,,,,,,,,,,,,,,,,,,,,,The read operation timed out,,error:TimeoutError,2026-07-30T10:36:52+00:00
ccf,中国计算机学会推荐国际学术会议和期刊目录（第七版，2026）,第七版中国计算机学会推荐国际学术会议和期刊目录（正式版）.csv,2026,conference,Asian Conference on Computer Vision,人工智能,ACCV,,,,Springer,http://dblp.uni-trier.de/db/conf/accv/,人工智能,,C,2,,,,59,,,,,,,,,,,,,,,,,,,,,,,,,,,,,,,,,,,,,,,,,,,,,ACCV 2026涵盖计算机视觉与模式识别的广泛主题，包括3D视觉、深度学习、生物医学图像分析、自动驾驶、视频分析、视觉与语言等。；关键词：计算机视觉；模式识别；3D计算机视觉；深度学习；生物医学图像分析；自动驾驶；视频分析；视觉与语言,https://accv2026.org/submissions/,ACCV is a leading international conference focusing on computer vision and pattern recognition.,high,ok,2026-07-30T10:37:11+00:00
ccf,中国计算机学会推荐国际学术会议和期刊目录（第七版，2026）,第七版中国计算机学会推荐国际学术会议和期刊目录（正式版）.csv,2026,conference,Asian Conference on Machine Learning,人工智能,ACML,,,,JMLR,http://dblp.uni-trier.de/db/conf/acml/,人工智能,,C,3,,,,59,,,,,,,,,,,,,,,,,,,,,,,,,,,,,,,,,,,,,,,,,,,,,ACML 2026征稿涵盖机器学习理论与实践的原创研究，包括前沿探索、新思想和新范式，欢迎全球投稿。；关键词：机器学习；理论；实践；前沿研究；新思想；新范式,https://www.acml-conf.org/2026/calls/papers/,"The conference calls for high-quality, original research papers in the theory and practice of machine learning.",high,ok,2026-07-30T10:37:32+00:00
ccf,中国计算机学会推荐国际学术会议和期刊目录（第七版，2026）,第七版中国计算机学会推荐国际学术会议和期刊目录（正式版）.csv,2026,conference,British Machine Vision Conference,人工智能,BMVC,,,,British Machine Vision Association,http://dblp.uni-trier.de/db/conf/bmvc/,人工智能,,C,4,,,,59,,,,,,,,,,,,,,,,,,,,,,,,,,,,,,,,,,,,,,,,,,,,,BMVC是计算机视觉及相关领域的重要国际会议，征稿涵盖图像处理、计算机视觉、机器学习等，具体主题包括3D视觉、动作理解、深度学习、生成模型、医学图像分析、多模态学习、识别与分割等。；关键词：计算机视觉；图像处理；机器学习；深度学习；3D视觉；动作理解；生成模型；医学图像分析；多模态学习；识别与分割,https://bmvc2026.bmva.org/calls/call-for-papers/,The British Machine Vision Conference (BMVC) is one of the major international conferences on computer vision and relate,high,ok,2026-07-30T10:37:45+00:00
ccf,中国计算机学会推荐国际学术会议和期刊目录（第七版，2026）,第七版中国计算机学会推荐国际学术会议和期刊目录（正式版）.csv,2026,conference,CCF International Conference on Natural Language Processing and Chinese Computing,人工智能,NLPCC,,,,Springer,https://dblp.uni-trier.de/db/conf/nlpcc/,人工智能,,C,5,,,,59,,,,,,,,,,,,,,,,,,,,,,,,,,,,,,,,,,,,,,,,,,,,,,,"The provided pages are about the Leibniz Association's solidarity with Ukraine and general news, containing no informati",low,not_relevant,2026-07-30T10:37:52+00:00
ccf,中国计算机学会推荐国际学术会议和期刊目录（第七版，2026）,第七版中国计算机学会推荐国际学术会议和期刊目录（正式版）.csv,2026,conference,Conference on Computational Natural Language Learning,人工智能,CoNLL,,,,Association for Computational Linguistics,http://dblp.uni-trier.de/db/conf/conll,人工智能,,C,6,,,,59,,,,,,,,,,,,,,,,,,,,,,,,,,,,,,,,,,,,,,,,,,,,,,,The read operation timed out,,error:TimeoutError,2026-07-30T10:38:12+00:00
ccf,中国计算机学会推荐国际学术会议和期刊目录（第七版，2026）,第七版中国计算机学会推荐国际学术会议和期刊目录（正式版）.csv,2026,conference,Genetic and Evolutionary Computation Conference,人工智能,GECCO,,,,ACM,http://dblp.uni-trier.de/db/conf/gecco/,人工智能,,C,7,,,,59,,,,,,,,,,,,,,,,,,,,,,,,,,,,,,,,,,,,,,,,,,,,,遗传与进化计算领域的最新高质量成果，涵盖遗传算法、遗传编程、蚁群优化与群体智能、复杂系统、进化组合优化与元启发式、进化机器学习、进化多目标优化、进化数值优化、神经进化、实际应用、理论及混合方法等。；关键词：遗传算法；遗传编程；蚁群优化；群体智能；进化机器学习；进化多目标优化；进化数值优化；神经进化；元启发式；实际应用,http://gecco-2026.sigevo.org/Call+for+Papers,"Topics include genetic algorithms, genetic programming, ant colony optimization and swarm intelligence, complex systems,",high,ok,2026-07-30T10:38:25+00:00
ccf,中国计算机学会推荐国际学术会议和期刊目录（第七版，2026）,第七版中国计算机学会推荐国际学术会议和期刊目录（正式版）.csv,2026,conference,IEEE International Conference on Tools with Artificial Intelligence,人工智能,ICTAI,,,,IEEE,http://dblp.uni-trier.de/db/conf/ictai/,人工智能,,C,8,,,,59,,,,,,,,,,,,,,,,,,,,,,,,,,,,,,,,,,,,,,,,,,,,,涵盖人工智能基础、机器学习、知识表示与推理、自然语言处理、AI在特定领域应用（如生物医学、金融、网络安全、智慧城市等）、AI与社会影响、量子AI等广泛主题。；关键词：AI Foundations；Machine Learning；Knowledge Representation；Natural Language Processing；AI Applications；AI and Societal Impact；Quantum AI,https://ictai.computer.org/2026/,"CALL FOR PAPERS ... encompasses all technical aspects of specifying, developing and evaluating ... AI-based components",high,ok,2026-07-30T10:38:44+00:00
ccf,中国计算机学会推荐国际学术会议和期刊目录（第七版，2026）,第七版中国计算机学会推荐国际学术会议和期刊目录（正式版）.csv,2026,conference,IEEE\RSJ International Conference on Intelligent Robots and Systems,人工智能,IROS,,,,IEEE,http://dblp.uni-trier.de/db/conf/iros/,人工智能,,C,9,,,,59,,,,,,,,,,,,,,,,,,,,,,,,,,,,,,,,,,,,,,,,,,,,,IROS 2026征稿涵盖智能机器人与系统领域，包括机器人设计、运动学/动力学/控制、系统集成、机器人AI、传感器网络、分布式与云机器人、仿生系统、服务机器人、自动化、生物医学应用、自主车辆、机器人感知、多指手操作、微纳系统、人机交互、机器人视觉等。；关键词：智能机器人；机器人设计；机器人控制；机器人AI；自主车辆；人机交互；机器人感知；仿生系统；服务机器人；机器人视觉,https://2026.ieee-iros.org/contribute/call-for-papers/,"Innovative research results on topics related (but not limited) to the following are invited: robot design, robot kinema",high,ok,2026-07-30T10:38:59+00:00
ccf,中国计算机学会推荐国际学术会议和期刊目录（第七版，2026）,第七版中国计算机学会推荐国际学术会议和期刊目录（正式版）.csv,2026,conference,International Conference on Algorithmic Learning Theory,人工智能,ALT,,,,Springer,http://dblp.uni-trier.de/db/conf/alt/,人工智能,,C,10,,,,59,,,,,,,,,,,,,,,,,,,,,,,,,,,,,,,,,,,,,,,,,,,,,,,The read operation timed out,,error:TimeoutError,2026-07-30T10:39:19+00:00
ccf,中国计算机学会推荐国际学术会议和期刊目录（第七版，2026）,第七版中国计算机学会推荐国际学术会议和期刊目录（正式版）.csv,2026,conference,International Conference on Artificial Neural Networks,人工智能,ICANN,,,,Springer,http://dblp.uni-trier.de/db/conf/icann/,人工智能,,C,11,,,,59,,,,,,,,,,,,,,,,,,,,,,,,,,,,,,,,,,,,,,,,,,,,,,,The read operation timed out,,error:TimeoutError,2026-07-30T10:39:44+00:00
ccf,中国计算机学会推荐国际学术会议和期刊目录（第七版，2026）,第七版中国计算机学会推荐国际学术会议和期刊目录（正式版）.csv,2026,conference,IEEE International Conference on Automatic Face and Gesture Recognition,人工智能,FG,,,,IEEE,http://dblp.uni-trier.de/db/conf/fgr/,人工智能,,C,12,,,,59,,,,,,,,,,,,,,,,,,,,,,,,,,,,,,,,,,,,,,,,,,,,,该会议是图像与视频中面部、手势及身体运动识别领域的顶级国际论坛，涵盖基础计算机视觉、模式识别、计算机图形学、机器学习及其在面部、手势和身体动作方面的创新算法与应用。；关键词：面部识别；手势识别；身体运动识别；计算机视觉；模式识别；机器学习；多模态融合；生成建模；软生物特征；伦理与偏见,https://fg2026.ieee-biometrics.org/cfp,The IEEE conference series on Automatic Face and Gesture Recognition is the premier international forum for research in ,high,ok,2026-07-30T10:40:01+00:00
ccf,中国计算机学会推荐国际学术会议和期刊目录（第七版，2026）,第七版中国计算机学会推荐国际学术会议和期刊目录（正式版）.csv,2026,conference,International Conference on Document Analysis and Recognition,人工智能,ICDAR,,,,IEEE,http://dblp.uni-trier.de/db/conf/icdar/,人工智能,,C,13,,,,60,,,,,,,,,,,,,,,,,,,,,,,,,,,,,,,,,,,,,,,,,,,,,ICDAR是文档分析与识别领域的顶级会议，涵盖文档图像处理、布局分析、文字与符号识别、手写识别、文档检索、场景文本检测、表格与公式识别、历史文档分析、文档理解基础模型等主题。；关键词：文档图像处理；文字识别；手写识别；场景文本检测；表格识别；文档理解；基础模型,https://icdar2026.org/index.php/call-for-paper/,The International Conference on Document Analysis and Recognition (ICDAR) is the premier scientific venue in the field o,high,ok,2026-07-30T10:40:18+00:00
ccf,中国计算机学会推荐国际学术会议和期刊目录（第七版，2026）,第七版中国计算机学会推荐国际学术会议和期刊目录（正式版）.csv,2026,conference,International Conference on Inductive Logic Programming,人工智能,ILP,,,,Springer,http://dblp.uni-trier.de/db/conf/ilp/,人工智能,,C,14,,,,60,,,,,,,,,,,,,,,,,,,,,,,,,,,,,,,,,,,,,,,,,,,,,,https://www.openresearch.org/wiki/ILP_2026,"Page shows only a bot verification challenge, no conference content.",low,not_relevant,2026-07-30T10:40:30+00:00
ccf,中国计算机学会推荐国际学术会议和期刊目录（第七版，2026）,第七版中国计算机学会推荐国际学术会议和期刊目录（正式版）.csv,2026,conference,"International conference on Knowledge Science, Engineering and Management",人工智能,KSEM,,,,Springer,http://dblp.uni-trier.de/db/conf/ksem/,人工智能,,C,15,,,,60,,,,,,,,,,,,,,,,,,,,,,,,,,,,,,,,,,,,,,,,,,,,,,https://ksem2026.rosc.org.cn/call-for-papers,页面仅显示会议名称，无具体征稿范围或主题信息,low,not_relevant,2026-07-30T10:40:39+00:00
ccf,中国计算机学会推荐国际学术会议和期刊目录（第七版，2026）,第七版中国计算机学会推荐国际学术会议和期刊目录（正式版）.csv,2026,conference,International Conference on Neural Information Processing,人工智能,ICONIP,,,,Springer,http://dblp.uni-trier.de/db/conf/iconip/,人工智能,,C,16,,,,60,,,,,,,,,,,,,,,,,,,,,,,,,,,,,,,,,,,,,,,,,,,,,,https://iconip2026.org/call-for-papers,页面仅显示会议名称、地点和日期，无征稿范围或主题信息。,low,not_relevant,2026-07-30T10:40:59+00:00
ccf,中国计算机学会推荐国际学术会议和期刊目录（第七版，2026）,第七版中国计算机学会推荐国际学术会议和期刊目录（正式版）.csv,2026,conference,International Conference on Pattern Recognition,人工智能,ICPR,,,,IEEE,http://dblp.uni-trier.de/db/conf/icpr/,人工智能,,C,17,,,,60,,,,,,,,,,,,,,,,,,,,,,,,,,,,,,,,,,,,,,,,,,,,,涵盖模式识别、人工智能、计算机视觉、机器学习、图像处理、语音与自然语言处理、传感器模式处理等广泛领域，是国际模式识别协会的顶级会议。；关键词：Pattern Recognition；Artificial Intelligence；Computer Vision；Machine Learning；Image Processing；Speech and Natural Language Processing；Sensor Pattern Processing,https://icpr2026.org/calls.html,"It encompasses a wide range of topics where Pattern Recognition methods are applied in fields including Computer Vision,",high,ok,2026-07-30T10:41:14+00:00
ccf,中国计算机学会推荐国际学术会议和期刊目录（第七版，2026）,第七版中国计算机学会推荐国际学术会议和期刊目录（正式版）.csv,2026,conference,International Joint Conference on Biometrics,人工智能,IJCB,,,,IEEE,http://dblp.uni-trier.de/db/conf/icb/,人工智能,,C,18,,,,60,,,,,,,,,,,,,,,,,,,,,,,,,,,,,,,,,,,,,,,,,,,,,涵盖生物特征识别各模态、深度伪造检测、多模态系统、呈现攻击检测、模板安全与隐私、公平性与可解释性、机器学习方法、评估基准、法医与执法应用、新兴应用及伦理法律影响等。；关键词：biometrics；face recognition；fingerprint；deepfake detection；presentation attack detection；privacy protection；fairness；machine learning；evaluation protocols；forensics；IoT；ethical implications,https://ijcb2026.ieee-biometrics.org/call-for-papers/,"Topics include, but are not limited to, the following areas: Biometric modalities...",high,ok,2026-07-30T10:41:32+00:00
ccf,中国计算机学会推荐国际学术会议和期刊目录（第七版，2026）,第七版中国计算机学会推荐国际学术会议和期刊目录（正式版）.csv,2026,conference,International Joint Conference on Neural Networks,人工智能,IJCNN,,,,IEEE,http://dblp.uni-trier.de/db/conf/ijcnn/,人工智能,,C,19,,,,60,,,,,,,,,,,,,,,,,,,,,,,,,,,,,,,,,,,,,,,,,,,,,涵盖神经网络理论与应用，包括监督/无监督/强化学习、深度学习、脑机接口、生成式AI、大语言模型、图神经网络、可解释AI、神经符号系统、脉冲神经网络等前沿方向。；关键词：神经网络；深度学习；强化学习；大语言模型；生成式AI；图神经网络；可解释AI；脉冲神经网络；脑机接口；神经符号系统,https://attend.ieee.org/wcci-2026/ijcnn-2026-topics/,"IJCNN 2026 topics include, but are not limited to: Brain-machine Interfaces ... Large Language Models ... Spiking Neural",high,ok,2026-07-30T10:41:45+00:00
ccf,中国计算机学会推荐国际学术会议和期刊目录（第七版，2026）,第七版中国计算机学会推荐国际学术会议和期刊目录（正式版）.csv,2026,conference,Pacific Rim International Conference on Artificial Intelligence,人工智能,PRICAI,,,,Springer,http://dblp.uni-trier.de/db/conf/pricai/,人工智能,,C,20,,,,60,,,,,,,,,,,,,,,,,,,,,,,,,,,,,,,,,,,,,,,,,,,,,涵盖人工智能基础理论、机器学习、自然语言处理、计算机视觉、智能系统及应用、数据与知识工程、负责任AI等广泛主题，特别关注太平洋地区社会经济挑战。；关键词：人工智能；机器学习；自然语言处理；计算机视觉；智能系统；数据挖掘；负责任AI；大语言模型,https://2026.pricai.org/calls/call-for-papers,"Topics of Interest 列出 AI Foundations, Machine Learning, NLP, Vision, Intelligent Systems 等",high,ok,2026-07-30T10:41:57+00:00
ccf,中国计算机学会推荐国际学术会议和期刊目录（第七版，2026）,第七版中国计算机学会推荐国际学术会议和期刊目录（正式版）.csv,2026,conference,Congress on Evolutionary Computation,人工智能,IEEE CEC,,,,IEEE,https://dblp.uni-trier.de/db/conf/cec/index.html,人工智能,,C,21,,,,60,,,,,,,,,,,,,,,,,,,,,,,,,,,,,,,,,,,,,,,,,,,,,该页面为IEEE CEC 2026的立场论文征稿通知，涵盖进化计算的理论基础、不确定性处理、多目标优化、与机器学习的交叉、可重复性、可持续性、伦理社会影响及未来挑战等广泛主题。；关键词：进化计算；多目标优化；机器学习交叉；可重复性；可持续性；伦理影响；未来挑战,https://attend.ieee.org/wcci-2026/cec-position-papers/,已废止自动候选：当前 URL 为 IEEE CEC 立场论文征稿，不是常规研究论文主轨范围。,low,superseded,2026-07-30T10:42:10+00:00
ccf,中国计算机学会推荐国际学术会议和期刊目录（第七版，2026）,第七版中国计算机学会推荐国际学术会议和期刊目录（正式版）.csv,2026,conference,International Conference on Distributed Artificial Intelligence,人工智能,DAI,,,,ACM/Springer,https://dblp.uni-trier.de/db/conf/dai2/index.html,人工智能,,C,22,,,,60,,,,,,,,,,,,,,,,,,,,,,,,,,,,,,,,,,,,,,,,,,,,,DAI 2026征稿涵盖分布式人工智能、自主智能体、多智能体系统、智能体AI的理论、方法、系统、评估与应用，包括研究、行业、AI论文及姐妹会议四个轨道。；关键词：分布式人工智能；自主智能体；多智能体系统；智能体AI；智能体基础设施；学习与协调；市场与博弈；具身系统；AI for Science,https://www.adai.ai/dai/2026/,DAI 2026 invites original research in distributed and agentic AI...,high,ok,2026-07-30T10:42:23+00:00
ccf,中国计算机学会推荐国际学术会议和期刊目录（第七版，2026）,第七版中国计算机学会推荐国际学术会议和期刊目录（正式版）.csv,2026,conference,ACM Conference On Computer-Supported Cooperative Work And Social Computing,人机交互与普适计算,CSCW,,,,ACM,http://dblp.uni-trier.de/db/conf/cscw,人机交互与普适计算,,A,1,,,,64,,,,,,,,,,,,,,,,,,,,,,,,,,,,,,,,,,,,,,,,,,,,,CSCW是计算机支持协同工作与社会计算的顶级会议，涵盖社交计算、众包、远程协作、人机交互、AI与协作、伦理与政策等，强调社会技术系统的设计、使用与评估。；关键词：计算机支持协同工作；社会计算；众包；远程协作；人机交互；AI与协作；伦理与政策,https://cscw.acm.org/2026/papers.html,The ACM Conference on Computer-Supported Cooperative Work and Social Computing (CSCW) is the premier venue for human-cen,high,ok,2026-07-30T10:42:38+00:00
ccf,中国计算机学会推荐国际学术会议和期刊目录（第七版，2026）,第七版中国计算机学会推荐国际学术会议和期刊目录（正式版）.csv,2026,conference,ACM Conference on Human Factors in Computing Systems,人机交互与普适计算,CHI,,,,ACM,http://dblp.uni-trier.de/db/conf/chi,人机交互与普适计算,,A,2,,,,64,,,,,,,,,,,,,,,,,,,,,,,,,,,,,,,,,,,,,,,,,,,,,,https://chi2026.acm.org/guide-to-a-successful-submission/,页面主要提供投稿指南和审稿流程，未列出具体征稿主题或范围。,low,not_relevant,2026-07-30T10:42:52+00:00
ccf,中国计算机学会推荐国际学术会议和期刊目录（第七版，2026）,第七版中国计算机学会推荐国际学术会议和期刊目录（正式版）.csv,2026,conference,ACM international joint conference on Pervasive and Ubiquitous Computing,人机交互与普适计算,UbiComp,,,,ACM,https://dblp.uni-trier.de/db/conf/huc/,人机交互与普适计算,,A,3,,,,64,,,,,,,,,,,,,,,,,,,,,,,,,,,,,,,,,,,,,,,,,,,,,,http://www.ubicomp.org/pipermail/announcements_ubicomp.org/2025-February/018243.html,UbiComp 2026 and 2027 - Conference Bid Solicitation,low,not_relevant,2026-07-30T10:43:04+00:00
ccf,中国计算机学会推荐国际学术会议和期刊目录（第七版，2026）,第七版中国计算机学会推荐国际学术会议和期刊目录（正式版）.csv,2026,conference,ACM Symposium on User Interface Software and Technology,人机交互与普适计算,UIST,,,,ACM,http://dblp.uni-trier.de/db/conf/uist/,人机交互与普适计算,,A,4,,,,64,,,,,,,,,,,,,,,,,,,,,,,,,,,,,,,,,,,,,,,,,,,,,UIST是ACM主办的顶级人机交互会议，主要接收用户界面软件与技术的原创研究论文，涵盖标准论文（10页）和短论文（5页），主题包括但不限于交互技术、用户界面设计、普适计算等。；关键词：用户界面；人机交互；软件技术；普适计算；交互技术；原创研究,https://uist.acm.org/2026/cfp/,"Papers are the main medium for conveying new research results at UIST and must describe original, unpublished work.",high,ok,2026-07-30T10:43:21+00:00
ccf,中国计算机学会推荐国际学术会议和期刊目录（第七版，2026）,第七版中国计算机学会推荐国际学术会议和期刊目录（正式版）.csv,2026,conference,ACM International Conference on Supporting Group Work,人机交互与普适计算,GROUP,,,,ACM,http://dblp.uni-trier.de/db/conf/group/,人机交互与普适计算,,B,1,,,,65,,,,,,,,,,,,,,,,,,,,,,,,,,,,,,,,,,,,,,,,,,,,,,https://gdnconference.org/gdn2026/call-for-papers/,"The page is for GDN 2026, not ACM GROUP.",high,not_relevant,2026-07-30T10:43:38+00:00
ccf,中国计算机学会推荐国际学术会议和期刊目录（第七版，2026）,第七版中国计算机学会推荐国际学术会议和期刊目录（正式版）.csv,2026,conference,ACM International Conference on Intelligent User Interfaces,人机交互与普适计算,IUI,,,,ACM,http://dblp.uni-trier.de/db/conf/iui/,人机交互与普适计算,,B,2,,,,65,,,,,,,,,,,,,,,,,,,,,,,,,,,,,,,,,,,,,,,,,,,,,ACM IUI是人工智能与人机交互交叉领域的顶级会议，涵盖可解释AI、用户建模、智能界面、多模态系统、大语言模型与智能体、人机协同评估等主题。；关键词：人机交互；人工智能；可解释AI；用户建模；智能界面；多模态系统；大语言模型；智能体；人机协同；推荐系统,https://iui.acm.org/2026/call-for-papers/,The ACM Conference on Intelligent User Interfaces (ACM IUI) is the annual premier venue where researchers and practition,high,ok,2026-07-30T10:43:54+00:00
ccf,中国计算机学会推荐国际学术会议和期刊目录（第七版，2026）,第七版中国计算机学会推荐国际学术会议和期刊目录（正式版）.csv,2026,conference,ACM International Conference on Interactive Surfaces and Spaces,人机交互与普适计算,ISS,,,,ACM,http://dblp.uni-trier.de/db/conf/tabletop/,人机交互与普适计算,,B,3,,,,65,,,,,,,,,,,,,,,,,,,,,,,,,,,,,,,,,,,,,,,,,,,,,,,,,no_candidate_pages,2026-07-30T10:44:03+00:00
ccf,中国计算机学会推荐国际学术会议和期刊目录（第七版，2026）,第七版中国计算机学会推荐国际学术会议和期刊目录（正式版）.csv,2026,conference,European Conference on Computer Supported Cooperative Work,人机交互与普适计算,ECSCW,,,,Springer,http://dblp.uni-trier.de/db/conf/ecscw/,人机交互与普适计算,,B,4,,,,65,,,,,,,,,,,,,,,,,,,,,,,,,,,,,,,,,,,,,,,,,,,,,ECSCW是计算机支持的协同工作领域的国际会议，涵盖协作实践实证研究、系统设计、人机交互、方法论、领域应用、伦理政策、跨学科协作及人机协作等主题。；关键词：计算机支持的协同工作；协作实践；系统设计；人机交互；方法论；领域应用；伦理政策；人机协作,https://ecscw.eusset.eu/2026/2025/09/29/ecscw-2026-call-for-papers/,"The themes of the conference include, but are not limited to: Empirical investigations of collaborative practices...",high,ok,2026-07-30T10:44:22+00:00
ccf,中国计算机学会推荐国际学术会议和期刊目录（第七版，2026）,第七版中国计算机学会推荐国际学术会议和期刊目录（正式版）.csv,2026,conference,IEEE International Conference on Pervasive Computing and Communications,人机交互与普适计算,PERCOM,,,,IEEE,http://dblp.uni-trier.de/db/conf/percom/,人机交互与普适计算,,B,5,,,,65,,,,,,,,,,,,,,,,,,,,,,,,,,,,,,,,,,,,,,,,,,,,,,,,,no_candidate_pages,2026-07-30T10:44:33+00:00
ccf,中国计算机学会推荐国际学术会议和期刊目录（第七版，2026）,第七版中国计算机学会推荐国际学术会议和期刊目录（正式版）.csv,2026,conference,ACM International Conference on Mobile Human-Computer Interaction,人机交互与普适计算,MobileHCI,,,,ACM,http://dblp.uni-trier.de/db/conf/mhci/,人机交互与普适计算,,B,6,,,,65,,,,,,,,,,,,,,,,,,,,,,,,,,,,,,,,,,,,,,,,,,,,,,,,,no_candidate_pages,2026-07-30T10:44:45+00:00
ccf,中国计算机学会推荐国际学术会议和期刊目录（第七版，2026）,第七版中国计算机学会推荐国际学术会议和期刊目录（正式版）.csv,2026,conference,The International AAAI Conference on Web and Social Media,人机交互与普适计算,ICWSM,,,,AAAI,https://dblp.org/db/conf/icwsm/index.html,人机交互与普适计算,,B,7,,,,65,,,,,,,,,,,,,,,,,,,,,,,,,,,,,,,,,,,,,,,,,,,,,ICWSM是研究网络与社会交叉领域的顶级会议，涵盖计算社会科学、社会计算、网络分析、信息扩散、情感分析、错误信息、隐私安全、数字人文、政治传播、健康福祉等主题，强调社会相关性的研究问题。；关键词：计算社会科学；社会计算；社交网络分析；信息扩散；情感分析；错误信息；数字人文；政治传播；网络挖掘；人机交互,https://www.icwsm.org/2026/,ICWSM is a forum for researchers from multiple disciplines to come together to share knowledge...,high,ok,2026-07-30T10:44:59+00:00
ccf,中国计算机学会推荐国际学术会议和期刊目录（第七版，2026）,第七版中国计算机学会推荐国际学术会议和期刊目录（正式版）.csv,2026,conference,ACM SIGCHI Conference on Designing Interactive Systems,人机交互与普适计算,DIS,,,,ACM,http://dblp.uni-trier.de/db/conf/ACMdis,人机交互与普适计算,,C,1,,,,66,,,,,,,,,,,,,,,,,,,,,,,,,,,,,,,,,,,,,,,,,,,,,DIS 2026征稿涵盖人机交互与设计交互系统的五个贡献领域，包括论文、图示、工作坊、博士生论坛等，接受匿名投稿，无页数限制，鼓励与贡献成比例的篇幅。；关键词：人机交互；设计交互系统；贡献领域；论文征稿；匿名评审；ACM SIGCHI,https://dis.acm.org/2026/papers/,We are pleased to invite submissions for papers to the 2026 ACM SIGCHI Conference on Designing Interactive Systems (DIS),high,ok,2026-07-30T10:45:19+00:00
ccf,中国计算机学会推荐国际学术会议和期刊目录（第七版，2026）,第七版中国计算机学会推荐国际学术会议和期刊目录（正式版）.csv,2026,conference,ACM International Conference on Multimodal Interaction,人机交互与普适计算,ICMI,,,,ACM,http://dblp.uni-trier.de/db/conf/icmi/,人机交互与普适计算,,C,2,,,,66,,,,,,,,,,,,,,,,,,,,,,,,,,,,,,,,,,,,,,,,,,,,,ICMI 2026征稿主题涵盖多模态人工智能与社会交互的交叉领域，包括情感计算、上下文感知建模、跨文化设计、人机/人机交互、多模态融合与表示、多模态数据集、虚拟/增强现实交互等，强调科学和技术新颖性。；关键词：多模态交互；情感计算；上下文感知；跨文化设计；人机交互；多模态融合；多模态数据集；虚拟现实,https://icmi.acm.org/2026/call-for-papers/,"Topics of interest include, but are not limited to: Affective computing and interaction...",high,ok,2026-07-30T10:45:35+00:00
ccf,中国计算机学会推荐国际学术会议和期刊目录（第七版，2026）,第七版中国计算机学会推荐国际学术会议和期刊目录（正式版）.csv,2026,conference,International ACM SIGACCESS Conference on Computers and Accessibility,人机交互与普适计算,ASSETS,,,,ACM,http://dblp.uni-trier.de/db/conf/assets,人机交互与普适计算,,C,3,,,,66,,,,,,,,,,,,,,,,,,,,,,,,,,,,,,,,,,,,,,,,,,,,,该会议是计算与无障碍领域的顶级论坛，涵盖面向残障人士和老年人的计算设计、评估、使用及教育研究，接收技术论文、海报、演示、经验报告等原创投稿。；关键词：计算与无障碍；残障人士；老年人；设计；评估；教育；ACM数字图书馆,https://assets26.sigaccess.org/,"The ASSETS conference is the premier forum for presenting research on the design, evaluation, use, and education related",high,ok,2026-07-30T10:46:25+00:00
ccf,中国计算机学会推荐国际学术会议和期刊目录（第七版，2026）,第七版中国计算机学会推荐国际学术会议和期刊目录（正式版）.csv,2026,conference,Graphics Interface,人机交互与普适计算,GI,,,,ACM,http://dblp.uni-trier.de/db/conf/graphicsinterface/,人机交互与普适计算,,C,4,,,,66,,,,,,,,,,,,,,,,,,,,,,,,,,,,,,,,,,,,,,,,,,,,,,,,,no_candidate_pages,2026-07-30T10:46:36+00:00
ccf,中国计算机学会推荐国际学术会议和期刊目录（第七版，2026）,第七版中国计算机学会推荐国际学术会议和期刊目录（正式版）.csv,2026,conference,IEEE International Conference on Ubiquitous Intelligence and Computing,人机交互与普适计算,UIC,,,,IEEE,http://dblp.uni-trier.de/db/conf/uic/,人机交互与普适计算,,C,5,,,,66,,,,,,,,,,,,,,,,,,,,,,,,,,,,,,,,,,,,,,,,,,,,,,,"The provided pages are about the Leibniz Association's solidarity with Ukraine and general news, not about the IEEE UIC",low,not_relevant,2026-07-30T10:46:48+00:00
ccf,中国计算机学会推荐国际学术会议和期刊目录（第七版，2026）,第七版中国计算机学会推荐国际学术会议和期刊目录（正式版）.csv,2026,conference,IEEE World Haptics Conference,人机交互与普适计算,,,,,IEEE,http://dblp.uni-trier.de/db/conf/haptics/,人机交互与普适计算,,C,6,,,,66,,,,,,,,,,,,,,,,,,,,,,,,,,,,,,,,,,,,,,,,,,,,,涵盖触觉感知、力反馈设备、触觉界面、可穿戴触觉设备、虚拟现实与遥操作中的触觉技术，以及触觉在视觉/听觉替代中的应用。；关键词：触觉；力反馈；触觉界面；可穿戴设备；虚拟现实；遥操作；感官替代,https://www.ieee-ras.org/haptics/conferences/,Haptics research has permeated many disciplines and application areas...,high,ok,2026-07-30T10:47:05+00:00
ccf,中国计算机学会推荐国际学术会议和期刊目录（第七版，2026）,第七版中国计算机学会推荐国际学术会议和期刊目录（正式版）.csv,2026,conference,International Conference on Human- Computer Interaction of International Federation for Information Processing,人机交互与普适计算,INTERACT,,,,IFIP,http://dblp.uni-trier.de/db/conf/interact/,人机交互与普适计算,,C,7,,,,66,,,,,,,,,,,,,,,,,,,,,,,,,,,,,,,,,,,,,,,,,,,,,,,页面内容与INTERACT会议无关：第一页为德国科学组织对乌克兰的声援声明，第二页为洛桑大学与城市的合作项目征集，均不涉及人机交互会议的主题或征稿信息。,low,not_relevant,2026-07-30T10:47:17+00:00
ccf,中国计算机学会推荐国际学术会议和期刊目录（第七版，2026）,第七版中国计算机学会推荐国际学术会议和期刊目录（正式版）.csv,2026,conference,ACM Interaction Design and Children,人机交互与普适计算,IDC,,,,ACM,http://dblp.uni-trier.de/db/conf/acmidc/,人机交互与普适计算,,C,8,,,,66,,,,,,,,,,,,,,,,,,,,,,,,,,,,,,,,,,,,,,,,,,,,,IDC 2026征稿涵盖智能分布式计算的所有方面，包括理论进展、实际算法、知识编译、SAT求解、问题编码与应用，以及云计算、分布式群机器人、物联网、智能交通、数据挖掘、网络智能等主题。；关键词：智能分布式计算；云计算；物联网；分布式群机器人；智能交通系统；数据挖掘；网络智能；SAT求解,https://conferences.sigappfr.org/idc2026/call-for-papers/,IDC 2026 welcomes research works centered on all aspects of intelligent distributed computing,high,ok,2026-07-30T10:47:31+00:00
ccf,中国计算机学会推荐国际学术会议和期刊目录（第七版，2026）,第七版中国计算机学会推荐国际学术会议和期刊目录（正式版）.csv,2026,conference,"International Conference on Collaborative Computing: Networking, Applications and Worksharing",人机交互与普适计算,CollaborateCom,,,,Springer,https://dblp.uni-trier.de/db/conf/colcom/,人机交互与普适计算,,C,9,,,,66,,,,,,,,,,,,,,,,,,,,,,,,,,,,,,,,,,,,,,,,,,,,,该会议涵盖协作计算中的网络、应用与工作共享，包括分布式系统、协同技术、社交网络、云计算、物联网等方向。；关键词：协作计算；网络；应用；工作共享；分布式系统；协同技术；社交网络；云计算；物联网,https://link.springer.com/conference/colcom,"Collaborative Computing: Networking, Applications and Worksharing",high,ok,2026-07-30T10:47:45+00:00
ccf,中国计算机学会推荐国际学术会议和期刊目录（第七版，2026）,第七版中国计算机学会推荐国际学术会议和期刊目录（正式版）.csv,2026,conference,International Conference on Computer Supported Cooperative Work in Design,人机交互与普适计算,CSCWD,,,,Springer,http://dblp.uni-trier.de/db/conf/cscwd/,人机交互与普适计算,,C,10,,,,66,,,,,,,,,,,,,,,,,,,,,,,,,,,,,,,,,,,,,,,,,,,,,,https://fyust.edu.cn/gjhyqk/cscwd2026/call-for-papers.html,页面仅包含会议组织信息，未列出具体征稿主题或范围。,low,not_relevant,2026-07-30T10:47:55+00:00
ccf,中国计算机学会推荐国际学术会议和期刊目录（第七版，2026）,第七版中国计算机学会推荐国际学术会议和期刊目录（正式版）.csv,2026,conference,International Conference on Cooperative Information Systems,人机交互与普适计算,CoopIS,,,,Springer,http://dblp.uni-trier.de/db/conf/coopis/,人机交互与普适计算,,C,11,,,,66,,,,,,,,,,,,,,,,,,,,,,,,,,,,,,,,,,,,,,,,,,,,,,,,,no_candidate_pages,2026-07-30T10:48:08+00:00
ccf,中国计算机学会推荐国际学术会议和期刊目录（第七版，2026）,第七版中国计算机学会推荐国际学术会议和期刊目录（正式版）.csv,2026,conference,"International Conference on Mobile and Ubiquitous Systems: Computing, Networking and Services",人机交互与普适计算,MobiQuitous,,,,Springer,http://dblp.uni-trier.de/db/conf/mobiquitous/,人机交互与普适计算,,C,12,,,,66,,,,,,,,,,,,,,,,,,,,,,,,,,,,,,,,,,,,,,,,,,,,,,,,,no_candidate_pages,2026-07-30T10:48:20+00:00
ccf,中国计算机学会推荐国际学术会议和期刊目录（第七版，2026）,第七版中国计算机学会推荐国际学术会议和期刊目录（正式版）.csv,2026,conference,International Working Conference on Advanced Visual Interfaces,人机交互与普适计算,AVI,,,,ACM,http://dblp.uni-trier.de/db/conf/avi/,人机交互与普适计算,,C,13,,,,66,,,,,,,,,,,,,,,,,,,,,,,,,,,,,,,,,,,,,,,,,,,,,,,,,no_candidate_pages,2026-07-30T10:48:30+00:00
ccf,中国计算机学会推荐国际学术会议和期刊目录（第七版，2026）,第七版中国计算机学会推荐国际学术会议和期刊目录（正式版）.csv,2026,conference,"Conference on Green, Pervasive and Cloud Computing",人机交互与普适计算,GPC,,,,Springer,https://dblp.uni-trier.de/db/conf/gpc/index.html,人机交互与普适计算,,C,14,,,,66,,,,,,,,,,,,,,,,,,,,,,,,,,,,,,,,,,,,,,,,,,,,,绿色计算、普适计算与云计算交叉领域，涵盖能效优化、边缘智能、移动感知、城市计算、工业数字化及可持续云系统等方向。；关键词：绿色计算；普适计算；云计算；能效优化；边缘智能；移动感知；城市计算；工业数字化；可持续云系统,https://www.crowdos.cn/GPC2026/callForPapers.html,"Topics of interest include, but are not limited to: Green and Sustainable Computing and Communication...",high,ok,2026-07-30T10:48:40+00:00
ccf,中国计算机学会推荐国际学术会议和期刊目录（第七版，2026）,第七版中国计算机学会推荐国际学术会议和期刊目录（正式版）.csv,2026,conference,CCF International Conference on Extended Reality,人机交互与普适计算,ICXR,,,,Springer,https://dblp.uni-trier.de/db/conf/icxr/index.html,人机交互与普适计算,,C,15,,,,66,,,,,,,,,,,,,,,,,,,,,,,,,,,,,,,,,,,,,,,,,,,,,涵盖虚拟现实、增强现实、混合现实系统与技术，包括3D用户界面、沉浸式可视化、计算机图形学、3D计算机视觉、实时渲染、空间音频、触觉交互、显示光学、跟踪注册、虚拟人、AI生成内容、数字孪生、元宇宙等，以及XR在医疗、教育、工业、文化等领域的应用。；关键词：Virtual Reality；Augmented Reality；Mixed Reality；3D User Interfaces；Immersive Visualization；Computer Graphics；3D Computer Vision；AI-Generated Content；Digital Twins；Metaverse,https://icxr.net/2026/CallForPapers.html,"ICXR 2026 seeks original, high-quality papers in all areas related to extended reality (XR) technologies.",high,ok,2026-07-30T10:48:54+00:00
ccf,中国计算机学会推荐国际学术会议和期刊目录（第七版，2026）,第七版中国计算机学会推荐国际学术会议和期刊目录（正式版）.csv,2026,conference,The Web Conference （原 International World Wide Web Conference）,交叉/综合/新兴,WWW,,,,ACM,http://dblp.uni-trier.de/db/conf/www/,交叉/综合/新兴,,A,1,,,,70,superseded: The Web Conference 2026 Short Papers，不是主研究轨范围。,,,,,,,,,,,,,,,,,,,,,,,,,,,,,,,,,,,,,,,,,,,,The Web Conference（原WWW）是聚焦Web现状与演变的顶级会议，涵盖计算、计算社会科学、经济学和政治科学等多学科视角，接受研究论文、资源论文（数据集、基准、工具）及短论文。；关键词：Web；计算社会科学；经济学；政治科学；数据集；基准；工具；短论文,https://www2026.thewebconf.org/calls/short-papers.html,已废止自动候选：The Web Conference 2026 Short Papers，不是主研究轨范围。 The Web Conference is the premier conference focused on understanding the current state and the evolution of the Web thr,low,superseded,2026-07-30T10:49:05+00:00
ccf,中国计算机学会推荐国际学术会议和期刊目录（第七版，2026）,第七版中国计算机学会推荐国际学术会议和期刊目录（正式版）.csv,2026,conference,IEEE Real-Time Systems Symposium,交叉/综合/新兴,RTSS,,,,IEEE,http://dblp.uni-trier.de/db/conf/rtss/,交叉/综合/新兴,,A,2,,,,70,,,,,,,,,,,,,,,,,,,,,,,,,,,,,,,,,,,,,,,,,,,,,RTSS是实时系统领域的顶级会议，涵盖实时系统的理论、设计、分析、实现、验证、评估和实践经验，包括实时调度、时序分析、实时网络、AI与实时系统交叉等方向。；关键词：实时系统；调度算法；时序分析；实时网络；AI for 实时系统；嵌入式系统；形式化验证,https://2026.rtss.org/cfp/,The IEEE Real-Time Systems Symposium (RTSS) is the premier conference in the field of real-time systems,high,ok,2026-07-30T10:49:23+00:00
ccf,中国计算机学会推荐国际学术会议和期刊目录（第七版，2026）,第七版中国计算机学会推荐国际学术会议和期刊目录（正式版）.csv,2026,conference,Annual Meeting of the Cognitive Science Society,交叉/综合/新兴,CogSci,,,,Psychology Press,https://dblp.uni-trier.de/db/conf/cogsci/,交叉/综合/新兴,,B,1,,,,71,,,,,,,,,,,,,,,,,,,,,,,,,,,,,,,,,,,,,,,,,,,,,,,"The provided pages are about the Leibniz Association's solidarity with Ukraine and general news, containing no informati",low,not_relevant,2026-07-30T10:49:34+00:00
ccf,中国计算机学会推荐国际学术会议和期刊目录（第七版，2026）,第七版中国计算机学会推荐国际学术会议和期刊目录（正式版）.csv,2026,conference,IEEE International Conference on Bioinformatics and Biomedicine,交叉/综合/新兴,BIBM,,,,IEEE,http://dblp.uni-trier.de/db/conf/bibm/,交叉/综合/新兴,,B,2,,,,71,,,,,,,,,,,,,,,,,,,,,,,,,,,,,,,,,,,,,,,,,,,,,涵盖生物信息学、计算生物学、系统生物学、高通量测序、化学信息学、药物基因组学、生物医学健康信息学等交叉领域，征集高质量原创研究论文。；关键词：生物信息学；计算生物学；系统生物学；高通量测序；化学信息学；药物基因组学；生物医学健康信息学；机器学习；大数据；精准医学,https://www3.cs.stonybrook.edu/~bibm2026/callforpaper2026.html,IEEE BIBM 2026 provides a leading forum for disseminating the latest research in bioinformatics and health informatics.,high,ok,2026-07-30T10:49:49+00:00
ccf,中国计算机学会推荐国际学术会议和期刊目录（第七版，2026）,第七版中国计算机学会推荐国际学术会议和期刊目录（正式版）.csv,2026,conference,International Conference on Embedded Software,交叉/综合/新兴,EMSOFT,,,,IEEE/ACM /IFIP,http://dblp.uni-trier.de/db/conf/emsoft/,交叉/综合/新兴,,B,3,,,,71,,,,,,,,,,,,,,,,,,,,,,,,,,,,,,,,,,,,,,,,,,,,,EMSOFT是嵌入式软件领域的顶级会议，涵盖嵌入式软件设计、分析、验证、实时系统、多核处理器、嵌入式操作系统、安全、能效优化、形式化建模、测试验证等，以及汽车、航空、医疗等应用领域。；关键词：嵌入式软件；网络物理系统；实时系统；嵌入式操作系统；形式化验证；安全与隐私；能效优化；多核处理器,https://esweek.org/emsoft_cfp/,EMSOFT aims at advancing the science and engineering of embedded software,high,ok,2026-07-30T10:50:04+00:00
ccf,中国计算机学会推荐国际学术会议和期刊目录（第七版，2026）,第七版中国计算机学会推荐国际学术会议和期刊目录（正式版）.csv,2026,conference,International conference on Intelligent Systems for Molecular Biology,交叉/综合/新兴,ISMB,,,,Oxford Journals,https://dblp.org/db/conf/ismb/index.html,交叉/综合/新兴,,B,4,,,,71,,,,,,,,,,,,,,,,,,,,,,,,,,,,,,,,,,,,,,,,,,,,,,,,,no_candidate_pages,2026-07-30T10:50:14+00:00
ccf,中国计算机学会推荐国际学术会议和期刊目录（第七版，2026）,第七版中国计算机学会推荐国际学术会议和期刊目录（正式版）.csv,2026,conference,Annual International Conference on Research in Computational Molecular Biology,交叉/综合/新兴,RECOMB,,,,Springer,http://dblp.uni-trier.de/db/conf/recomb/,交叉/综合/新兴,,B,5,,,,71,,,,,,,,,,,,,,,,,,,,,,,,,,,,,,,,,,,,,,,,,,,,,涵盖计算分子生物学所有领域，包括算法与理论、序列分析、基因组学、转录组学、单细胞组学、蛋白质结构、群体遗传学、进化比较基因组学、系统生物学、生物医学数据隐私等理论与应用研究。；关键词：计算分子生物学；算法与理论；基因组学；转录组学；单细胞组学；蛋白质结构；群体遗传学；进化基因组学；系统生物学；数据隐私,http://recomb.org/recomb2026/call_for_papers.html,Papers reporting on original research in all areas of computational molecular biology are suitable for submission.,high,ok,2026-07-30T10:50:32+00:00
ccf,中国计算机学会推荐国际学术会议和期刊目录（第七版，2026）,第七版中国计算机学会推荐国际学术会议和期刊目录（正式版）.csv,2026,conference,International Conference on Medical Image Computing and Computer-Assisted Intervention,交叉/综合/新兴,MICCAI,,,,Springer,https://dblp.org/db/conf/miccai/index.html,交叉/综合/新兴,,B,6,,,,71,,,,,,,,,,,,,,,,,,,,,,,,,,,,,,,,,,,,,,,,,,,,,涵盖医学图像计算与计算机辅助干预的算法、临床转化、公平性、多模态数据融合、手术数据科学、点-of-care成像、个性化医疗等前沿方向，并特别关注中东及欠发达地区需求。；关键词：医学图像分割；计算机辅助诊断；可信AI；多模态数据融合；手术数据科学；图像引导机器人手术；临床转化；算法公平性,https://conferences.miccai.org/2026/en/CALL-FOR-PAPERS.html,"Topics of interest for MICCAI 2026 include, but are not limited to: Image formation and reconstruction...",high,ok,2026-07-30T10:50:50+00:00
ccf,中国计算机学会推荐国际学术会议和期刊目录（第七版，2026）,第七版中国计算机学会推荐国际学术会议和期刊目录（正式版）.csv,2026,conference,Conference on Web and Internet Economics,交叉/综合/新兴,WINE,,,,Springer,https://dblp.org/db/conf/wine/index.html,交叉/综合/新兴,,B,7,,,,71,,,,,,,,,,,,,,,,,,,,,,,,,,,,,,,,,,,,,,,,,,,,,该会议聚焦互联网与网络经济学，涵盖理论计算机科学、人工智能、运筹学与经济学交叉领域，探讨激励与计算的相互作用，尤其关注互联网环境中的大规模人群交互。；关键词：互联网经济学；网络经济学；激励与计算；理论计算机科学；人工智能；运筹学；经济学交叉,https://wine2026conf.github.io/#call-for-papers,an interdisciplinary platform for exchanging ideas and findings on incentives and computation,high,ok,2026-07-30T10:51:06+00:00
ccf,中国计算机学会推荐国际学术会议和期刊目录（第七版，2026）,第七版中国计算机学会推荐国际学术会议和期刊目录（正式版）.csv,2026,conference,American Medical Informatics Association Annual Symposium,交叉/综合/新兴,AMIA,,,,AMIA,http://dblp.uni-trier.de/db/conf/amia/,交叉/综合/新兴,,C,1,,,,72,,,,,,,,,,,,,,,,,,,,,,,,,,,,,,,,,,,,,,,,,,,,,,,"The provided pages are about the Leibniz Association's statement on Ukraine and general news, containing no information",low,not_relevant,2026-07-30T10:51:15+00:00
ccf,中国计算机学会推荐国际学术会议和期刊目录（第七版，2026）,第七版中国计算机学会推荐国际学术会议和期刊目录（正式版）.csv,2026,conference,Asia Pacific Bioinformatics Conference,交叉/综合/新兴,APBC,,,,BioMed Central,http://dblp.uni-trier.de/db/conf/apbc/,交叉/综合/新兴,,C,2,,,,72,,,,,,,,,,,,,,,,,,,,,,,,,,,,,,,,,,,,,,,,,,,,,涵盖生物信息学与计算生物学的所有主题，包括人工智能在生物信息学中的应用、整合多组学数据分析、单细胞与空间转录组学、非编码RNA、比较基因组学、计算蛋白质组学、网络生物学、微生物组、结构生物信息学、药物设计及生物医学信息学等。；关键词：生物信息学；计算生物学；人工智能；多组学；单细胞转录组学；比较基因组学；网络生物学；结构生物信息学；药物设计；生物医学信息学,https://www.apbc2026.com/submission/call-for-papers,APBC2026 invites high quality original full papers on any topic related to bioinformatics and computational biology.,high,ok,2026-07-30T10:51:29+00:00
ccf,中国计算机学会推荐国际学术会议和期刊目录（第七版，2026）,第七版中国计算机学会推荐国际学术会议和期刊目录（正式版）.csv,2026,conference,IEEE International Conference on Big Data,交叉/综合/新兴,IEEE BigData,,,,IEEE,https://dblp.uni-trier.de/db/conf/bigdataconf/,交叉/综合/新兴,,C,3,,,,72,,,,,,,,,,,,,,,,,,,,,,,,,,,,,,,,,,,,,,,,,,,,,涵盖大数据科学基础、基础设施、管理、搜索挖掘、应用（如科学、工程、医疗、金融、智慧城市）及大模型、数据生态、基准测试等前沿方向。；关键词：Big Data Science；大数据基础设施；大数据管理；大数据搜索与挖掘；Foundation Models；大数据应用；数据生态；基准测试,https://bigdataieee.org/BigData2026/calls/papers/,Call for Papers 2026 IEEE International Conference on Big Data,high,ok,2026-07-30T10:51:39+00:00
ccf,中国计算机学会推荐国际学术会议和期刊目录（第七版，2026）,第七版中国计算机学会推荐国际学术会议和期刊目录（正式版）.csv,2026,conference,IEEE International Conference on Cloud Computing,交叉/综合/新兴,IEEE CLOUD,,,,IEEE,http://dblp.uni-trier.de/db/conf/IEEEcloud/,交叉/综合/新兴,,C,4,,,,72,,,,,,,,,,,,,,,,,,,,,,,,,,,,,,,,,,,,,,,,,,,,,涵盖云架构与基础设施、云管理与运维、可持续云计算、云安全与隐私、新兴技术中的云计算（如AI/ML、边缘智能、IoT、数字孪生、量子计算、5G/6G、区块链）以及云经济学等XaaS全范式创新。；关键词：Cloud Architecture；Cloud Management；Sustainable Cloud；Cloud Security；AI/ML in Cloud；Edge Intelligence；IoT；Digital Twins；Quantum Computing；5G/6G；Blockchain；Cloud Economics,https://services.conferences.computer.org/2026/cloud/cloud-call-for-papers,Topics of interest include but are not limited to the following: Cloud Architecture and Infrastructure...,high,ok,2026-07-30T10:51:53+00:00
ccf,中国计算机学会推荐国际学术会议和期刊目录（第七版，2026）,第七版中国计算机学会推荐国际学术会议和期刊目录（正式版）.csv,2026,conference,"IEEE International Conference on Systems, Man, and Cybernetics",交叉/综合/新兴,SMC,,,,IEEE,https://dblp.uni-trier.de/db/conf/smc/,交叉/综合/新兴,,C,5,,,,72,,,,,,,,,,,,,,,,,,,,,,,,,,,,,,,,,,,,,,,,,,,,,涵盖系统科学与工程、人机系统、控制论三大领域，包括计算智能、机器学习、大数据、脑机接口、智能系统、社会计算等前沿方向。；关键词：系统科学与工程；人机系统；控制论；计算智能；机器学习；大数据；脑机接口；智能系统；社会计算,https://www.ieeesmc2026.org/call-for-papers,"Topics: Cybernetics, Human-Machine Systems, Systems Science & Engineering, 及具体子方向列表",high,ok,2026-07-30T10:52:05+00:00
ccf,中国计算机学会推荐国际学术会议和期刊目录（第七版，2026）,第七版中国计算机学会推荐国际学术会议和期刊目录（正式版）.csv,2026,conference,International Conference on Spatial Information Theory,交叉/综合/新兴,COSIT,,,,ACM,http://dblp.uni-trier.de/db/conf/cosit/,交叉/综合/新兴,,C,6,,,,72,,,,,,,,,,,,,,,,,,,,,,,,,,,,,,,,,,,,,,,,,,,,,,https://www.reddit.com/submit?url=https%3A%2F%2Fceur-ws.org%2FVol-2455&title=%22Proceedings+of+the+Workshop+on+Speaking+of+Location+2019%3A+Communicating+about+Space+co-located+with+14th+International+Conference+on+Spatial+Information+Theory+%28COSIT+2019%29%2C+Regensburg%2C+Germany%2C+September+9-13%2C+2019.%22,Reddit submission page with no scope information,low,not_relevant,2026-07-30T10:52:22+00:00
ccf,中国计算机学会推荐国际学术会议和期刊目录（第七版，2026）,第七版中国计算机学会推荐国际学术会议和期刊目录（正式版）.csv,2026,conference,International Symposium on Bioinformatics Research and Applications,交叉/综合/新兴,ISBRA,,,,Springer,https://dblp.uni-trier.de/db/conf/isbra/,交叉/综合/新兴,,C,7,,,,72,,,,,,,,,,,,,,,,,,,,,,,,,,,,,,,,,,,,,,,,,,,,,ISBRA 2026征稿涵盖生物信息学、计算生物学及系统生物学的研究与应用，包括算法、数据库、机器学习、基因组学、蛋白质组学、药物发现等方向。论文将发表在Springer LNBI系列，并推荐至多个SCI期刊特刊。；关键词：生物信息学；计算生物学；系统生物学；基因组学；蛋白质组学；机器学习；药物发现；LNBI,https://isbra2026.scimeeting.cn/en/web/index/34584_3234924,Call for Papers: Submit extended abstracts (up to 12 pages) for publication in Springer LNBI and invitation to special i,high,ok,2026-07-30T10:52:32+00:00
ccf,中国计算机学会推荐国际学术会议和期刊目录（第七版，2026）,第七版中国计算机学会推荐国际学术会议和期刊目录（正式版）.csv,2026,conference,International Symposium on Algorithmic Game Theory,交叉/综合/新兴,SAGT,,,,Springer,https://dblp.org/db/conf/sagt/index.html,交叉/综合/新兴,,C,8,,,,72,,,,,,,,,,,,,,,,,,,,,,,,,,,,,,,,,,,,,,,,,,,,,SAGT涵盖算法博弈论的基础研究，包括均衡概念、效率与无政府代价、计算方面、学习与动态、网络博弈、拍卖设计、算法合约设计、机制设计、互联网经济学与计算广告、声誉与推荐等。；关键词：算法博弈论；均衡概念；效率与无政府代价；学习与动态；网络博弈；拍卖设计；机制设计；互联网经济学,https://www.uni-augsburg.de/de/fakultaet/fai/conferences/sagt-2026/,"The purpose of SAGT is to bring together researchers from Computer Science, Economics, Mathematics, Operations Research,",high,ok,2026-07-30T10:52:51+00:00
ccf,中国计算机学会推荐国际学术会议和期刊目录（第七版，2026）,第七版中国计算机学会推荐国际学术会议和期刊目录（正式版）.csv,2026,conference,ACM Special Interest Group on Spatial Information,交叉/综合/新兴,SIGSPATIAL,,,,ACM,https://dblp.org/db/journals/sigspatial/index.html,交叉/综合/新兴,,C,9,,,,72,,,,,,,,,,,,,,,,,,,,,,,,,,,,,,,,,,,,,,,,,,,,,ACM SIGSPATIAL 国际会议聚焦地理信息系统（GIS）的进展，涵盖从应用、用户界面、可视化到数据存储、查询处理和索引等所有概念、设计和实现方面，旨在促进跨学科讨论和研究。；关键词：地理信息系统；GIS；空间数据；数据存储；查询处理；可视化；应用,https://sigspatial2026.sigspatial.org/,"The conference provides a forum for original research contributions covering all conceptual, design, and implementation ",high,ok,2026-07-30T10:53:07+00:00
ccf,中国计算机学会推荐国际学术会议和期刊目录（第七版，2026）,第七版中国计算机学会推荐国际学术会议和期刊目录（正式版）.csv,2026,conference,International Conference on Intelligent Computing,交叉/综合/新兴,ICIC,,,,Springer-Nature,https://dblp.org/db/conf/icic/index.html,交叉/综合/新兴,,C,10,,,,72,,,,,,,,,,,,,,,,,,,,,,,,,,,,,,,,,,,,,,,,,,,,,,,,,no_candidate_pages,2026-07-30T10:53:19+00:00
ccf,中国计算机学会推荐国际学术会议和期刊目录（第七版，2026）,第七版中国计算机学会推荐国际学术会议和期刊目录（正式版）.csv,2026,conference,International Conference on Service Science,交叉/综合/新兴,ICSS,,,,CCF/Springer,https://dblp.uni-trier.de/db/conf/service/index.html,交叉/综合/新兴,,C,11,,,,72,,,,,,,,,,,,,,,,,,,,,,,,,,,,,,,,,,,,,,,,,,,,,服务科学理论与应用，涵盖服务管理、运营、工程、设计、数字化、营销，以及AI驱动的智慧城市、医疗、金融、物流、供应链、大数据、机器学习、数字转型、人机协作、量子计算、元宇宙等前沿领域。；关键词：服务科学；AI驱动服务；服务管理；大数据分析；数字转型；智慧城市；医疗健康；金融科技；供应链优化；人机协作,https://icss2026.servicescienceglobal.org/calls/,Abstracts or Papers are welcome in any area of Service Science Research and Applications including but not limited to:,high,ok,2026-07-30T10:53:36+00:00
ccf,中国计算机学会推荐国际学术会议和期刊目录（第七版，2026）,第七版中国计算机学会推荐国际学术会议和期刊目录（正式版）.csv,2026,conference,Advances in Financial Technologies,交叉/综合/新兴,AFT,,,,Springer,https://dblp.uni-trier.de/db/conf/aft/index.html,交叉/综合/新兴,,C,12,,,,72,,,,,,,,,,,,,,,,,,,,,,,,,,,,,,,,,,,,,,,,,,,,,AFT是金融技术领域的顶级会议，涵盖数字货币、区块链、去中心化金融、智能合约、共识协议、隐私、安全、经济分析等前沿主题。；关键词：数字货币；区块链；去中心化金融；智能合约；共识协议；隐私；安全；经济分析,https://aft.ifca.ai/aft26/CFP.html,The international conference on Advances in Financial Technologies (AFT) is a premier venue for presenting the latest de,high,ok,2026-07-30T10:53:45+00:00
ccf,中国计算机学会推荐国际学术会议和期刊目录（第七版，2026）,第七版中国计算机学会推荐国际学术会议和期刊目录（正式版）.csv,2026,conference,International Joint Conference on Theoretical Computer Science - Frontier of Algorithmic Wisdom,交叉/综合/新兴,IJTCS-FAW,,,,Springer,https://dblp.uni-trier.de/db/conf/faw/index.html,交叉/综合/新兴,,C,13,,,,72,,,,,,,,,,,,,,,,,,,,,,,,,,,,,,,,,,,,,,,,,,,,,该会议涵盖理论计算机科学前沿与算法智慧，包括但不限于算法、复杂性理论、计算博弈论、机器学习理论、计算经济学、区块链、量子计算等交叉领域。；关键词：理论计算机科学；算法；复杂性理论；计算博弈论；机器学习理论；计算经济学；区块链；量子计算,https://github.com/IJTCS-FAW2026/IJTCS-FAW2026/tree/main/ijtcs-faw-2026-draft,"IJTCS-FAW 2026 Website Draft - Call for Papers, submission, committees, program, keynotes",medium,ok,2026-07-30T10:53:56+00:00
