scope_id	match_dataset	match_version_year	match_record_type	match_name	match_abbreviation	scope_summary	topic_tags	keywords_zh	keywords_en	article_types	accepts_original_research	submission_mode	scope_context	scope_year	out_of_scope	source_type	source_url	source_accessed_at	evidence	review_status	reviewed_by	reviewed_at	review_notes	secondary_source_urls	target_status
ccf-2026-ppopp-main-2026	ccf	2026	conference	ACM SIGPLAN Symposium on Principles & Practice of Parallel Programming	PPoPP	并行与高性能编程的语言、编译器、运行时、系统、算法和应用，覆盖多核、GPU、FPGA、异构、分布式及新兴并行平台。	parallel_hpc;accelerators_heterogeneous;compilers_runtime	并行编程；高性能计算；异构计算；GPU；FPGA；编译器；运行时系统；分布式计算	parallel programming;high-performance computing;heterogeneous computing;GPU;FPGA;compiler;runtime;distributed computing	original_research;systems_experience	yes	open	main_track	2026	仅使用并行平台但没有并行编程、系统或性能方面研究贡献的应用论文通常不匹配。	official_cfp	https://ppopp26.sigplan.org/track/PPoPP-2026-papers	2026-08-06	主会研究轨覆盖并行编程的原理、实践、系统与应用。	approved	project-curation	2026-08-06	按主会 research papers 审核整理。		active_target
ccf-2026-fast-main-2026	ccf	2026	conference	USENIX Conference on File and Storage Technologies	FAST	文件系统与存储系统的设计、实现和评估，包括分布式存储、缓存、持久内存、可靠性、安全、数据管理与存储硬件协同。	storage_filesystems;distributed_cloud_edge;system_security	文件系统；存储系统；分布式存储；缓存；持久内存；可靠性；存储安全；数据布局	file systems;storage systems;distributed storage;caching;persistent memory;reliability;storage security;data layout	original_research;systems_experience	yes	open	main_track	2026	不以存储或文件系统为核心贡献的通用数据库、网络和机器学习论文不匹配。	official_cfp	https://www.usenix.org/conference/fast26/call-for-papers	2026-08-06	主会征集文件与存储技术相关的系统研究。 官方范围要点：文件系统与存储系统的设计、实现和评估，包括分布式存储、缓存、持久内存、可靠性、安全、数据管理与存储硬件协同。	approved	project-curation	2026-08-06	替换旧 FAST 2002 来源。		active_target
ccf-2026-dac-main-2026	ccf	2026	conference	Design Automation Conference	DAC	电子设计自动化、芯片与系统设计方法，包括逻辑与物理设计、验证、测试、嵌入式系统、EDA 算法、AI 辅助芯片设计和硬件安全。	eda_cad;arch_microarchitecture;formal_methods_verification;hardware_security	电子设计自动化；集成电路设计；EDA；逻辑综合；物理设计；验证；测试；芯片设计；硬件安全	electronic design automation;integrated circuit design;EDA;logic synthesis;physical design;verification;testing;chip design;hardware security	original_research;applied_research	yes	open	main_track	2026	纯器件、工艺或电路论文需体现明确的设计自动化、系统设计或方法学贡献。	official_cfp	https://dac.com/2026/research-manuscript-submissions	2026-08-06	研究轨围绕电子系统与芯片的设计自动化和设计方法。	approved	project-curation	2026-08-06	按 Research Manuscripts 范围整理。		active_target
ccf-2026-hpca-main-2026	ccf	2026	conference	IEEE International Symposium on High Performance Computer Architecture	HPCA	高性能计算机体系结构，包括处理器、内存与互连、加速器、数据中心和边缘架构、可靠性、安全、能效及软硬件协同。	arch_microarchitecture;accelerators_heterogeneous;parallel_hpc	高性能体系结构；处理器；内存系统；互连；加速器；数据中心；能效；可靠性；软硬件协同	high-performance architecture;processor;memory system;interconnect;accelerator;data center;energy efficiency;reliability;hardware-software co-design	original_research	yes	open	main_track	2026	没有体系结构设计、分析或评估贡献的纯应用和算法论文不匹配。	official_cfp	https://2026.hpca-conf.org/track/hpca-2026-main-conference	2026-08-06	主会聚焦高性能计算机体系结构的新思想和实验结果。	approved	project-curation	2026-08-06	使用当前主会范围替换 TH 2019 历史来源。		active_target
ccf-2026-micro-main-2026	ccf	2026	conference	IEEE/ACM International Symposium on Microarchitecture	MICRO	处理器与系统微架构、编译器和运行时协同，覆盖核心、内存层次、互连、加速器、安全、可靠性、能效和新型计算范式。	arch_microarchitecture;accelerators_heterogeneous;compilers_runtime	微架构；处理器；缓存；内存层次；互连；加速器；编译器；运行时；安全；能效	microarchitecture;processor;cache;memory hierarchy;interconnect;accelerator;compiler;runtime;security;energy efficiency	original_research	yes	open	main_track	2026	纯电路、器件或应用工作需有清晰的微架构贡献。	official_cfp	https://microarch.hosting.acm.org/micro59/submit/papers.php	2026-08-06	会议系列主轨聚焦创新微架构思想与技术。 官方范围要点：处理器与系统微架构、编译器和运行时协同，覆盖核心、内存层次、互连、加速器、安全、可靠性、能效和新型计算范式。	approved	project-curation	2026-08-06	按 MICRO 主会研究范围整理。		active_target
ccf-2026-sc-main-2026	ccf	2026	conference	International Conference for High Performance Computing, Networking, Storage, and Analysis	SC	高性能计算的算法、应用、体系结构、网络、存储、系统软件、编程模型、数据分析、性能工程和大规模科学计算。	parallel_hpc;scientific_computing;distributed_cloud_edge;storage_filesystems	高性能计算；超级计算；并行算法；科学计算；系统软件；高速网络；存储；性能分析；大规模数据	high-performance computing;supercomputing;parallel algorithm;scientific computing;system software;high-speed network;storage;performance analysis;large-scale data	original_research;systems_experience	yes	open	main_track	2026	普通规模应用或仅调用现成 HPC 平台、缺乏并行与高性能贡献的论文不匹配。	official_cfp	https://sc26.supercomputing.org/program/papers/	2026-08-06	技术论文项目覆盖高性能计算、网络、存储和分析。	approved	project-curation	2026-08-06	按 SC technical papers 整理。		active_target
ccf-2026-asplos-main-2026	ccf	2026	conference	International Conference on Architectural Support for Programming Languages and Operating Systems	ASPLOS	跨越体系结构、操作系统和编程语言的软硬件系统研究，包括加速器、编译与运行时、云边系统、安全、可靠性和新型应用负载。	arch_microarchitecture;operating_systems;programming_languages;accelerators_heterogeneous	体系结构；操作系统；编程语言；编译器；运行时；加速器；软硬件协同；云边系统；系统安全	computer architecture;operating system;programming language;compiler;runtime;accelerator;hardware-software co-design;cloud edge system;system security	original_research;systems_experience	yes	open	main_track	2026	单一领域工作需体现对跨层系统设计或 ASPLOS 社区的重要影响。	official_cfp	https://www.asplos-conference.org/asplos2026/cfp/	2026-08-06	主会连接体系结构、程序语言与操作系统。 官方范围要点：跨越体系结构、操作系统和编程语言的软硬件系统研究，包括加速器、编译与运行时、云边系统、安全、可靠性和新型应用负载。	approved	project-curation	2026-08-06	按 ASPLOS research track 整理。		active_target
ccf-2026-isca-main-2026	ccf	2026	conference	International Symposium on Computer Architecture	ISCA	计算机体系结构的新设计与实验研究，覆盖处理器、内存、互连、多处理器、数据中心、移动与嵌入式、加速器、安全和新兴计算技术。	arch_microarchitecture;accelerators_heterogeneous;parallel_hpc	计算机体系结构；处理器；内存系统；互连；多处理器；数据中心；加速器；移动计算；嵌入式；安全	computer architecture;processor;memory system;interconnect;multiprocessor;data center;accelerator;mobile computing;embedded;security	original_research	yes	open	main_track	2026	没有体系结构层创新、分析或实验结论的纯算法与应用论文不匹配。	official_cfp	https://www.iscaconf.org/isca2026/submit/callforpapers.php	2026-08-06	主会征集计算机体系结构的新思想与实验结果。	approved	project-curation	2026-08-06	替换 ISCA 2019 历史来源。		active_target
ccf-2026-sigops-atc-main-2026	ccf	2026	conference	ACM SIGOPS Annual Technical Conference	ACM SIGOPS ATC （原 USENIX ATC）	计算机系统软件的设计、实现与实践，包括操作系统、分布式系统、存储、网络、虚拟化、安全、可靠性、性能和软硬件交互。	operating_systems;distributed_cloud_edge;storage_filesystems;performance_measurement	系统软件；操作系统；分布式系统；存储；网络系统；虚拟化；可靠性；性能评估；软硬件协同	systems software;operating system;distributed system;storage;networked system;virtualization;reliability;performance evaluation;hardware-software interaction	original_research;systems_experience	yes	open	main_track	2026	缺少系统设计、实现或真实评估贡献的纯理论与应用论文不匹配。	official_cfp	https://sigops.org/s/conferences/atc/2026/cfp.html	2026-08-06	年度技术会议覆盖系统软件的实际方面。 官方范围要点：计算机系统软件的设计、实现与实践，包括操作系统、分布式系统、存储、网络、虚拟化、安全、可靠性、性能和软硬件交互。	approved	project-curation	2026-08-06	按更名后的 ACM SIGOPS ATC 主轨整理。		active_target
ccf-2026-eurosys-main-2026	ccf	2026	conference	European Conference on Computer Systems	EuroSys	计算机系统研究，包括操作系统、分布式与云边系统、存储、网络系统、移动与嵌入式、虚拟化、可靠性、安全、性能与可持续系统。	operating_systems;distributed_cloud_edge;storage_filesystems;embedded_realtime_cps	操作系统；分布式系统；云计算；边缘计算；存储；网络系统；移动系统；嵌入式；虚拟化；可靠性	operating system;distributed system;cloud computing;edge computing;storage;networked system;mobile system;embedded;virtualization;reliability	original_research;systems_experience	yes	open	main_track	2026	没有系统构建、设计或评估贡献的纯算法和应用工作不匹配。	official_cfp	https://2026.eurosys.org/cfp.html	2026-08-06	主会面向计算机系统领域的原创研究。 官方范围要点：计算机系统研究，包括操作系统、分布式与云边系统、存储、网络系统、移动与嵌入式、虚拟化、可靠性、安全、性能与可持续系统。	approved	project-curation	2026-08-06	按 EuroSys main conference 整理。		active_target
ccf-2026-hpdc-main-2026	ccf	2026	conference	The International ACM Symposium on High-Performance Parallel and Distributed Computing	HPDC	高性能并行与分布式计算系统，包括集群、云、边缘、网格、运行时与中间件、资源调度、数据密集计算、性能、能效和韧性。	parallel_hpc;distributed_cloud_edge;resource_allocation_scheduling;performance_measurement	高性能分布式计算；集群；云边计算；运行时；中间件；任务调度；资源管理；数据密集计算；性能；容错	high-performance distributed computing;cluster;cloud edge computing;runtime;middleware;scheduling;resource management;data-intensive computing;performance;resilience	original_research;systems_experience	yes	open	main_track	2026	普通分布式应用若无高性能、规模、调度或系统贡献通常不匹配。	official_cfp	https://hpdc.sci.utah.edu/2026/calls.html	2026-08-06	主会围绕高性能并行与分布式计算。 官方范围要点：高性能并行与分布式计算系统，包括集群、云、边缘、网格、运行时与中间件、资源调度、数据密集计算、性能、能效和韧性。	approved	project-curation	2026-08-06	按 HPDC technical papers 整理。		active_target
ccf-2026-sigcomm-main-2026	ccf	2026	conference	ACM International Conference on Applications, Technologies, Architectures, and Protocols for Computer Communication	SIGCOMM	数据通信网络与网络化系统，覆盖网络架构、协议、硬件软件、无线与有线网络、资源管理、测量、性能、可靠性、安全、隐私和 AI for networking。	network_arch_protocols;datacenter_networking;wireless_mobile;performance_measurement	计算机网络；网络架构；网络协议；数据中心网络；有线无线网络；拥塞控制；资源管理；网络测量；网络安全；网络智能	computer network;network architecture;network protocol;data-center network;wired wireless network;congestion control;resource management;network measurement;network security;AI for networking	original_research;systems_experience	yes	open	main_track	2026	综述和教程不属于研究轨；缺少网络研究贡献的通用分布式应用不匹配。	official_cfp	https://conferences.sigcomm.org/sigcomm/2026/cfp/	2026-08-06	主会对通信网络和网络化系统采取宽口径。 官方范围要点：数据通信网络与网络化系统，覆盖网络架构、协议、硬件软件、无线与有线网络、资源管理、测量、性能、可靠性、安全、隐私和 AI for networking。	approved	project-curation	2026-08-06	已核对 2026 research/experience 主轨。		active_target
ccf-2026-mobicom-main-2026	ccf	2026	conference	ACM International Conference on Mobile Computing and Networking	MobiCom	移动与无线计算和网络系统，包括蜂窝与 Wi-Fi、移动边缘、物联网、无线感知、定位、移动应用、能效、安全和实验系统。	wireless_mobile;edge_networking;iot_sensor;network_arch_protocols	移动计算；无线网络；蜂窝网络；Wi-Fi；移动边缘计算；物联网；无线感知；定位；移动系统；无线安全	mobile computing;wireless network;cellular network;Wi-Fi;mobile edge computing;Internet of Things;wireless sensing;localization;mobile system;wireless security	original_research;systems_experience	yes	open	main_track	2026	纯物理层算法若没有移动计算、网络或系统贡献通常不匹配。	official_cfp	https://www.sigmobile.org/mobicom/2026/cfp.html	2026-08-06	主会聚焦移动计算与无线网络系统。 官方范围要点：移动与无线计算和网络系统，包括蜂窝与 Wi-Fi、移动边缘、物联网、无线感知、定位、移动应用、能效、安全和实验系统。	approved	project-curation	2026-08-06	按 MobiCom main conference 整理。		active_target
ccf-2026-infocom-main-2026	ccf	2026	conference	IEEE International Conference on Computer Communications	INFOCOM	计算机与通信网络的协议、算法、系统和实验研究，包括无线与移动网络、资源分配、网络优化、边缘物联网、测量、安全和机器学习网络。	network_arch_protocols;wireless_mobile;resource_allocation_scheduling;edge_networking	通信网络；网络协议；无线网络；移动网络；资源分配；网络优化；调度；边缘计算；物联网；网络测量；网络安全	communication network;network protocol;wireless network;mobile network;resource allocation;network optimization;scheduling;edge computing;Internet of Things;network measurement;network security	original_research	yes	open	main_track	2026	仅有通信物理层波形或器件创新、缺少网络层问题与评价的工作通常不匹配。	official_cfp	https://infocom2026.ieee-infocom.org/call-papers	2026-08-06	主会覆盖计算机通信网络的理论、协议、系统与实验。	approved	project-curation	2026-08-06	重点加入网络资源分配和优化标签。		active_target
ccf-2026-nsdi-main-2026	ccf	2026	conference	Symposium on Network System Design and Implementation	NSDI	网络化与分布式系统的设计、实现和实际评估，包括云与多租户、分布式存储、虚拟化、资源管理、网络测量、可靠性、安全及 ML systems。	network_arch_protocols;distributed_cloud_edge;datacenter_networking;resource_allocation_scheduling	网络化系统；分布式系统；云系统；分布式存储；虚拟化；资源管理；网络测量；可靠性；系统安全；机器学习系统	networked system;distributed system;cloud system;distributed storage;virtualization;resource management;network measurement;reliability;system security;machine learning system	original_research;systems_experience	yes	open	main_track	2026	明确排除以波束成形、调制等物理层，手势感知、环境制图以及纯硬件架构为核心的论文。负向关键词：波束成形；beamforming；调制；modulation；物理层；physical layer；手势感知；环境制图；硬件架构。	official_cfp	https://www.usenix.org/conference/nsdi26/call-for-papers	2026-08-06	主会强调网络化系统设计与实现，并列出明确排除项。	approved	project-curation	2026-08-06	保留 CFP 的显式 out-of-scope 边界。		active_target
ccf-2026-ccs-main-2026	ccf	2026	conference	ACM Conference on Computer and Communications Security	CCS	计算机与通信安全的理论、系统和实证研究，包括系统与软件安全、网络安全、密码应用、隐私、身份认证、硬件安全、社会技术安全和安全测量。	system_security;network_security;software_security;privacy_anonymity	系统安全；软件安全；网络安全；应用密码；隐私；身份认证；硬件安全；恶意软件；安全测量；社会技术安全	system security;software security;network security;applied cryptography;privacy;authentication;hardware security;malware;security measurement;socio-technical security	original_research;systems_experience	yes	open	main_track	2026	纯密码理论更适合 CRYPTO/EUROCRYPT；普通网络或软件工作需以安全贡献为核心。	official_cfp	https://www.sigsac.org/ccs/CCS2026/call-for/call-for-papers.html	2026-08-06	主会覆盖计算机与通信安全的广泛研究主题。	approved	project-curation	2026-08-06	按 CCS main technical track 整理。		active_target
ccf-2026-eurocrypt-main-2026	ccf	2026	conference	International Conference on the Theory and Applications of Cryptographic Techniques	EUROCRYPT	密码学基础理论、原语、协议及其安全分析和实现，包括公钥与对称密码、零知识、多方计算、后量子密码、隐私增强技术和应用密码。	cryptography;privacy_anonymity;hardware_security	密码学；密码协议；零知识证明；多方安全计算；后量子密码；同态加密；隐私增强；密码实现	cryptography;cryptographic protocol;zero-knowledge proof;secure multiparty computation;post-quantum cryptography;homomorphic encryption;privacy-enhancing technology;cryptographic implementation	original_research;theory_methods	yes	open	main_track	2026	仅使用密码工具但没有密码学新贡献的通用安全系统论文通常不匹配。	official_cfp	https://eurocrypt.iacr.org/2026/callforpapers.php	2026-08-06	IACR 主会征集所有密码学主题的原创研究。	approved	project-curation	2026-08-06	按 EUROCRYPT 2026 主会范围整理。		active_target
ccf-2026-sp-main-2026	ccf	2026	conference	IEEE Symposium on Security and Privacy	S&P	安全与隐私的基础、系统和实证研究，包括系统、软件、网络、硬件、数据与 AI 安全，隐私、密码应用、测量、人因与社会技术安全。	system_security;privacy_anonymity;software_security;network_security	系统安全；隐私；软件安全；网络安全；硬件安全；AI安全；安全测量；人因安全；应用密码	system security;privacy;software security;network security;hardware security;AI security;security measurement;human-centered security;applied cryptography	original_research;systems_experience	yes	open	main_track	2026	论文必须把安全或隐私问题及贡献置于核心，而非仅把安全作为应用场景。	official_cfp	https://sp2026.ieee-security.org/cfpapers.html	2026-08-06	主会覆盖安全与隐私的广泛技术和实证方向。	approved	project-curation	2026-08-06	按 main conference papers 整理。		active_target
ccf-2026-crypto-main-2026	ccf	2026	conference	International Cryptology Conference	CRYPTO	密码学的理论与应用，包括基础理论、密码原语与协议、零知识、多方计算、格与后量子密码、量子密码、隐私技术及安全实现。	cryptography;privacy_anonymity;theory_methods	密码学理论；密码原语；密码协议；零知识；多方计算；格密码；后量子密码；量子密码；隐私；侧信道	cryptographic theory;cryptographic primitive;protocol;zero knowledge;multiparty computation;lattice cryptography;post-quantum cryptography;quantum cryptography;privacy;side channel	original_research;theory_methods	yes	open	main_track	2026	单纯使用现有密码机制的系统论文通常不属于核心范围。	official_cfp	https://crypto.iacr.org/2026/callforpapers.php	2026-08-06	IACR 主会面向所有密码学主题的原创研究。	approved	project-curation	2026-08-06	按 CRYPTO 2026 主会整理。		active_target
ccf-2026-usenix-security-main-2026	ccf	2026	conference	USENIX Security Symposium	USENIX Security	安全与隐私的系统、实证和应用研究，包括操作系统、网络、软件、Web、移动、硬件、AI、安全测量、取证、人因与真实部署。	system_security;network_security;software_security;forensics_trust	系统安全；网络安全；软件安全；Web安全；移动安全；硬件安全；AI安全；安全测量；数字取证；人因安全	system security;network security;software security;web security;mobile security;hardware security;AI security;security measurement;digital forensics;usable security	original_research;systems_experience	yes	open	main_track	2026	纯密码理论或没有实质安全贡献的通用系统研究通常不匹配。	official_cfp	https://www.usenix.org/conference/usenixsecurity26/call-for-papers	2026-08-06	主会聚焦安全与隐私的高质量系统和实证研究。	approved	project-curation	2026-08-06	修正此前误连 WOOT workshop 的来源。		active_target
ccf-2026-ndss-main-2026	ccf	2026	conference	Network and Distributed System Security Symposium	NDSS	网络与分布式系统安全，包括协议、网络基础设施、Web、移动与物联网、云、软件、硬件、隐私、测量和可部署防御。	network_security;system_security;software_security;privacy_anonymity	网络安全；分布式系统安全；协议安全；Web安全；移动与物联网安全；云安全；隐私；恶意软件；安全测量	network security;distributed system security;protocol security;web security;mobile IoT security;cloud security;privacy;malware;security measurement	original_research;systems_experience	yes	open	main_track	2026	纯密码理论或与网络/分布式系统缺乏联系的安全工作通常不匹配。	official_cfp	https://www.ndss-symposium.org/ndss2026/submissions/call-for-papers/	2026-08-06	主会范围以网络和分布式系统安全为中心。 官方范围要点：网络与分布式系统安全，包括协议、网络基础设施、Web、移动与物联网、云、软件、硬件、隐私、测量和可部署防御。	approved	project-curation	2026-08-06	按 NDSS technical papers 整理。		active_target
ccf-2026-pldi-main-2026	ccf	2026	conference	ACM SIGPLAN Conference on Programming Language Design and Implementation	PLDI	编程语言设计与实现，包括编译器、程序分析、运行时、程序优化、并发与并行语言、领域专用语言、程序合成和软硬件协同。	programming_languages;compilers_runtime;testing_analysis;program_synthesis	编程语言；编译器；程序分析；运行时；编译优化；并发编程；领域专用语言；程序合成；软硬件协同	programming language;compiler;program analysis;runtime;compiler optimization;concurrent programming;domain-specific language;program synthesis;hardware-software co-design	original_research;systems_experience	yes	open	main_track	2026	仅使用现有语言或编译器而没有语言、实现或程序分析贡献的应用论文不匹配。	official_cfp	https://pldi26.sigplan.org/track/pldi-2026-papers	2026-08-06	主会研究轨覆盖程序语言设计、实现与应用。	approved	project-curation	2026-08-06	修正自动摘取 not_relevant 状态。		active_target
ccf-2026-popl-main-2026	ccf	2026	conference	ACM SIGPLAN-SIGACT Symposium on Principles of Programming Languages	POPL	程序语言的基础原理，包括类型系统、语义、逻辑、程序验证与分析、语言设计、并发、概率与量子编程、安全编译和程序合成。	programming_languages;logic_semantics;formal_methods_verification;program_synthesis	程序语言原理；类型系统；程序语义；程序逻辑；形式化验证；程序分析；并发；概率编程；量子编程；程序合成	principles of programming languages;type system;program semantics;program logic;formal verification;program analysis;concurrency;probabilistic programming;quantum programming;program synthesis	original_research;theory_methods	yes	open	main_track	2026	普通软件工程或仅实现语言工具、缺少原理性贡献的论文通常不匹配。	official_cfp	https://popl26.sigplan.org/track/POPL-2026-popl-research-papers	2026-08-06	研究轨覆盖程序语言的原理、分析与验证。 官方范围要点：程序语言的基础原理，包括类型系统、语义、逻辑、程序验证与分析、语言设计、并发、概率与量子编程、安全编译和程序合成。	approved	project-curation	2026-08-06	按 POPL research papers 整理。		active_target
ccf-2026-fse-main-2026	ccf	2026	conference	ACM International Conference on the Foundations of Software Engineering	FSE	软件工程理论、方法、工具和实证研究，包括需求、设计、维护、演化、测试、调试、程序分析、软件仓库、AI for SE 和人因。	software_engineering;testing_analysis;program_synthesis	软件工程；需求工程；软件设计；维护演化；软件测试；调试；程序分析；软件仓库；自动修复；AI辅助软件工程	software engineering;requirements engineering;software design;maintenance evolution;software testing;debugging;program analysis;software repository;automated repair;AI for software engineering	original_research;systems_experience	yes	open	main_track	2026	不包含 Fast Software Encryption；纯 AI 方法需有明确的软件工程问题与评价。	official_cfp	https://conf.researchr.org/track/fse-2026/fse-2026-research-papers	2026-08-06	研究轨覆盖软件工程基础与实践。 官方范围要点：软件工程理论、方法、工具和实证研究，包括需求、设计、维护、演化、测试、调试、程序分析、软件仓库、AI for SE 和人因。	approved	project-curation	2026-08-06	使用完整名称锚定，避免 FSE 简称碰撞。		active_target
ccf-2026-sosp-main-2026	ccf	2026	conference	ACM Symposium on Operating Systems Principles	SOSP	操作系统和广义计算机系统，包括分布式、云边、存储、虚拟化、安全可靠系统、机器学习系统、嵌入式实时系统及系统管理与调试。	operating_systems;distributed_cloud_edge;storage_filesystems;ai_systems	操作系统；分布式系统；云边系统；存储系统；虚拟化；安全可靠系统；机器学习系统；嵌入式系统；系统调试	operating system;distributed system;cloud edge system;storage system;virtualization;secure reliable system;machine learning system;embedded system;system debugging	original_research;systems_experience	yes	open	main_track	2026	缺少系统原理、设计、实现或实践贡献的纯算法和应用论文不匹配。	official_cfp	https://sigops.org/s/conferences/sosp/2026/cfp.html	2026-08-06	官方 2026 SOSP CFP 面向操作系统、分布式系统、云与边缘、存储、网络、系统安全、运行时和软硬件协同等系统软件研究。	approved	project-curation	2026-08-06	按 SOSP main track 整理。		active_target
ccf-2026-oopsla-main-2026	ccf	2026	conference	Conference on Object-Oriented Programming Systems, Languages, and Applications	OOPSLA	编程语言与软件系统研究，包括语言设计与实现、类型与语义、程序分析、编译器与运行时、并发、软件开发方法和实证研究。	programming_languages;compilers_runtime;software_engineering;testing_analysis	编程语言；语言设计；类型系统；程序语义；程序分析；编译器；运行时；并发；软件开发；实证软件工程	programming language;language design;type system;program semantics;program analysis;compiler;runtime;concurrency;software development;empirical software engineering	original_research;systems_experience	yes	open	main_track	2026	面向对象只是历史名称，不要求论文必须研究面向对象；但需有语言或软件系统贡献。	official_cfp	https://2026.splashcon.org/track/splash-2026-oopsla	2026-08-06	OOPSLA 研究轨覆盖程序语言和软件系统。	approved	project-curation	2026-08-06	按 PACMPL OOPSLA track 整理。		active_target
ccf-2026-ase-main-2026	ccf	2026	conference	International Conference on Automated Software Engineering	ASE	软件工程自动化，包括程序分析、测试与调试、程序修复与合成、需求与设计自动化、软件演化、AI/ML for SE 和开发工具实证评估。	software_engineering;testing_analysis;program_synthesis	自动化软件工程；程序分析；软件测试；调试；自动修复；程序合成；需求工程；软件演化；AI辅助开发	automated software engineering;program analysis;software testing;debugging;automated repair;program synthesis;requirements engineering;software evolution;AI for software development	original_research;systems_experience	yes	open	main_track	2026	通用 AI 方法若没有软件工程任务、开发流程或软件工件上的实证贡献不匹配。	official_cfp	https://conf.researchr.org/track/ase-2026/ase-2026-papers	2026-08-06	主会聚焦软件工程活动的自动化。 官方范围要点：软件工程自动化，包括程序分析、测试与调试、程序修复与合成、需求与设计自动化、软件演化、AI/ML for SE 和开发工具实证评估。	approved	project-curation	2026-08-06	按 ASE research track 整理。		active_target
ccf-2026-icse-main-2026	ccf	2026	conference	International Conference on Software Engineering	ICSE	软件工程全领域的原创与实证研究，包括需求、架构、设计、开发、测试、维护演化、协作、人因、AI for SE、教育及工业实践。	software_engineering;testing_analysis;industry_application	软件工程；需求；软件架构；设计；开发；测试；维护演化；DevOps；开发者协作；人因；AI辅助软件工程	software engineering;requirements;software architecture;design;development;testing;maintenance evolution;DevOps;developer collaboration;human factors;AI for software engineering	original_research;systems_experience;applied_research	yes	open	main_track	2026	纯算法或 AI 工作需围绕明确的软件工程问题并在相应工件或开发场景中评价。	official_cfp	https://conf.researchr.org/track/icse-2026/icse-2026-research-track	2026-08-06	研究轨覆盖软件工程理论、方法和实证结果。	approved	project-curation	2026-08-06	仅采用 research track，不混入其他附属轨。		active_target
ccf-2026-issta-main-2026	ccf	2026	conference	International Symposium on Software Testing and Analysis	ISSTA	软件测试与分析，包括静态与动态分析、测试生成、模糊测试、调试、缺陷定位、程序修复、验证、可靠性和 AI 软件测试。	testing_analysis;software_engineering;formal_methods_verification	软件测试；程序分析；测试生成；模糊测试；调试；缺陷定位；自动修复；程序验证；软件可靠性；AI测试	software testing;program analysis;test generation;fuzzing;debugging;fault localization;automated repair;program verification;software reliability;AI testing	original_research;systems_experience	yes	open	main_track	2026	一般软件开发方法若不以测试、分析、调试或可靠性为核心通常不匹配。	official_cfp	https://conf.researchr.org/track/issta-2026/issta-2026-technical-papers	2026-08-06	技术论文轨聚焦软件测试与分析。 官方范围要点：软件测试与分析，包括静态与动态分析、测试生成、模糊测试、调试、缺陷定位、程序修复、验证、可靠性和 AI 软件测试。	approved	project-curation	2026-08-06	按 ISSTA technical papers 整理。		active_target
ccf-2026-osdi-main-2026	ccf	2026	conference	USENIX Symposium on Operating Systems Design and Implementation	OSDI	操作系统和计算机系统的设计与实现，包括文件与存储系统、分布式与云系统、可靠系统、网络系统、虚拟化、安全、移动与嵌入式、ML systems 和软硬件协同。	operating_systems;distributed_cloud_edge;storage_filesystems;ai_systems	操作系统；系统设计实现；文件系统；存储系统；分布式系统；云系统；可靠系统；网络系统；虚拟化；安全；移动嵌入式；机器学习系统	operating system;system design implementation;file system;storage system;distributed system;cloud system;reliable system;networked system;virtualization;security;mobile embedded system;machine learning system	original_research;systems_experience	yes	open	main_track	2026	缺少系统设计、实现与可信评估的纯理论或应用工作不匹配。	official_cfp	https://www.usenix.org/conference/osdi26/call-for-papers	2026-08-06	主会明确包含 operating systems、file and storage systems 以及 secure and reliable systems。	approved	project-curation	2026-08-06	按 OSDI 2026 主会 CFP 补齐文件/存储与可靠系统词。		active_target
ccf-2026-fm-main-2026	ccf	2026	conference	International Symposium on Formal Methods	FM	形式化方法的理论、工具与应用，包括规范、建模、模型检测、定理证明、程序验证、运行时验证、混合与信息物理系统和可信 AI。	formal_methods_verification;logic_semantics;testing_analysis	形式化方法；形式化规范；模型检测；定理证明；程序验证；运行时验证；混合系统；信息物理系统；可信AI	formal methods;formal specification;model checking;theorem proving;program verification;runtime verification;hybrid system;cyber-physical system;trustworthy AI	original_research;theory_methods;systems_experience	yes	open	main_track	2026	仅做常规测试或仿真、没有形式化模型、证明或验证方法贡献的论文不匹配。	official_cfp	https://www.fm26.polimi.it/call-for-papers/	2026-08-06	主会覆盖形式化方法的研究与工业应用。 官方范围要点：形式化方法的理论、工具与应用，包括规范、建模、模型检测、定理证明、程序验证、运行时验证、混合与信息物理系统和可信 AI。	approved	project-curation	2026-08-06	按 FM research papers 整理。		active_target
ccf-2026-sigmod-main-2026	ccf	2026	conference	ACM SIGMOD Conference	SIGMOD	数据管理系统与方法，包括数据库架构、事务、查询处理与优化、分布式与云数据库、流图时空数据、数据质量、数据科学系统和 ML for databases。	database_systems;data_management;graph_knowledge_data;stream_spatiotemporal	数据库系统；事务处理；查询优化；分布式数据库；云数据库；图数据；流数据；时空数据；数据质量；数据库机器学习	database system;transaction processing;query optimization;distributed database;cloud database;graph data;stream data;spatiotemporal data;data quality;machine learning for database	original_research;systems_experience	yes	open	main_track	2026	纯数据挖掘或机器学习方法若没有数据管理、查询或系统贡献通常不匹配。	official_cfp	https://2026.sigmod.org/calls_papers_sigmod_research.shtml	2026-08-06	官方 2026 Research Track CFP 覆盖数据管理系统、查询与分析、数据科学与机器学习、数据隐私和新型数据基础设施等研究方向。	approved	project-curation	2026-08-06	使用当前主会研究轨替换 2019 来源。		active_target
ccf-2026-kdd-main-2026	ccf	2026	conference	ACM SIGKDD Conference on Knowledge Discovery and Data Mining	SIGKDD	知识发现、数据挖掘和应用数据科学，包括学习算法、图与时序数据、推荐、因果、公平隐私、大规模系统及真实行业应用。	data_mining;machine_learning;web_search_recommendation;graph_knowledge_data	数据挖掘；知识发现；机器学习；图挖掘；时序数据；推荐系统；因果推断；公平隐私；大规模数据科学；工业应用	data mining;knowledge discovery;machine learning;graph mining;temporal data;recommender system;causal inference;fairness privacy;large-scale data science;industry application	original_research;applied_research;dataset_benchmark	yes	open	main_track	2026	普通机器学习论文需体现数据挖掘、知识发现、规模化或重要应用价值。	official_cfp	https://kdd2026.kdd.org/research-track-call-for-papers/	2026-08-06	研究轨聚焦知识发现与数据挖掘。 官方范围要点：知识发现、数据挖掘和应用数据科学，包括学习算法、图与时序数据、推荐、因果、公平隐私、大规模系统及真实行业应用。	approved	project-curation	2026-08-06	仅采用 research track 主范围。		active_target
ccf-2026-icde-main-2026	ccf	2026	conference	IEEE International Conference on Data Engineering	ICDE	数据工程和数据管理，包括数据库系统、查询与事务、分布式云数据、数据集成质量、图流时空数据、隐私安全和数据驱动应用系统。	database_systems;data_management;stream_spatiotemporal;graph_knowledge_data	数据工程；数据库；查询处理；事务；分布式数据；云数据；数据集成；数据质量；图数据；流数据；隐私安全	data engineering;database;query processing;transaction;distributed data;cloud data;data integration;data quality;graph data;stream data;privacy security	original_research;systems_experience	yes	open	main_track	2026	纯机器学习模型若没有数据工程或管理系统贡献通常不匹配。	official_cfp	https://icde2026.github.io/call-for-research-papers.html	2026-08-06	主会研究论文覆盖数据工程的理论、系统和应用。	approved	project-curation	2026-08-06	按 ICDE research track 整理。		active_target
ccf-2026-sigir-main-2026	ccf	2026	conference	International ACM SIGIR Conference on Research and Development in Information Retrieval	SIGIR	信息检索与搜索，包括排序与推荐、查询理解、语义与多模态检索、生成式检索、用户行为、评价、搜索公平安全和检索系统。	information_retrieval;web_search_recommendation;nlp_speech	信息检索；搜索引擎；排序学习；推荐系统；查询理解；语义检索；多模态检索；生成式检索；用户行为；检索评价	information retrieval;search engine;learning to rank;recommender system;query understanding;semantic retrieval;multimodal retrieval;generative retrieval;user behavior;retrieval evaluation	original_research;dataset_benchmark	yes	open	main_track	2026	通用 NLP 或机器学习论文需以检索、搜索、推荐或相关用户任务为核心。	official_cfp	https://sigir2026.org/call-for-full-papers/	2026-08-06	主会全文轨覆盖信息检索研究与开发。 官方范围要点：信息检索与搜索，包括排序与推荐、查询理解、语义与多模态检索、生成式检索、用户行为、评价、搜索公平安全和检索系统。	approved	project-curation	2026-08-06	按 SIGIR full research papers 整理。		active_target
ccf-2026-vldb-main-2026	ccf	2026	conference	International Conference on Very Large Data Bases	VLDB	数据库与大规模数据管理，包括事务、查询优化、分布式与云数据系统、数据集成治理、流图时空数据、数据科学与机器学习系统。	database_systems;data_management;graph_knowledge_data;stream_spatiotemporal	数据库；大规模数据；事务；查询优化；分布式数据库；云数据；数据集成；数据治理；流数据；图数据；机器学习系统	database;large-scale data;transaction;query optimization;distributed database;cloud data;data integration;data governance;stream data;graph data;machine learning system	original_research;systems_experience	yes	open	main_track	2026	纯挖掘算法或应用论文若没有数据管理和系统贡献通常不匹配。	official_cfp	https://vldb.org/pvldb/volumes/19/call-for-contributions/	2026-08-06	PVLDB 研究论文覆盖数据库与数据管理领域。	approved	project-curation	2026-08-06	按当期 research papers 范围整理。		active_target
ccf-2026-stoc-main-2026	ccf	2026	conference	ACM Symposium on the Theory of Computing	STOC	理论计算机科学，包括算法与数据结构、复杂性、随机性、密码学、量子计算、学习理论、计算经济学、近似与优化等。	algorithms;complexity;theory_methods;optimization	算法；数据结构；计算复杂性；随机算法；密码学理论；量子计算；学习理论；计算经济学；近似算法；优化	algorithm;data structure;computational complexity;randomized algorithm;cryptographic theory;quantum computing;learning theory;computational economics;approximation algorithm;optimization	original_research;theory_methods	yes	open	main_track	2026	以工程实现或应用实验为主、缺少理论贡献的论文不匹配。	official_cfp	https://acm-stoc.org/stoc2026/STOC-2026-CFP.html	2026-08-06	主会征集计算理论的原创研究。 官方范围要点：理论计算机科学，包括算法与数据结构、复杂性、随机性、密码学、量子计算、学习理论、计算经济学、近似与优化等。	approved	project-curation	2026-08-06	按 STOC main conference 整理。		active_target
ccf-2026-soda-main-2026	ccf	2026	conference	ACM-SIAM Symposium on Discrete Algorithms	SODA	离散算法的设计、分析与应用，包括图算法、组合优化、近似与随机算法、数据结构、在线与分布式算法、计算几何和算法博弈论。	algorithms;optimization;complexity	离散算法；图算法；组合优化；近似算法；随机算法；数据结构；在线算法；分布式算法；计算几何；算法博弈论	discrete algorithm;graph algorithm;combinatorial optimization;approximation algorithm;randomized algorithm;data structure;online algorithm;distributed algorithm;computational geometry;algorithmic game theory	original_research;theory_methods	yes	open	main_track	2026	连续数值方法或纯应用优化若无离散算法新贡献通常不匹配。	official_cfp	https://www.siam.org/conferences-events/siam-conferences/soda26/	2026-08-06	SIAM 官方 SODA 2026 页面将会议定位为离散算法研究，覆盖算法设计与分析、图算法、组合优化、近似、随机和在线算法等方向。	approved	project-curation	2026-08-06	按 SODA technical program 范围整理。		active_target
ccf-2026-cav-main-2026	ccf	2026	conference	International Conference on Computer Aided Verification	CAV	计算机辅助形式化验证的理论、算法、工具和应用，包括模型检测、SAT/SMT、程序与硬件验证、并发混合概率系统、安全和可信 AI。	formal_methods_verification;logic_semantics;testing_analysis	形式化验证；模型检测；SAT；SMT；程序验证；硬件验证；并发系统；混合系统；概率验证；验证工具	formal verification;model checking;SAT;SMT;program verification;hardware verification;concurrent system;hybrid system;probabilistic verification;verification tool	original_research;theory_methods;systems_experience	yes	open	main_track	2026	仅做常规测试、仿真或经验评估而没有验证方法与工具贡献的论文不匹配。	official_cfp	https://conferences.i-cav.org/2026/cfp/	2026-08-06	主会覆盖计算机辅助形式化分析的理论与实践。	approved	project-curation	2026-08-06	按 CAV research track 整理。		active_target
ccf-2026-focs-main-2026	ccf	2026	conference	IEEE Annual Symposium on Foundations of Computer Science	FOCS	计算理论的基础研究，包括算法、复杂性、随机性、密码学、量子计算、学习理论、组合与优化等。	algorithms;complexity;theory_methods;optimization	理论计算机科学；算法；计算复杂性；随机性；密码学理论；量子计算；学习理论；组合数学；优化	theoretical computer science;algorithm;computational complexity;randomness;cryptographic theory;quantum computing;learning theory;combinatorics;optimization	original_research;theory_methods	yes	open	main_track	2026	主要贡献是工程系统或应用实验、缺少基础理论结果的论文不匹配。	official_cfp	https://focs.computer.org/2026/call-for-papers-2/	2026-08-06	主会征集计算机科学基础理论原创研究。 官方范围要点：计算理论的基础研究，包括算法、复杂性、随机性、密码学、量子计算、学习理论、组合与优化等。	approved	project-curation	2026-08-06	按 FOCS main conference 整理。		active_target
ccf-2026-lics-main-2026	ccf	2026	conference	ACM/IEEE Symposium on Logic in Computer Science	LICS	逻辑与计算机科学交叉，包括程序逻辑与语义、类型理论、自动机、证明论、模型论、形式化验证、并发、数据库逻辑和量子逻辑。	logic_semantics;formal_methods_verification;automata_computation	计算逻辑；程序逻辑；语义；类型理论；自动机；证明论；模型论；形式化验证；并发理论；量子逻辑	logic in computer science;program logic;semantics;type theory;automata;proof theory;model theory;formal verification;concurrency theory;quantum logic	original_research;theory_methods	yes	open	main_track	2026	只有一般算法或软件实现、没有逻辑或语义核心贡献的论文通常不匹配。	official_cfp	https://lics.siglog.org/lics26/cfp.php	2026-08-06	主会聚焦逻辑与计算机科学之间的理论联系。	approved	project-curation	2026-08-06	按 LICS contributed papers 整理。		active_target
ccf-2026-acmmm-main-2026	ccf	2026	conference	ACM International Conference on Multimedia	ACM MM	多媒体内容的分析、理解、生成、检索、传输和体验，包括图像视频音频、多模态学习、生成式媒体、社交媒体、系统、隐私公平和应用。	multimedia;image_video_processing;generative_foundation_models	多媒体；图像视频；音频；多模态学习；内容理解；媒体生成；多媒体检索；流媒体；社交媒体；多媒体系统	multimedia;image video;audio;multimodal learning;content understanding;media generation;multimedia retrieval;streaming media;social media;multimedia system	original_research;systems_experience;dataset_benchmark	yes	open	main_track	2026	纯单模态算法若与多媒体问题、数据或体验缺少实质联系通常不匹配。	official_cfp	https://acmmm2026.org/call-for-papers/	2026-08-06	主会覆盖多媒体计算、系统和应用。 官方范围要点：多媒体内容的分析、理解、生成、检索、传输和体验，包括图像视频音频、多模态学习、生成式媒体、社交媒体、系统、隐私公平和应用。	approved	project-curation	2026-08-06	按 regular papers 主轨整理。		active_target
ccf-2026-siggraph-main-2026	ccf	2026	conference	ACM Special Interest Group on Computer Graphics	SIGGRAPH	计算机图形学与交互技术，包括渲染、几何、建模、动画、仿真、成像、制造、AR/VR、可视化、生成式 AI 和图形系统。	graphics_rendering_geometry;vr_ar;image_video_processing	计算机图形学；渲染；几何处理；建模；动画；物理仿真；计算成像；数字制造；AR/VR；生成式图形	computer graphics;rendering;geometry processing;modeling;animation;physical simulation;computational imaging;digital fabrication;AR VR;generative graphics	original_research;systems_experience	yes	open	main_track	2026	纯视觉识别工作若没有图形、成像或交互技术贡献通常不匹配。	official_cfp	https://s2026.siggraph.org/technical-papers-submissions-faq/	2026-08-06	技术论文覆盖图形学与交互技术的广泛方向。	approved	project-curation	2026-08-06	按 technical papers 主轨整理。		active_target
ccf-2026-vr-main-2026	ccf	2026	conference	IEEE Conference on Virtual Reality and 3D User Interfaces （原 IEEE Virtual Reality）	VR	虚拟、增强和混合现实及 3D 用户界面，包括显示、跟踪、交互、感知、人因、触觉、协作、沉浸式分析、内容生成和应用系统。	vr_ar;interaction_techniques;hci_ux	虚拟现实；增强现实；混合现实；3D用户界面；沉浸式交互；显示；跟踪；触觉；感知人因；沉浸式分析	virtual reality;augmented reality;mixed reality;3D user interface;immersive interaction;display;tracking;haptics;perception human factors;immersive analytics	original_research;systems_experience	yes	open	main_track	2026	普通三维视觉或图形论文需以 XR 体验、交互或系统问题为核心。	official_cfp	https://ieeevr.org/2026/contribute/papers/	2026-08-06	主会征集所有虚拟现实及相关 3D 交互研究。	approved	project-curation	2026-08-06	按 journal papers/conference papers 共同范围整理。		active_target
ccf-2026-vis-main-2026	ccf	2026	conference	IEEE Visualization Conference	IEEE VIS	数据可视化与视觉分析，包括表示、交互、可视分析、科学与信息可视化、渲染系统、感知认知、评价、数据变换与决策支持。	visualization_visual_analytics;interaction_techniques;graphics_rendering_geometry	可视化；视觉分析；信息可视化；科学可视化；可视表示；交互；感知认知；可视化评价；数据变换；决策支持	visualization;visual analytics;information visualization;scientific visualization;visual representation;interaction;perception cognition;visualization evaluation;data transformation;decision support	original_research;systems_experience	yes	open	main_track	2026	仅制作图表或通用数据分析、没有可视表示、交互或可视分析贡献的论文不匹配。	official_cfp	https://ieeevis.org/year/2026/info/call-participation/paper-submission-guidelines/	2026-08-06	主会覆盖可视化理论、系统、交互、分析与应用。	approved	project-curation	2026-08-06	按 IEEE VIS papers 范围整理。		active_target
ccf-2026-aaai-main-2026	ccf	2026	conference	AAAI Conference on Artificial Intelligence	AAAI	人工智能广泛领域，包括机器学习、自然语言处理、计算机视觉、知识表示、搜索规划、多智能体、机器人、人机协同、伦理及重要应用。	machine_learning;nlp_speech;computer_vision_pattern;reinforcement_decision	人工智能；机器学习；自然语言处理；计算机视觉；知识表示；推理规划；多智能体；机器人；人机协同；AI伦理	artificial intelligence;machine learning;natural language processing;computer vision;knowledge representation;reasoning planning;multiagent;robotics;human-AI interaction;AI ethics	original_research;applied_research	yes	open	main_track	2026	教育、demo 等附属轨不等于主技术轨；普通应用需有明确 AI 方法或研究贡献。	official_cfp	https://aaai.org/conference/aaai/aaai-26/main-technical-track-call/	2026-08-06	主技术轨明确列出 AI 的主要子领域与交叉应用。	approved	project-curation	2026-08-06	仅采用 Main Technical Track。		active_target
ccf-2026-neurips-main-2026	ccf	2026	conference	Conference on Neural Information Processing Systems	NeurIPS	机器学习及其基础与跨学科应用，包括深度与生成模型、强化学习、优化、概率统计、学习理论、可信 AI、神经科学、视觉语言和 AI for Science。	machine_learning;deep_representation;generative_foundation_models;probabilistic_causal	机器学习；深度学习；生成模型；强化学习；优化；概率方法；学习理论；可信AI；神经科学；多模态；AI科学	machine learning;deep learning;generative model;reinforcement learning;optimization;probabilistic method;learning theory;trustworthy AI;neuroscience;multimodal;AI for science	original_research;dataset_benchmark	yes	open	main_track	2026	仅套用现成模型、缺少方法、分析、数据或重要应用研究贡献的论文不匹配。	official_cfp	https://neurips.cc/Conferences/2026/CallForPapers	2026-08-06	主会覆盖机器学习核心及广泛交叉应用。 官方范围要点：机器学习及其基础与跨学科应用，包括深度与生成模型、强化学习、优化、概率统计、学习理论、可信 AI、神经科学、视觉语言和 AI for Science。	approved	project-curation	2026-08-06	按 NeurIPS main track 整理。		active_target
ccf-2026-acl-main-2026	ccf	2026	conference	Annual Meeting of the Association for Computational Linguistics	ACL	计算语言学与自然语言处理，包括语言模型、机器翻译、信息抽取、对话、生成、语义句法、多语低资源、语音、多模态、检索增强、解释安全和资源评价。	nlp_speech;generative_foundation_models;information_retrieval	自然语言处理；计算语言学；大语言模型；机器翻译；信息抽取；对话；文本生成；语义句法；多语低资源；语音；多模态；检索增强	NLP;computational linguistics;large language model;machine translation;information extraction;dialogue;text generation;semantics syntax;multilingual low-resource;speech;multimodal;retrieval augmented generation	original_research;dataset_benchmark	yes	open	main_track	2026	纯视觉或通用机器学习论文需以语言问题为核心；工业轨、demo 和 workshop 不代表主会范围。	official_cfp	https://2026.aclweb.org/calls/main_conference_papers/	2026-08-06	主会论文征集计算语言学和 NLP 的所有方面。	approved	project-curation	2026-08-06	修正此前误用 Industry Track 来源。		active_target
ccf-2026-cvpr-main-2026	ccf	2026	conference	IEEE/CVF Computer Vision and Pattern Recognition Conference	CVPR	计算机视觉与模式识别，包括检测识别、分割、三维视觉、视频、生成、视觉语言、具身视觉、低层视觉、计算成像、遥感、医学视觉和可信视觉。	computer_vision_pattern;image_video_processing;deep_representation	计算机视觉；模式识别；目标检测；图像分割；三维视觉；视频理解；图像生成；视觉语言；具身视觉；低层视觉；计算成像	computer vision;pattern recognition;object detection;image segmentation;3D vision;video understanding;image generation;vision-language;embodied vision;low-level vision;computational imaging	original_research;dataset_benchmark	yes	open	main_track	2026	没有视觉数据、任务或方法贡献的通用机器学习论文通常不匹配。	official_cfp	https://cvpr.thecvf.com/Conferences/2026/CallForPapers	2026-08-06	主技术项目覆盖计算机视觉与模式识别的各主要方向。	approved	project-curation	2026-08-06	按 CVPR main technical program 整理。		active_target
ccf-2026-iccv-main-2025	ccf	2026	conference	International Conference on Computer Vision	ICCV	计算机视觉理论、方法和应用，包括识别检测、分割、三维与几何、视频、生成、多模态与视觉语言、具身视觉、成像、医疗和可信视觉。	computer_vision_pattern;image_video_processing;deep_representation	计算机视觉；目标识别；目标检测；分割；三维视觉；几何视觉；视频；图像生成；多模态；视觉语言；具身视觉	computer vision;recognition;object detection;segmentation;3D vision;geometric vision;video;image generation;multimodal;vision-language;embodied vision	original_research;dataset_benchmark	yes	open	main_track	2025	无视觉问题或视觉评价的通用机器学习论文通常不匹配。	official_cfp	https://iccv.thecvf.com/Conferences/2025/CallForPapers	2026-08-06	最近一届主会范围覆盖计算机视觉所有主要方向。	approved	project-curation	2026-08-06	ICCV 逢奇数年举办，因此采用 2025 主会 CFP。		active_target
ccf-2026-icml-main-2026	ccf	2026	conference	International Conference on Machine Learning	ICML	机器学习的理论、算法、系统与应用，包括深度学习与生成模型、强化学习、优化、概率方法、因果、可信学习、学习系统和应用驱动研究。	machine_learning;deep_representation;generative_foundation_models;reinforcement_decision;probabilistic_causal	机器学习；深度学习；生成模型；半监督学习；自监督学习；强化学习；优化；概率模型；因果学习；可信机器学习；学习理论；机器学习系统；应用机器学习	machine learning;deep learning;generative model;semi-supervised learning;self-supervised learning;reinforcement learning;optimization;probabilistic model;causal learning;trustworthy machine learning;learning theory;machine learning system;application-driven ML	original_research;dataset_benchmark	yes	open	main_track	2026	仅调用现成模型的领域应用需有重要机器学习研究贡献或严谨的新发现。	official_cfp	https://icml.cc/Conferences/2026/CallForPapers	2026-08-06	主会 topics 明确包含 general machine learning 的半/自监督学习以及 deep learning 中的 generative models。	approved	project-curation	2026-08-06	按 ICML 2026 主会 CFP 补齐生成模型与半/自监督方向。		active_target
ccf-2026-iclr-main-2026	ccf	2026	conference	International Conference on Learning Representations	ICLR	机器学习和表示学习，包括自监督与迁移、生成模型、强化学习、概率与因果、优化、图学习、可信 AI、解释、数据基准及跨领域应用。	deep_representation;machine_learning;generative_foundation_models;reinforcement_decision	表示学习；深度学习；自监督学习；迁移学习；生成模型；强化学习；概率方法；因果推理；优化；图学习；可信AI	representation learning;deep learning;self-supervised learning;transfer learning;generative model;reinforcement learning;probabilistic method;causal reasoning;optimization;graph learning;trustworthy AI	original_research;dataset_benchmark	yes	open	main_track	2026	仅将深度模型用于普通应用、缺少学习方法、分析或重要领域发现的论文不匹配。	official_cfp	https://iclr.cc/Conferences/2026/CallForPapers	2026-08-06	主会从所有机器学习领域征集论文。 官方范围要点：机器学习和表示学习，包括自监督与迁移、生成模型、强化学习、概率与因果、优化、图学习、可信 AI、解释、数据基准及跨领域应用。	approved	project-curation	2026-08-06	替换 TH 2019 历史来源。		active_target
ccf-2026-cscw-main-2026	ccf	2026	conference	ACM Conference On Computer-Supported Cooperative Work And Social Computing	CSCW	计算机支持协同工作与社会计算，包括在线社区、团队协作、众包、社交平台、AI 与协作、组织工作、健康教育场景、伦理政策和社会技术系统。	cscw_social;hci_ux;web_social_networks	协同工作；社会计算；在线社区；团队协作；众包；社交平台；AI协作；组织工作；社会技术系统；伦理政策	computer-supported cooperative work;social computing;online community;team collaboration;crowdsourcing;social platform;AI collaboration;organizational work;socio-technical system;ethics policy	original_research;systems_experience	yes	open	main_track	2026	纯算法或社交网络挖掘若没有人与协作、社会技术系统或 HCI 贡献通常不匹配。	official_cfp	https://cscw.acm.org/2026/papers.html	2026-08-06	论文项目聚焦以人为中心的协作技术与社会计算。	approved	project-curation	2026-08-06	按 PACM HCI CSCW papers 整理。		active_target
ccf-2026-chi-main-2026	ccf	2026	conference	ACM Conference on Human Factors in Computing Systems	CHI	人机交互的设计、技术、理论和实证研究，包括交互技术、用户体验、可用性、无障碍、AI 与人、健康教育、社会技术、定性定量方法和设计研究。	hci_ux;interaction_techniques;accessibility	人机交互；用户体验；交互设计；可用性；无障碍；人本AI；健康技术；教育技术；社会技术；设计研究；用户研究	human-computer interaction;user experience;interaction design;usability;accessibility;human-centered AI;health technology;education technology;socio-technical;design research;user study	original_research;systems_experience	yes	open	main_track	2026	纯算法性能改进若没有人、交互、设计或使用情境方面贡献通常不匹配。	official_cfp	https://chi2026.acm.org/authors/papers/	2026-08-06	主会论文覆盖 HCI 的技术、设计和人因研究。	approved	project-curation	2026-08-06	仅采用 Papers 主轨范围。		active_target
ccf-2026-ubicomp-main-2026	ccf	2026	conference	ACM international joint conference on Pervasive and Ubiquitous Computing	UbiComp	普适与泛在计算，包括移动与可穿戴、传感、情境感知、物联网、边缘智能、人本 AI、健康行为、隐私和在真实环境部署的交互系统。	ubiquitous_mobile_wearable;iot_sensor;hci_ux	普适计算；泛在计算；移动计算；可穿戴；传感；情境感知；物联网；边缘智能；数字健康；隐私；真实部署	ubiquitous computing;pervasive computing;mobile computing;wearable;sensing;context awareness;Internet of Things;edge intelligence;digital health;privacy;in-the-wild deployment	original_research;systems_experience	yes	open	journal_first	2026	纯无线通信或传感算法若没有普适计算场景、系统与用户价值通常不匹配。	official_cfp	https://www.ubicomp.org/ubicomp-iswc-2026/authors/submit/	2026-08-06	论文先投 IMWUT，录用后在 UbiComp 主会展示。	approved	project-curation	2026-08-06	按 UbiComp/IMWUT journal-first 投稿入口整理。		active_target
ccf-2026-uist-main-2026	ccf	2026	conference	ACM Symposium on User Interface Software and Technology	UIST	用户界面软件与交互技术，包括新型输入输出、触觉、AR/VR、交互工具、界面编程、可视交互、可访问性和交互系统实现。	interaction_techniques;hci_ux;vr_ar	用户界面；交互技术；输入输出；触觉；AR/VR；界面工具；界面编程；可视交互；无障碍；交互系统	user interface;interaction technique;input output;haptics;AR VR;interface toolkit;interface programming;visual interaction;accessibility;interactive system	original_research;systems_experience	yes	open	main_track	2026	一般用户研究若没有新的界面技术、软件工具或交互系统贡献通常不匹配。	official_cfp	https://uist.acm.org/2026/cfp/	2026-08-06	主会聚焦用户界面软件与技术的原创工作。 官方范围要点：用户界面软件与交互技术，包括新型输入输出、触觉、AR/VR、交互工具、界面编程、可视交互、可访问性和交互系统实现。	approved	project-curation	2026-08-06	按 UIST papers 主轨整理。		active_target
ccf-2026-www-main-2026	ccf	2026	conference	The Web Conference （原 International World Wide Web Conference）	WWW	Web 的计算、社会和经济研究，包括 Web 搜索推荐、图与知识、社交网络、内容与用户建模、Web 系统、安全隐私、公平治理和计算社会科学。	web_search_recommendation;web_social_networks;graph_knowledge_data	Web；搜索推荐；知识图谱；社交网络；用户建模；内容分析；Web系统；Web安全；隐私公平；计算社会科学	Web;search recommendation;knowledge graph;social network;user modeling;content analysis;Web system;Web security;privacy fairness;computational social science	original_research;dataset_benchmark;systems_experience	yes	open	main_track	2026	短文、资源等附属轨不能替代 research tracks；通用 AI 工作需以 Web 问题或生态为核心。	official_cfp	https://www2026.thewebconf.org/calls/research-tracks.html	2026-08-06	研究轨从计算、社会与经济视角研究 Web。	approved	project-curation	2026-08-06	修正此前误用 Short Papers 来源。		active_target
ccf-2026-rtss-main-2026	ccf	2026	conference	IEEE Real-Time Systems Symposium	RTSS	实时系统理论、设计、实现和评价，包括调度与时序分析、实时操作系统与网络、嵌入式和信息物理系统、验证、安全、边缘及实时 AI。	embedded_realtime_cps;resource_allocation_scheduling;formal_methods_verification	实时系统；实时调度；截止期；时序分析；实时操作系统；实时网络；嵌入式系统；信息物理系统；形式化验证；实时AI	real-time system;real-time scheduling;deadline;timing analysis;real-time operating system;real-time network;embedded system;cyber-physical system;formal verification;real-time AI	original_research;systems_experience	yes	open	main_track	2026	仅在优化模型中出现 deadline/截止期、但没有实时系统语义、可调度性或时序保证的论文不匹配。负向关键词：仅截止期；deadline only。	official_cfp	https://2026.rtss.org/cfp/	2026-08-06	主会聚焦实时系统的理论与实践。 官方范围要点：实时系统理论、设计、实现和评价，包括调度与时序分析、实时操作系统与网络、嵌入式和信息物理系统、验证、安全、边缘及实时 AI。	approved	project-curation	2026-08-06	明确限制仅关键词 deadline 导致的误召回。		active_target
cas-2025-acm-csur-scope-2026	cas	2025	journal	ACM COMPUTING SURVEYS		计算机科学各领域的高质量综述、教程和系统性回顾，强调对成熟或快速发展主题的综合、分类、比较与研究议程。	general_computing;survey_review	计算机综述；系统性综述；调查；教程；文献分类；研究趋势；研究议程	computing survey;systematic review;tutorial;literature taxonomy;research trend;research agenda	survey_review	no	open	venue	2026	不接收以单项原创算法、系统或实验结果为主体的常规研究论文。	official_scope	https://dl.acm.org/journal/csur/about	2026-08-06	期刊定位是计算机领域的综述与教程文章。 官方范围要点：计算机科学各领域的高质量综述、教程和系统性回顾，强调对成熟或快速发展主题的综合、分类、比较与研究议程。	approved	project-curation	2026-08-06	文章类型是硬约束，原创实验论文不得因等级高而优先推荐。		active_target
cas-2025-tochi-scope-2026	cas	2025	journal	ACM Transactions on Computer-Human Interaction		人机交互的理论、设计和实证研究，包括交互技术、界面、用户体验、可用性、无障碍、社会技术系统、人本 AI 和用户研究方法。	hci_ux;interaction_techniques;accessibility	人机交互；交互技术；用户界面；用户体验；可用性；无障碍；人本AI；社会技术系统；用户研究	human-computer interaction;interaction technique;user interface;user experience;usability;accessibility;human-centered AI;socio-technical system;user study	original_research;theory_methods	yes	open	venue	2026	纯算法或系统性能论文若没有人与交互方面的研究问题和评价不匹配。	official_scope	https://dl.acm.org/journal/tochi/about	2026-08-06	期刊覆盖人使用计算技术的设计、实现与评价。	approved	project-curation	2026-08-06	可复用于 TH-CPL A 的同刊记录。		active_target
cas-2025-tog-scope-2026	cas	2025	journal	ACM TRANSACTIONS ON GRAPHICS		计算机图形学研究，包括渲染、几何、建模、动画、仿真、成像、数字制造、可视计算和相关交互技术。	graphics_rendering_geometry;image_video_processing	计算机图形学；渲染；几何处理；建模；动画；物理仿真；计算成像；数字制造；可视计算	computer graphics;rendering;geometry processing;modeling;animation;physical simulation;computational imaging;digital fabrication;visual computing	original_research;theory_methods	yes	open	venue	2026	纯视觉识别或图像分类工作若没有图形学、成像或几何贡献通常不匹配。	official_scope	https://dl.acm.org/journal/tog/about	2026-08-06	期刊发表计算机图形学领域的研究。 官方范围要点：计算机图形学研究，包括渲染、几何、建模、动画、仿真、成像、数字制造、可视计算和相关交互技术。	approved	project-curation	2026-08-06	可复用于 TH-CPL A 的同刊记录。		active_target
cas-2025-tosem-scope-2026	cas	2025	journal	ACM TRANSACTIONS ON SOFTWARE ENGINEERING AND METHODOLOGY		软件工程方法、理论和实证研究，包括需求、架构、设计、开发、测试、维护演化、程序分析、开发工具、AI for SE 和人因。	software_engineering;testing_analysis	软件工程；需求；软件架构；设计方法；软件测试；维护演化；程序分析；开发工具；AI辅助软件工程；实证研究	software engineering;requirements;software architecture;design method;software testing;maintenance evolution;program analysis;developer tool;AI for software engineering;empirical study	original_research;theory_methods;systems_experience	yes	open	venue	2026	纯 AI 或算法工作需解决明确的软件工程问题并在软件工件或开发过程上评价。	official_scope	https://dl.acm.org/journal/tosem/about	2026-08-06	ACM 官方 TOSEM scope 覆盖软件工程理论、方法、工具、过程、实证评估、软件质量、测试与维护等研究。	approved	project-curation	2026-08-06	可复用于 TH-CPL A 的同刊记录。		active_target
cas-2025-eswa-scope-2026	cas	2025	journal	EXPERT SYSTEMS WITH APPLICATIONS		智能系统和 AI 方法在实际问题中的开发与应用，包括知识系统、机器学习、决策支持、数据挖掘、优化和跨行业应用，强调方法与应用价值。	machine_learning;knowledge_systems;industry_application	专家系统；智能系统；机器学习；知识系统；决策支持；数据挖掘；智能优化；工业应用；医疗金融应用	expert system;intelligent system;machine learning;knowledge-based system;decision support;data mining;intelligent optimization;industry application;healthcare finance application	original_research;applied_research	yes	open	venue	2026	缺乏 AI/智能系统方法贡献，或仅进行普通统计分析的领域论文通常不匹配。	publisher_scope	https://www.sciencedirect.com/journal/expert-systems-with-applications/about/aims-and-scope	2026-08-06	期刊强调专家与智能系统的设计、开发、测试和应用。	approved	project-curation	2026-08-06	中科院 1 区现代 AI 应用重点刊。		active_target
cas-2025-jsac-scope-2026	cas	2025	journal	IEEE JOURNAL ON SELECTED AREAS IN COMMUNICATIONS		通信与网络领域的专题研究，每期围绕一个当前技术主题组织，覆盖无线、有线、光网络、网络系统、资源管理、安全和新兴通信技术。	network_arch_protocols;wireless_mobile;physical_layer_communications	通信网络；专题专刊；无线通信；有线网络；光通信；网络系统；资源管理；网络安全；新兴通信	communications networking;special issue;wireless communication;wired network;optical communication;networked system;resource management;network security;emerging communication	original_research	yes	cfp_only	venue	2026	不接受无对应开放专题征稿的自由投稿；具体论文必须匹配当期 special issue CFP。	official_scope	https://www.comsoc.org/publications/journals/ieee-journal-selected-areas-communications	2026-08-06	每期专注一个通信技术主题，整体覆盖通信与网络全领域。	approved	project-curation	2026-08-06	投稿方式是硬约束；可复用于 TH-CPL A 的同刊记录。		active_target
cas-2025-tap-scope-2026	cas	2025	journal	IEEE TRANSACTIONS ON ANTENNAS AND PROPAGATION		天线、电磁波传播及相关理论、设计、测量和应用，包括阵列、波束形成、电磁散射、计算电磁学、传播建模和天线系统。	physical_layer_communications;beamforming_mimo	天线；电磁传播；天线阵列；波束形成；电磁散射；计算电磁学；传播信道；天线测量；MIMO天线	antenna;electromagnetic propagation;antenna array;beamforming;electromagnetic scattering;computational electromagnetics;propagation channel;antenna measurement;MIMO antenna	original_research;theory_methods	yes	open	venue	2026	仅做网络资源调度或通信优化、没有天线或电磁传播贡献的论文不匹配。负向关键词：网络资源调度；network resource scheduling；通用通信优化。	official_scope	https://ieeeaps.org/publications/ieee-transactions-on-antennas-and-propagation	2026-08-06	期刊核心是天线及电磁波传播的理论与技术。	approved	project-curation	2026-08-06	为波束成形查询保留贡献层级边界。		active_target
cas-2025-tip-scope-2026	cas	2025	journal	IEEE TRANSACTIONS ON IMAGE PROCESSING		图像与视频处理的理论、算法和系统，包括恢复增强、压缩、分割识别、计算成像、学习方法、质量评价和成像应用。	image_video_processing;computer_vision_pattern	图像处理；视频处理；图像恢复；图像增强；压缩；分割；识别；计算成像；图像质量；深度学习	image processing;video processing;image restoration;image enhancement;compression;segmentation;recognition;computational imaging;image quality;deep learning	original_research;theory_methods	yes	open	venue	2026	纯高层视觉应用若缺少图像或视频处理方法贡献可能更适合视觉应用期刊。	official_scope	https://signalprocessingsociety.org/publications-resources/ieee-transactions-image-processing	2026-08-06	期刊聚焦图像形成、处理和分析的理论与技术。	approved	project-curation	2026-08-06	可复用于 TH-CPL A 的同刊记录。		active_target
cas-2025-tifs-scope-2026	cas	2025	journal	IEEE Transactions on Information Forensics and Security		信息取证与安全，包括多媒体取证、生物识别、隐私、认证、数字水印、对抗攻击、恶意内容检测、信号与数据安全和可信 AI。	forensics_trust;system_security;privacy_anonymity	信息取证；多媒体取证；数字取证；生物识别；隐私；认证；数字水印；对抗攻击；深度伪造检测；可信AI	information forensics;multimedia forensics;digital forensics;biometrics;privacy;authentication;digital watermarking;adversarial attack;deepfake detection;trustworthy AI	original_research;theory_methods	yes	open	venue	2026	一般网络安全系统若没有信息取证、信号数据安全或相关信任问题贡献需谨慎匹配。	official_scope	https://signalprocessingsociety.org/publications-resources/ieee-transactions-information-forensics-and-security	2026-08-06	期刊覆盖信息取证、安全与隐私的理论和应用。	approved	project-curation	2026-08-06	可复用于 TH-CPL A 的同刊记录。		active_target
cas-2025-tkde-scope-2026	cas	2025	journal	IEEE TRANSACTIONS ON KNOWLEDGE AND DATA ENGINEERING		知识与数据工程，包括数据管理、数据挖掘、知识发现、知识图谱、机器学习、数据库系统、流图时空数据、推荐和大规模数据系统。	data_management;data_mining;graph_knowledge_data	数据工程；知识工程；数据管理；数据挖掘；知识发现；知识图谱；数据库；流数据；图数据；推荐系统	data engineering;knowledge engineering;data management;data mining;knowledge discovery;knowledge graph;database;stream data;graph data;recommender system	original_research;systems_experience	yes	open	venue	2026	通用机器学习论文需体现知识或数据工程问题、数据管理价值或大规模实证。	official_scope	https://www.computer.org/csdl/journal/tk/about/107383	2026-08-06	期刊覆盖知识和数据工程的理论、系统及应用。	approved	project-curation	2026-08-06	可复用于 TH-CPL A 的同刊记录。		active_target
cas-2025-tmc-scope-2026	cas	2025	journal	IEEE TRANSACTIONS ON MOBILE COMPUTING		移动与普适计算系统，包括移动网络、边缘计算、无线系统、移动云、物联网、感知定位、移动安全、能效和移动应用系统。	wireless_mobile;edge_networking;ubiquitous_mobile_wearable	移动计算；移动网络；无线系统；移动边缘计算；移动云；物联网；感知定位；移动安全；能效；移动应用	mobile computing;mobile network;wireless system;mobile edge computing;mobile cloud;Internet of Things;sensing localization;mobile security;energy efficiency;mobile application	original_research;systems_experience	yes	open	venue	2026	纯通信物理层或没有移动计算系统贡献的通用网络算法需谨慎匹配。	official_scope	https://www.computer.org/csdl/journal/tm/about/107380	2026-08-06	期刊面向移动计算的技术与系统研究。 官方范围要点：移动与普适计算系统，包括移动网络、边缘计算、无线系统、移动云、物联网、感知定位、移动安全、能效和移动应用系统。	approved	project-curation	2026-08-06	可复用于 TH-CPL A 的同刊记录。		active_target
cas-2025-tmm-scope-2026	cas	2025	journal	IEEE TRANSACTIONS ON MULTIMEDIA		多媒体技术和系统，包括图像视频音频、多模态学习、内容分析生成、检索推荐、压缩传输、质量体验、交互和多媒体应用。	multimedia;image_video_processing;generative_foundation_models	多媒体；图像视频；音频；多模态学习；内容分析；媒体生成；多媒体检索；推荐；压缩传输；体验质量	multimedia;image video;audio;multimodal learning;content analysis;media generation;multimedia retrieval;recommendation;compression delivery;quality of experience	original_research;systems_experience	yes	open	venue	2026	单一模态算法若与多媒体系统、内容或体验缺少实质联系需谨慎匹配。	official_scope	https://signalprocessingsociety.org/publications-resources/ieee-transactions-multimedia	2026-08-06	期刊覆盖多媒体技术、系统和应用。 官方范围要点：多媒体技术和系统，包括图像视频音频、多模态学习、内容分析生成、检索推荐、压缩传输、质量体验、交互和多媒体应用。	approved	project-curation	2026-08-06	可复用于 TH-CPL A 的同刊记录。		active_target
cas-2025-tnnls-scope-2026	cas	2025	journal	IEEE Transactions on Neural Networks and Learning Systems		神经网络与相关学习系统的理论、设计和应用，包括深度学习、表示学习、强化学习、优化、神经动力学、可信学习和跨领域智能系统。	machine_learning;deep_representation;reinforcement_decision	神经网络；学习系统；深度学习；表示学习；强化学习；优化；神经动力学；可信学习；智能系统	neural network;learning system;deep learning;representation learning;reinforcement learning;optimization;neural dynamics;trustworthy learning;intelligent system	original_research;theory_methods	yes	open	venue	2026	普通应用论文需有神经网络或学习系统方面清晰的方法与分析贡献。	official_scope	https://cis.ieee.org/publications/t-neural-networks-and-learning-systems	2026-08-06	期刊发表神经网络与学习系统理论、设计和应用论文。	approved	project-curation	2026-08-06	中科院 1 区现代机器学习重点刊。		active_target
cas-2025-tpami-scope-2026	cas	2025	journal	IEEE TRANSACTIONS ON PATTERN ANALYSIS AND MACHINE INTELLIGENCE		计算机视觉、模式分析与识别、机器智能和相关学习方法，包括图像视频、三维、多模态、感知、表示学习和视觉系统。	computer_vision_pattern;machine_learning;image_video_processing	模式识别；计算机视觉；机器智能；图像视频；三维视觉；多模态；感知；表示学习；视觉系统	pattern recognition;computer vision;machine intelligence;image video;3D vision;multimodal;perception;representation learning;vision system	original_research;theory_methods	yes	open	venue	2026	通用机器学习论文若缺少模式分析、视觉或机器智能方面的核心关联需谨慎匹配。	official_scope	https://www.computer.org/csdl/journal/tp/about/107386	2026-08-06	期刊覆盖模式分析、机器智能与计算机视觉。	approved	project-curation	2026-08-06	可复用于 TH-CPL A，需处理其缩写式刊名别名。		active_target
cas-2025-tro-scope-2026	cas	2025	journal	IEEE Transactions on Robotics		机器人学基础与系统研究，包括感知、规划、控制、学习、操作、移动机器人、多机器人、人机协作、软体机器人和真实系统实验。	robotics_autonomy;reinforcement_decision	机器人学；机器人感知；运动规划；机器人控制；机器人学习；操作抓取；移动机器人；多机器人；人机协作；软体机器人	robotics;robot perception;motion planning;robot control;robot learning;manipulation grasping;mobile robot;multi-robot;human-robot collaboration;soft robotics	original_research;systems_experience	yes	open	venue	2026	纯视觉、控制或机器学习论文需以机器人问题和实体或可信仿真评价为核心。	official_scope	https://www.ieee-ras.org/publications/t-ro	2026-08-06	期刊覆盖机器人科学与工程的理论和实验研究。	approved	project-curation	2026-08-06	可复用于 TH-CPL A 的同刊记录。		active_target
cas-2025-tse-scope-2026	cas	2025	journal	IEEE TRANSACTIONS ON SOFTWARE ENGINEERING		软件工程理论、方法、工具与实证研究，包括需求、架构设计、开发测试、维护演化、程序分析、软件质量、DevOps、人因和 AI for SE。	software_engineering;testing_analysis	软件工程；需求工程；软件架构；软件设计；开发；测试；维护演化；程序分析；软件质量；DevOps；开发者研究	software engineering;requirements engineering;software architecture;software design;development;testing;maintenance evolution;program analysis;software quality;DevOps;developer study	original_research;theory_methods;systems_experience	yes	open	venue	2026	通用算法或 AI 工作需围绕软件工程问题并在代码、项目或开发过程上严格评价。	official_scope	https://www.computer.org/csdl/journal/ts/about/107385	2026-08-06	IEEE Computer Society 官方 TSE scope 覆盖软件工程原理与实践，包括需求、设计、实现、测试、维护、过程、工具和实证研究。	approved	project-curation	2026-08-06	可复用于 TH-CPL A 的同刊记录。		active_target
cas-2025-twc-scope-2026	cas	2025	journal	IEEE TRANSACTIONS ON WIRELESS COMMUNICATIONS		无线通信理论与技术，包括无线信道、调制编码、MIMO 与波束成形、资源分配、多址、蜂窝网络、无线网络优化、实验原型和新兴无线系统。	physical_layer_communications;beamforming_mimo;resource_allocation_scheduling	无线通信；无线信道；调制编码；MIMO；波束成形；资源分配；功率控制；多址接入；蜂窝网络；无线优化	wireless communication;wireless channel;modulation coding;MIMO;beamforming;resource allocation;power control;multiple access;cellular network;wireless optimization	original_research;theory_methods;systems_experience	yes	open	venue	2026	问题必须以无线通信为中心，衰落、干扰等无线信道特性应发挥实质作用。	official_scope	https://www.comsoc.org/publications/journals/ieee-twc/policies-guidelines	2026-08-06	官方范围明确要求论文围绕无线通信问题和无线信道特性。	approved	project-curation	2026-08-06	真实项目“联合波束与资源分配”的首要候选之一。		active_target
cas-2025-information-fusion-scope-2026	cas	2025	journal	Information Fusion		多源、多模态和多层次信息融合的理论、方法与应用，包括传感器融合、数据与决策融合、概率证据方法、深度多模态学习、可信融合和自主系统。	information_fusion;multimodal;probabilistic_causal	信息融合；多源数据；多模态学习；传感器融合；数据融合；决策融合；概率推理；证据理论；可信融合；自主系统	information fusion;multi-source data;multimodal learning;sensor fusion;data fusion;decision fusion;probabilistic reasoning;evidence theory;trustworthy fusion;autonomous system	original_research;theory_methods;applied_research	yes	open	venue	2026	仅有普通分类或预测、没有多源信息融合问题与方法贡献的论文不匹配。	publisher_scope	https://www.sciencedirect.com/journal/information-fusion/about/aims-and-scope	2026-08-06	期刊核心是多源信息与数据融合的理论和应用。	approved	project-curation	2026-08-06	中科院 1 区现代 AI 重点刊。		active_target
cas-2025-nature-computational-science-scope-2026	cas	2025	journal	Nature Computational Science		计算方法与数学模型的开发和跨学科应用，包括算法、科学计算、计算物理化学生物材料、数据科学、AI for Science、量子计算和计算社会科学。	scientific_computing;ai_for_science;general_computing	计算科学；科学计算；数值算法；数学建模；计算物理；计算化学；计算生物；计算材料；AI科学；量子计算	computational science;scientific computing;numerical algorithm;mathematical modeling;computational physics;computational chemistry;computational biology;computational materials;AI for science;quantum computing	original_research;theory_methods	yes	open	venue	2026	常规领域应用需体现可推广的计算方法、软件、模型或重要科学发现，而非仅使用现成工具。	official_scope	https://www.nature.com/natcomputsci/aims	2026-08-06	期刊聚焦计算技术和数学模型的开发与使用。	approved	project-curation	2026-08-06	中科院 1 区 AI for Science 重点刊。		active_target
cas-2025-nature-machine-intelligence-scope-2026	cas	2025	journal	Nature Machine Intelligence		机器学习、机器人和人工智能的高影响研究，包括学习与推理、生成模型、具身智能、人机协作、可信安全 AI、社会影响及跨学科应用。	machine_learning;generative_foundation_models;robotics_autonomy;trustworthy_ai	机器学习；人工智能；生成模型；推理；机器人；具身智能；人机协作；可信AI；AI安全；社会影响	machine learning;artificial intelligence;generative model;reasoning;robotics;embodied intelligence;human-AI collaboration;trustworthy AI;AI safety;societal impact	original_research;theory_methods;applied_research	yes	open	venue	2026	增量式模型改进或狭窄应用若缺少广泛重要性、机制洞察或跨领域影响通常不匹配。	official_scope	https://www.nature.com/natmachintell/aims	2026-08-06	期刊覆盖机器学习、机器人和人工智能及其影响。	approved	project-curation	2026-08-06	中科院 1 区现代 AI 重点刊。		active_target
cas-2025-pattern-recognition-scope-2026	cas	2025	journal	PATTERN RECOGNITION		模式识别的理论、方法和应用，包括统计与结构模式识别、机器学习、视觉识别、文档分析、生物识别、时序和多模态模式分析。	computer_vision_pattern;machine_learning;image_video_processing	模式识别；统计模式识别；结构模式识别；机器学习；图像识别；文档分析；生物识别；时序模式；多模态分析	pattern recognition;statistical pattern recognition;structural pattern recognition;machine learning;image recognition;document analysis;biometrics;temporal pattern;multimodal analysis	original_research;theory_methods	yes	open	venue	2026	仅做特定应用且没有可推广的模式识别方法或分析贡献通常不匹配。	publisher_scope	https://www.sciencedirect.com/journal/pattern-recognition/about/aims-and-scope	2026-08-06	期刊聚焦模式识别理论、方法和应用。 官方范围要点：模式识别的理论、方法和应用，包括统计与结构模式识别、机器学习、视觉识别、文档分析、生物识别、时序和多模态模式分析。	approved	project-curation	2026-08-06	中科院 1 区视觉与模式识别重点刊。		active_target
cas-2025-pacmpl-scope-2026	cas	2025	journal	Proceedings of the ACM on Programming Languages-PACMPL		程序语言研究的期刊化会议论文集，覆盖语言设计、类型与语义、编译器和运行时、程序分析验证、并发、程序合成及相关软件系统。	programming_languages;logic_semantics;compilers_runtime;formal_methods_verification	编程语言；类型系统；程序语义；编译器；运行时；程序分析；形式化验证；并发；程序合成；软件系统	programming language;type system;program semantics;compiler;runtime;program analysis;formal verification;concurrency;program synthesis;software system	original_research;theory_methods;systems_experience	yes	cfp_only	venue	2026	不是普通连续自由投稿期刊；投稿必须进入 POPL、PLDI、OOPSLA、ICFP 等对应 issue/会议征稿。	official_scope	https://dl.acm.org/journal/pacmpl/about	2026-08-06	PACMPL 通过关联会议 issue 出版程序语言研究。	approved	project-curation	2026-08-06	投稿模式是硬约束。		active_target
cas-2025-proceedings-ieee-scope-2026	cas	2025	journal	PROCEEDINGS OF THE IEEE		电气、电子与计算技术重要主题的权威综述、教程和专题专刊，面向广泛读者系统总结技术状态、挑战与发展方向。	general_computing;survey_review	权威综述；教程；专题专刊；电气电子工程；计算技术；通信；控制；信号处理；技术趋势	authoritative review;tutorial;special issue;electrical electronic engineering;computing technology;communications;control;signal processing;technology trend	survey_review	no	invited_mixed	venue	2026	通常不接收以单项原创实验结果为主体的普通研究论文；文章多为综述教程或专题组织。	official_scope	https://proceedingsoftheieee.ieee.org/about/	2026-08-06	期刊以深入综述和教程呈现重要技术主题。 官方范围要点：电气、电子与计算技术重要主题的权威综述、教程和专题专刊，面向广泛读者系统总结技术状态、挑战与发展方向。	approved	project-curation	2026-08-06	可复用于 TH-CPL A；文章类型是硬约束。		active_target
cas-2025-science-robotics-scope-2026	cas	2025	journal	Science Robotics		机器人科学与工程的高影响研究，包括机器人设计、感知、控制、学习、软体与微纳机器人、生物启发、医疗机器人、群体系统和人机协作。	robotics_autonomy;machine_learning;industry_application	机器人；机器人设计；感知；控制；机器人学习；软体机器人；微纳机器人；仿生机器人；医疗机器人；群体机器人；人机协作	robotics;robot design;perception;control;robot learning;soft robot;micro nano robot;bioinspired robot;medical robot;swarm robotics;human-robot collaboration	original_research;systems_experience	yes	open	venue	2026	普通控制、视觉或 AI 论文需以机器人系统为核心并展示重要实体系统或科学贡献。	official_scope	https://www.science.org/content/page/science-robotics-information-authors	2026-08-06	期刊覆盖机器人科学、工程与应用的重大进展。	approved	project-curation	2026-08-06	中科院 1 区机器人重点刊。		active_target
th-cpl-2019-sigmetrics-main-2027	th_cpl	2019	conference	International Conference on Measurement and Modeling of Computer Systems	SIGMETRICS	计算机与网络系统的测量、建模、性能分析和基于实证的设计，覆盖网络、云边、高性能计算、机器学习系统、物联网、移动与信息物理系统，以及时延、吞吐、可靠性、公平性、能耗和碳足迹等指标。	performance_measurement;theory_methods;network_arch_protocols;distributed_cloud_edge;resource_allocation_scheduling;ai_systems;parallel_hpc	性能测量；系统建模；排队论；工作负载；基准测试；资源调度；云边系统；机器学习系统；能效	performance measurement;system modeling;queueing theory;workload characterization;benchmarking;resource scheduling;cloud edge systems;machine learning systems;energy efficiency	original_research;systems_experience;theory_methods	yes	open	journal_first	2027	仅报告应用效果而没有系统测量、建模或性能分析贡献的论文，以及不涉及计算系统的纯统计建模通常不匹配。	official_cfp	https://www.sigmetrics.org/sigmetrics2027/pages/cfp.html	2026-08-06	官方 2027 CFP 征集计算系统设计、建模、测量和性能分析论文，并包含 learning、measurement/applied modeling 等软分轨；录用论文先刊于 POMACS，再在 SIGMETRICS 展示。	approved	th-conf-curation	2026-08-06	采用审核日最新 2027 CFP；按 POMACS 期刊先发表、会议展示的混合流程标记为 journal_first。		active_target
th-cpl-2019-fpga-main-2027	th_cpl	2019	conference	ACM/SIGDA International Symposium on Field-Programmable Gate Arrays	FPGA	FPGA 及更广义空间计算架构的体系结构、电路、CAD、综合与映射、高层抽象和软硬件协同，覆盖 CGRA、NPU、AI Engine、可重构加速器、可靠安全设计以及 AI/ML 在 FPGA 上或用于 FPGA 设计的方法。	fpga_reconfigurable_computing;eda_cad;accelerators_heterogeneous;arch_microarchitecture;hardware_security	现场可编程门阵列；可重构计算；空间计算；CGRA；NPU；逻辑综合；布局布线；高层次综合；软硬件协同；FPGA加速器	FPGA;reconfigurable computing;spatial computing;CGRA;NPU;logic synthesis;placement and routing;high-level synthesis;hardware-software co-design;FPGA accelerator	original_research;systems_experience	yes	open	main_track	2026	仅把现成 FPGA 当作普通运行平台、没有架构、电路、CAD、映射或可重构计算贡献的应用论文通常不匹配。	official_cfp	https://www.isfpga.org/call-for-papers/	2026-08-06	官方 FPGA 2026 CFP 明列 FPGA/空间架构、电路、CAD、高层工具、计算引擎、设计研究及 AI/ML for/on FPGA，并要求独特原创稿件。	approved	th-conf-curation	2026-08-06	截至审核日可核验的固定征稿页仍为 FPGA 2026；待正式 2027 CFP 发布后再更新年份。主题范围沿用当前官方 CFP。		active_target
th-cpl-2019-mobisys-main-2026	th_cpl	2019	conference	International Conference on Mobile Systems, Applications, and Services	MobiSys	移动计算系统、应用和服务的可实现、可部署研究，包括移动软件与操作系统、端侧 AI、能量与资源管理、人机交互、可穿戴、车载与无人系统、XR、位置感知、移动安全隐私、无线通信感知以及真实部署和数据集。	ubiquitous_mobile_wearable;wireless_mobile;edge_networking;ai_systems;iot_sensor;hci_ux	移动计算系统；端侧人工智能；移动操作系统；可穿戴系统；车联网；无人机；扩展现实；位置感知；无线感知；移动安全；真实部署	mobile computing systems;on-device AI;mobile operating systems;wearables;vehicular systems;drones;extended reality;location sensing;wireless sensing;mobile security;real-world deployment	original_research;systems_experience;dataset_benchmark	yes	open	main_track	2026	纯无线物理层、纯算法或一般移动应用若缺少移动系统实现、系统洞见或实际评估通常不匹配。	official_cfp	https://www.sigmobile.org/mobisys/2026/call_for_papers/	2026-08-06	官方 CFP 强调移动计算各方面的创新研究、工作实现与实践评估，并明确欢迎真实部署、经验和移动/无线数据集。	approved	th-conf-curation	2026-08-06	按 2026 主会 full-paper 范围整理。		active_target
th-cpl-2019-imc-main-2026	th_cpl	2019	conference	Internet Measurement Conference	IMC	以测量为核心的数据通信研究，包括互联网结构与性能、用户和应用行为、工作负载和因果建模、网络监测与可视化工具、测量驱动系统算法、数据采集分析共享，以及互联网接入、蜂窝、数据中心、云、覆盖网络、在线平台等实网生态。	performance_measurement;network_arch_protocols;data_science_engineering;web_social_networks;privacy_anonymity	互联网测量；流量分析；网络拓扑；路由测量；性能瓶颈；因果分析；测量工具；数据共享；可复现性；在线平台	Internet measurement;traffic analysis;network topology;routing measurement;performance bottleneck;causal analysis;measurement tools;data sharing;replicability;online platforms	original_research;systems_experience;dataset_benchmark	yes	open	main_track	2026	不以网络测量、测量方法或测量所得新洞见为核心的普通网络协议、系统设计和纯模拟论文通常不匹配。	official_cfp	https://conferences.sigcomm.org/imc/2026/cfp/	2026-08-06	官方 CFP 将范围界定为数据通信中的测量型研究，详列数据采集分析、测量建模、工具、测量驱动系统及 replicability track。	approved	th-conf-curation	2026-08-06	replicability 属主技术项目的一部分，故保留 dataset_benchmark 稿件类型。		active_target
th-cpl-2019-ipsn-main-2024	th_cpl	2019	conference	International Conference on Information Processing in Sensor Networks	IPSN	网络化嵌入式传感、执行与控制系统的算法、理论、平台和系统设计，覆盖传感数据处理管理、IoT 架构协议、定位同步与 RF 感知、信息编码、移动社交感知、嵌入式机器学习、可穿戴和自治平台，以及 IoT 安全隐私。	iot_sensor;embedded_realtime_cps;information_theory_coding;wireless_mobile;machine_learning;data_management	传感器网络；嵌入式感知；物联网；传感数据处理；RF感知；定位同步；信息编码；移动感知；嵌入式机器学习；IoT安全	sensor networks;embedded sensing;Internet of Things;sensor data processing;RF sensing;localization and synchronization;information coding;mobile sensing;embedded machine learning;IoT security	original_research;systems_experience;theory_methods	yes	retired_merged	main_track	2024	该历史目标自 2026 年起已并入 SenSys，不再独立接收投稿；纯传感器器件、纯信号处理或通用机器学习工作若没有网络化传感/执行系统贡献也不匹配。	official_cfp	https://ipsn.acm.org/2024/cfp.html	2026-08-06	最后一份可独立核验的详细官方 IPSN CFP 覆盖 networked embedded sensing/control、系统架构工具、算法理论、应用、安全隐私与机器学习。	approved	th-conf-curation	2026-08-06	IPSN 在 2026 年与 SenSys、IoTDI 合并；本行保留历史榜单实体，并使用最近的独立详细 CFP（2024）。 当前投稿应改查合并后的 SenSys CFP。 增加历史合并状态；默认推荐中隐藏，使用 --include-inactive 查看。		historical_merged
th-cpl-2019-sensys-main-2027	th_cpl	2019	conference	ACM Conference on Embedded Networked Sensor Systems	SenSys	嵌入式 AI、感知系统和 CPS/IoT 的算法、信息处理、应用、平台、安全与系统研究，覆盖边缘实时计算、协同与联邦学习、无线/RF 感知、异构传感网络、数字孪生、极端环境通信，以及部署经验、工具、数据集和基准。	iot_sensor;embedded_realtime_cps;edge_networking;machine_learning;ubiquitous_mobile_wearable;information_fusion	嵌入式人工智能；感知系统；信息物理系统；物联网；边缘实时计算；联邦学习；RF感知；数字孪生；部署经验；数据集基准	embedded AI;sensing systems;cyber-physical systems;Internet of Things;edge real-time computing;federated learning;RF sensing;digital twins;deployment experience;datasets and benchmarks	original_research;systems_experience;dataset_benchmark;theory_methods	yes	open	main_track	2027	综述和教程明确不在范围内；没有嵌入式感知、CPS/IoT 或边缘平台贡献的通用 AI 论文通常不匹配。	official_cfp	https://sensys.acm.org/2027/cfp.html	2026-08-06	官方 2027 CFP 明列算法与信息、应用、平台、安全、系统，以及 visions/experiences/tools/datasets/benchmarks，并明确排除 survey/tutorial。	approved	th-conf-curation	2026-08-06	采用截至审核日已发布的 2027 主会 CFP；该会议延续 2026 年完成的 SenSys/IPSN/IoTDI 合并。		active_target
th-cpl-2019-conext-main-2026	th_cpl	2019	conference	ACM International Conference on Emerging Networking Experiments and Technologies	CoNEXT	新兴网络技术的协议、服务和实验系统研究，包括互联网测量与建模、路由和流量工程、网络安全、点对点与覆盖网络、无线移动与传感网络、多媒体和网络化应用，以及自治、可靠通信。	network_arch_protocols;performance_measurement;wireless_mobile;network_security;distributed_cloud_edge	新兴网络技术；网络实验；互联网测量；协议与服务；路由；流量工程；覆盖网络；无线移动网络；网络安全；可靠通信	emerging networking technologies;network experiments;Internet measurement;protocols and services;routing;traffic engineering;overlay networks;wireless mobile networks;network security;dependable communications	original_research;systems_experience	yes	open	main_track	2026	缺少网络技术、协议、测量或网络化系统贡献的通用分布式应用，以及纯通信物理层工作通常不匹配。	official_scope	https://www.sigcomm.org/events/conext-conference	2026-08-06	ACM SIGCOMM 官方会议页说明 CoNEXT 聚焦创新网络技术，并列出测量建模、协议服务、路由、安全、流量工程、P2P/overlay、无线移动和可靠通信等开放范围。	approved	th-conf-curation	2026-08-06	2026 会站已上线但范围正文未被稳定索引，故采用 SIGCOMM 当前官方系列 scope，并锚定其列出的 CoNEXT 2026。		active_target
th-cpl-2019-icnp-main-2026	th_cpl	2019	conference	International Conference on Network Protocols	ICNP	通信与网络协议从设计、分析和规范到验证、测试、实现与性能评估的研究，涵盖接入、交换、路由、拥塞和流控制、多媒体传输、无线移动网络、网络安全、Web 协议、网络管理和互操作。	network_arch_protocols;formal_methods_verification;performance_measurement;wireless_mobile;network_security	网络协议；协议设计；协议验证；协议测试；路由；拥塞控制；流控制；多媒体传输；无线移动网络；网络安全	network protocols;protocol design;protocol verification;protocol testing;routing;congestion control;flow control;multimedia transport;wireless mobile networks;network security	original_research;systems_experience	yes	open	main_track	2026	只使用现有协议承载应用、却没有协议设计、分析、验证、实现或性能方面新贡献的论文通常不匹配。	official_scope	https://icnp26.cs.ucr.edu/	2026-08-06	官方 2026 首页将主会范围概括为网络协议研究的设计、分析、规范、验证、实现和性能；官方系列页补充接入、路由、控制、安全等协议功能。	approved	th-conf-curation	2026-08-06	使用当前届官方站与 IEEE ICNP 官方系列 scope 交叉核对。	https://www.ieee-icnp.org/	active_target
th-cpl-2019-ches-main-2026	th_cpl	2019	conference	International Conference on Cryptographic Hardware and Embedded Systems	CHES	密码硬件与软件实现的设计和分析，包括密码处理器、随机数和 PUF、高效软件、实现攻击与侧信道/故障对策、硬件防篡改、形式化安全设计、FPGA 安全、可信执行、嵌入式密码、零知识工程、MPC/FHE 实现及后量子安全。	cryptography;hardware_security;fpga_reconfigurable_computing;formal_methods_verification;privacy_anonymity;system_security	密码实现；密码硬件；侧信道攻击；故障攻击；物理不可克隆函数；硬件木马；FPGA安全；可信执行环境；零知识证明工程；后量子安全	cryptographic implementations;cryptographic hardware;side-channel attacks;fault attacks;physical unclonable functions;hardware trojans;FPGA security;trusted execution environments;zero-knowledge engineering;post-quantum security	original_research;systems_experience;theory_methods;systematization_of_knowledge	yes	open	journal_first	2026	普通综述不匹配；仅接受符合 CFP 且有显著增值的 SoK/systematization of knowledge，并要求与密码实现或嵌入式工程有明确联系。	official_cfp	https://ches.iacr.org/2026/cfp_ches2026.pdf	2026-08-06	官方 CFP 明列密码实现、实现攻击及对策、工具方法、理论与实现交互和应用；TCHES 接受原创研究及增值显著的 SoK，录用后在 CHES 展示。	approved	th-conf-curation	2026-08-06	按 TCHES 多周期投稿、CHES 展示的期刊优先流程标记为 journal_first。	https://ches.iacr.org/	active_target
th-cpl-2019-asiacrypt-main-2026	th_cpl	2019	conference	International Conference on the Theory and Application of Cryptology and Information Security	ASIACRYPT	涵盖密码学全部理论与应用方向的原创研究，包括对称和公钥密码、密码协议与证明、零知识、多方安全计算、全同态加密、后量子与量子密码、隐私增强技术、密码分析以及密码系统的基础理论。	cryptography;theory_methods;privacy_anonymity;information_theory_coding	密码学；对称密码；公钥密码；密码协议；可证明安全；零知识证明；多方安全计算；全同态加密；后量子密码；密码分析	cryptology;symmetric cryptography;public-key cryptography;cryptographic protocols;provable security;zero-knowledge proofs;secure multiparty computation;fully homomorphic encryption;post-quantum cryptography;cryptanalysis	original_research;theory_methods	yes	open	main_track	2026	仅做一般系统攻防、恶意软件或网络安全而没有新密码原语、协议、分析或密码理论贡献的论文通常不匹配。	official_scope	https://asiacrypt.iacr.org/2026/	2026-08-06	IACR 官方 2026 会站面向密码学理论与应用；其通用旗舰会征集密码学各方面原创研究，并延续 IACR 各 area conference 均可投稿的宽口径。	approved	th-conf-curation	2026-08-06	当前官方站受爬虫限制；范围同时以 IACR 官方 ASIACRYPT 2025 CFP 的 all aspects of cryptology 表述交叉核对。	https://www.iacr.org/meetings/asiacrypt/;https://asiacrypt.iacr.org/2025/files/ac25-cfp_v2.pdf	active_target
th-cpl-2019-ccc-main-2026	th_cpl	2019	conference	IEEE Conference on Computational Complexity	CCC	计算复杂性理论中受资源约束计算模型的绝对与相对能力，包括复杂度类、归约与完备性、电路/通信/代数/证明复杂度、交互和概率证明、伪随机与去随机、平均情形与近似困难性、量子、参数化和细粒度复杂度。	complexity;theory_methods;algorithms;information_theory_coding;cryptography	计算复杂性；复杂度类；归约与完备性；电路复杂度；通信复杂度；证明复杂度；伪随机性；近似困难性；量子复杂度；细粒度复杂度	computational complexity;complexity classes;reductions and completeness;circuit complexity;communication complexity;proof complexity;pseudorandomness;hardness of approximation;quantum complexity;fine-grained complexity	original_research;theory_methods	yes	open	main_track	2026	纯算法改进、实证机器学习或系统实现若没有明确的复杂性理论问题、界或归约贡献通常不匹配。	official_cfp	https://computationalcomplexity.org/Archive/2026/cfp.html	2026-08-06	官方 2026 CFP 征集所有计算复杂性理论原创论文，并逐项列出经典、量子、参数化、细粒度及相邻领域的复杂度问题。	approved	th-conf-curation	2026-08-06	按 CCC 主会理论论文范围整理。		active_target
th-cpl-2019-icalp-main-2026	th_cpl	2019	conference	International Colloquium on Automata, Languages and Programming	ICALP	理论计算机科学全领域，分为算法、复杂性与博弈，以及自动机、逻辑、语义和程序设计理论两轨，覆盖算法与数据结构、优化与学习理论、密码和量子计算，以及自动机、可计算性、类型系统、程序语义、分析验证和综合。	algorithms;complexity;automata_computation;logic_semantics;programming_languages;formal_methods_verification;algorithmic_economics_game_theory;program_synthesis;theory_methods	算法设计与分析；计算复杂性；算法博弈论；自动机；可计算性；逻辑；程序语义；类型系统；程序验证；程序综合	design and analysis of algorithms;computational complexity;algorithmic game theory;automata;computability;logic;program semantics;type systems;program verification;program synthesis	original_research;theory_methods	yes	open	main_track	2026	没有理论模型、算法分析、形式化结果或证明贡献的纯工程实现和经验应用论文通常不匹配。	official_cfp	https://icalppodcspaa2026.cs.rhul.ac.uk/icalp-cfp/	2026-08-06	官方 CFP 明确征集理论计算机科学各方面原创研究，并给出 Track A 与 Track B 的完整细分主题。	approved	th-conf-curation	2026-08-06	两个主会理论轨合并为一条 venue scope，未混入 workshops。		active_target
th-cpl-2019-wsdm-main-2027	th_cpl	2019	conference	ACM International Conference on Web Search and Data Mining	WSDM	Web 与社交 Web 上的搜索和数据挖掘，包括 Web 级搜索、查询与用户行为、推荐和知识图谱、图与多模态挖掘、社交网络、对话助手、隐私公平可解释性、信息完整性，以及基础模型和智能体系统用于 Web 搜索与挖掘。	web_search_recommendation;data_mining;information_retrieval;web_social_networks;graph_knowledge_data;generative_foundation_models;trustworthy_ai	Web搜索；Web数据挖掘；推荐系统；查询分析；知识图谱；社交网络分析；对话搜索；搜索公平性；虚假信息检测；基础模型与智能体	web search;web data mining;recommender systems;query analysis;knowledge graphs;social network analysis;conversational search;search fairness;misinformation detection;foundation models and agentic systems	original_research	yes	open	main_track	2027	与 Web、社交 Web、搜索、推荐或在线内容挖掘没有明确联系的通用机器学习、通用 NLP 和离线数据分析论文通常不匹配。	official_cfp	https://www.wsdm-conference.org/2027/	2026-08-06	官方 2027 CFP 列出 Web search、Web mining、foundation models and agentic systems、social networks、assistants、privacy/fairness 和 information integrity，并要求原创工作。	approved	th-conf-curation	2026-08-06	采用审核日最新且仍待截稿的 2027 主会 call；Findings 由 main-track 投稿统一考虑，并非独立投稿目标。 Benchmark/search evaluation 仅作为研究贡献的一部分，不单独承诺 dataset paper 类型。	https://www.wsdm-conference.org/	active_target
th-cpl-2019-pods-main-2027	th_cpl	2019	conference	ACM Symposium on Principles of Database Systems	PODS	数据管理科学基础中的原理性贡献，包括查询评估优化、数据模型与语言、数据结构和事务、数据质量与分析、不确定与半结构化数据、数据集成交换、隐私安全验证，以及数据库原理同逻辑、算法和其他学科的连接。	data_management;database_systems;theory_methods;algorithms;logic_semantics;privacy_anonymity	数据库原理；查询评估；查询优化；数据模型；查询语言；事务；数据质量；不确定数据；数据集成；数据隐私	database principles;query evaluation;query optimization;data models;query languages;transactions;data quality;uncertain data;data integration;data privacy	original_research;theory_methods;systems_experience	yes	open	journal_first	2027	只实现数据库应用或工程系统、却没有数据管理原理、严谨分析或可推广科学基础贡献的论文通常不匹配。	official_cfp	https://2027.sigmod.org/calls_papers_pods_research.shtml	2026-08-06	官方 2027 CFP 征集数据管理理论基础的新进展；录用论文刊于 PACMMOD 的 PODS 2027 issue 后受邀在 SIGMOD/PODS 会议展示。	approved	th-conf-curation	2026-08-06	采用审核日最新 2027 CFP；按 PACMMOD 发表、PODS 投稿复审与会议展示的混合流程标记为 journal_first。		active_target
th-cpl-2019-eccv-main-2026	th_cpl	2019	conference	European Conference on Computer Vision	ECCV	计算机视觉和模式识别全领域，包括二维/三维视觉、识别检测分割跟踪、视频理解、几何和场景表示、视觉生成、视觉语言推理、多模态与表示学习、具身和机器人视觉、医学遥感视觉、边缘视觉以及安全公平隐私。	computer_vision_pattern;image_video_processing;deep_representation;generative_foundation_models;multimodal;robotics_autonomy;trustworthy_ai	计算机视觉；模式识别；三维视觉；目标检测；图像分割；视频理解；图像生成；视觉语言；多模态学习；机器人视觉；可信视觉	computer vision;pattern recognition;3D vision;object detection;image segmentation;video understanding;image generation;vision-language;multimodal learning;robot vision;trustworthy vision	original_research;dataset_benchmark	yes	open	main_track	2026	纯语言、通用机器学习或机器人控制工作若没有核心视觉/模式识别问题与实验贡献通常不匹配。	official_cfp	https://eccv.ecva.net/Conferences/2026/CallForPapers	2026-08-06	官方 CFP 要求主技术项目为高质量原创研究，并列出从低层、三维、识别和视频到生成、多模态、机器人、医学、边缘与可信视觉的范围。	approved	th-conf-curation	2026-08-06	按 ECCV 2026 main technical program 整理。		active_target
th-cpl-2019-colt-main-2026	th_cpl	2019	conference	Annual Conference on Computational Learning Theory	COLT	机器学习理论，处于计算机科学、统计与应用数学交叉处，涵盖可学习性、学习算法及复杂度、在线与随机优化、神经网络理论、监督和无/半监督学习、强化与在线决策、因果和贝叶斯方法、系统约束下学习及量子学习。	machine_learning;theory_methods;algorithms;optimization;probabilistic_causal;reinforcement_decision;trustworthy_ai	学习理论；可学习性；统计学习；计算复杂度；在线学习；随机优化；神经网络理论；强化学习；因果推断；隐私公平约束	learning theory;learnability;statistical learning;computational complexity;online learning;stochastic optimization;neural network theory;reinforcement learning;causal inference;privacy and fairness constraints	original_research;theory_methods	yes	open	main_track	2026	仅展示模型在数据集上的经验提升、缺少学习理论问题、分析或理论解释的机器学习论文通常不匹配。	official_cfp	https://learningtheory.org/colt2026/cfp.html	2026-08-06	官方 CFP 征集广义机器学习理论论文并明确列出算法与复杂度、优化、深度学习理论、各学习范式、因果及约束学习。	approved	th-conf-curation	2026-08-06	实验可用于支持分析，但主旨仍须为理论。		active_target
th-cpl-2019-emnlp-main-2026	th_cpl	2019	conference	Conference on Empirical Methods in Natural Language Processing	EMNLP	自然语言处理实证方法的广泛技术研究，包括语言模型与生成、信息抽取检索、机器翻译、问答对话、语义句法语用、语音、多语言、多模态语言落地、代码模型、LLM agent、资源评测、效率、可解释性与伦理公平。	nlp_speech;generative_foundation_models;machine_learning;information_retrieval;multimodal;trustworthy_ai	自然语言处理；语言模型；文本生成；信息抽取；机器翻译；问答与对话；语音语言；多语言处理；多模态语言；代码模型；LLM智能体；资源评测	natural language processing;language models;text generation;information extraction;machine translation;question answering and dialogue;spoken language;multilingual NLP;multimodal language;code models;LLM agents;resources and evaluation	original_research;dataset_benchmark;survey_review;theory_methods	yes	open	main_track	2026	纯视觉、通用机器学习或人机交互工作若没有语言处理、语言数据或语言学洞见作为核心贡献通常不匹配。	official_cfp	https://2026.emnlp.org/calls/main_conference_papers/	2026-08-06	官方主会 CFP 接收 NLP 的原创实证研究，也明确允许负面结果、综述、资源、立场、语言学洞见和复现，并列出完整领域主题。	approved	th-conf-curation	2026-08-06	经 ACL Rolling Review 投稿后 commit 到 EMNLP；范围含 main conference long/short papers，不含 industry track。		active_target
th-cpl-2019-icra-main-2027	th_cpl	2019	conference	IEEE International Conference on Robotics and Automation	ICRA	机器人与自动化全领域的算法、系统和应用，包括感知定位建图、规划控制、操纵与移动、机器人学习、人机协作、多机器人、医疗和工业机器人、自动驾驶、空中水下系统，以及机器人机构、嵌入式实现和真实实验。	robotics_autonomy;control_systems;computer_vision_pattern;reinforcement_decision;autonomous_vehicles;embedded_realtime_cps;hci_ux	机器人学；自动化；机器人感知；定位建图；运动规划；机器人控制；抓取操纵；机器人学习；人机协作；多机器人；医疗机器人；自动驾驶	robotics;automation;robot perception;localization and mapping;motion planning;robot control;grasping and manipulation;robot learning;human-robot interaction;multi-robot systems;medical robotics;autonomous driving	original_research;systems_experience;applied_research	yes	open	main_track	2027	通用 AI、视觉、控制或机械设计论文若没有明确的机器人/自动化任务、系统贡献或相关验证通常不匹配。	official_cfp	https://2027.ieee-icra.org/announcements/call-for-technical-papers/	2026-08-06	官方 2027 technical-paper call 征集体现机器人当前与未来的研究，定位于 Robotics and Automation 的思想与进展；范围与 RAS 机器人关键词体系交叉核对。	approved	th-conf-curation	2026-08-06	采用审核日最新且开放投稿的 2027 technical-paper CFP；期刊论文转会展示是另一路径，未把本行标为 journal_first。	https://2027.ieee-icra.org/contribute/call-for-icra-2027-papers-now-accepting-submissions/;https://www.ieee-ras.org/keywords	active_target
th-cpl-2019-rss-main-2026	th_cpl	2019	conference	Robotics: Science and Systems ·A Robotics Conference	RSS	机器人科学与系统的高创新研究，包括机器人学习、感知与状态估计、规划、控制和动力学、抓取操纵、导航与移动、机构设计、人机交互、多机器人、形式化方法、医疗与野外机器人，以及真实机器人系统集成与验证。	robotics_autonomy;control_systems;reinforcement_decision;computer_vision_pattern;formal_methods_verification;hci_ux;autonomous_vehicles	机器人科学；机器人系统；机器人学习；机器人感知；状态估计；规划控制；抓取操纵；导航；机器人设计；人机交互；多机器人；形式化方法	robotics science;robotic systems;robot learning;robot perception;state estimation;planning and control;grasping and manipulation;navigation;robot design;human-robot interaction;multi-robot systems;formal methods	original_research;systems_experience	yes	open	main_track	2026	纯机器学习、视觉或控制理论若没有机器人科学问题、机器人系统意义或机器人实验验证通常不匹配；独立 demo 稿件在 2026 年不接收。	official_cfp	https://roboticsconference.org/information/cfp/	2026-08-06	官方 2026 CFP 征集 novel scientific and systems contributions；会议系列官方主题覆盖学习、感知、规划控制、操纵、HRI、多机器人和机构系统等机器人全领域。	approved	th-conf-curation	2026-08-06	当前 CFP 用 Science/Systems 宽分类；细分关键词以最近官方系列 subject-area taxonomy 交叉核对。	https://roboticsconference.org/2025/information/cfp/	active_target
th-cpl-2019-recomb-main-2026	th_cpl	2019	conference	International Conference on Research in Computational Molecular Biology	RECOMB	计算分子生物学的理论与应用原创研究，包括生物序列算法、测序和分型、宏基因组、调控与转录组、单细胞和空间组学、蛋白结构功能、群体与统计基因组、进化基因组、系统网络生物学、分子生物多模态机器学习及生物医学数据隐私。	bioinformatics_computational_biology;algorithms;ai_for_science;machine_learning;privacy_anonymity	计算分子生物学；生物序列算法；基因组学；转录组学；单细胞组学；空间组学；蛋白质结构；群体遗传；系统生物学；生物医学隐私	computational molecular biology;biological sequence algorithms;genomics;transcriptomics;single-cell omics;spatial omics;protein structure;population genetics;systems biology;biomedical privacy	original_research;theory_methods	yes	open	main_track	2026	纯湿实验生物学、一般临床研究或通用机器学习若没有计算分子生物学方法、分析或生物学发现贡献通常不匹配。	official_cfp	https://recomb.org/recomb2026/call_for_papers.html	2026-08-06	官方 CFP 接收计算分子生物学所有领域的原创理论和应用研究，并列出算法、各类组学、结构生物、机器学习和隐私等主题。	approved	th-conf-curation	2026-08-06	仅整理 regular original research papers；已发表论文 highlights 另有独立 call。		active_target
th-cpl-2019-ismb-proceedings-2026	th_cpl	2019	conference	International conference on Intelligent Systems for Molecular Biology	ISMB	ISMB Proceedings 的原创生物信息学与计算生物学研究，覆盖序列和结构生物信息学、微生物组、多组学与单细胞、计算基因组、系统生物学和网络、机器学习与数据科学、生物医学信息学、文本挖掘、可视分析、转化医学及教育方法评估。	bioinformatics_computational_biology;ai_for_science;machine_learning;data_science_engineering;graph_knowledge_data;visualization_visual_analytics	生物信息学；计算生物学；微生物组；多组学；单细胞分析；计算基因组学；系统生物学；生物医学信息学；生物文本挖掘；生物可视分析	bioinformatics;computational biology;microbiomes;multi-omics;single-cell analysis;computational genomics;systems biology;biomedical informatics;biomedical text mining;biological visualization	original_research;dataset_benchmark	yes	open	journal_proceedings	2026	纯湿实验研究、没有计算方法或分析贡献的生物学论文不匹配；海报摘要和已发表研究展示不属于本行所表示的 Proceedings 投稿。；资源、数据库或 benchmark 稿件需具有明确的计算方法、分析或可复现评测贡献。	official_cfp	https://www.iscb.org/ismb2026/call-for-submissions/proceedings	2026-08-06	官方 Proceedings call 列出微生物组、生物医学信息学等细分区并要求原创未发表工作；录用论文刊入 Bioinformatics 期刊的会议 proceedings 专区并在 ISMB 口头报告。	approved	th-conf-curation	2026-08-06	属于会议审稿后进入 Bioinformatics proceedings issue，故使用 journal_proceedings，而不是常规 journal_first。	https://www.iscb.org/ismb2026	active_target
th-cpl-2019-ec-main-2026	th_cpl	2019	conference	ACM Conference on Economics and Computation	EC	经济学与计算机科学交叉研究，包括拍卖定价、机制与市场设计、匹配和公平分配、均衡及计算复杂度、博弈与决策、社会选择、信息设计、网络与平台经济、区块链、众包，以及学习算法、LLM、公平和隐私的经济学问题。	algorithmic_economics_game_theory;algorithms;optimization;machine_learning;privacy_anonymity;web_social_networks	算法博弈论；机制设计；拍卖定价；市场设计；匹配市场；公平分配；均衡计算；社会选择；平台经济；区块链；学习经济学；数据隐私	algorithmic game theory;mechanism design;auctions and pricing;market design;matching markets;fair division;equilibrium computation;social choice;platform economics;blockchain;economics of learning;data privacy	original_research;theory_methods;applied_research	yes	open	main_track	2026	没有计算、算法、信息或数字平台维度的传统经济学论文，以及不涉及激励、市场、博弈或经济行为的纯算法论文通常不匹配。	official_cfp	https://ec26.sigecom.org/call-for-contributions-acm/papers/	2026-08-06	官方 CFP 明列拍卖、机制、市场、均衡、博弈、平台、区块链、实验以及学习算法和 LLM 的经济方面等主题。	approved	th-conf-curation	2026-08-06	按 EC 2026 regular paper call 整理；one-page abstract 出版选项不改变主会稿件范围。		active_target
th-2019-tocs-journal-2026	th_cpl	2019	journal	ACM Transactions on Computer Systems	TOCS	计算机系统的设计、实现与评估，覆盖操作系统、分布式与云系统、存储与文件系统、网络化系统、虚拟化、可靠性与安全、资源管理及系统性能分析。	operating_systems;distributed_cloud_edge;storage_filesystems;system_security;performance_measurement	操作系统；分布式系统；云系统；文件与存储系统；虚拟化；可靠性；系统安全；资源管理；性能评估	operating systems;distributed systems;cloud systems;file and storage systems;virtualization;reliability;system security;resource management;performance evaluation	original_research;systems_experience;theory_methods	yes	open	venue	2026	仅在现成系统上运行应用、缺少系统机制或系统评估贡献的工作，以及与计算机系统无明确联系的纯算法论文不匹配。	official_scope	https://dl.acm.org/journal/tocs/about	2026-08-06	ACM 期刊页将 TOCS 定位为计算机系统原理、设计、实现与评估的研究期刊。	approved	th-journal-curation	2026-08-06	按 ACM 当前 about 页面归纳；严格锚定 TH 2019 的 TOCS 条目。		active_target
th-2019-tpds-journal-2026	th_cpl	2019	journal	IEEE Transactions on Parallel and Distributed Systems	TPDS	并行与分布式计算的算法、体系结构、软件和应用，包括多核与异构系统、并行编程与运行时、调度与负载均衡、云网格计算、分布式数据处理、容错及性能建模。	parallel_hpc;distributed_cloud_edge;accelerators_heterogeneous;compilers_runtime;resource_allocation_scheduling	并行算法；分布式算法；多核与众核；异构计算；并行体系结构；编程模型；运行时系统；调度；负载均衡；云与网格计算	parallel algorithms;distributed algorithms;multicore and manycore;heterogeneous computing;parallel architecture;programming model;runtime systems;scheduling;load balancing;cloud and grid computing	original_research;theory_methods;systems_experience;survey_review	yes	open	venue	2026	缺少并行性、分布式协同、可扩展性或相关系统贡献的普通应用论文不匹配；综述仍须属于并行与分布式系统。	official_scope	https://www.computer.org/digital-library/journals/td/cfp-parallel-distributed-systems	2026-08-06	IEEE Computer Society 的常规征稿页明确列出并行与分布式算法、应用、体系结构和软件四大范围，并接受论文、评论与综述。	approved	th-journal-curation	2026-08-06	按当前常规征稿范围整理，不使用专题征稿代替会刊总范围。		active_target
th-2019-tc-journal-2026	th_cpl	2019	journal	IEEE Transactions on Computers	TC	广义计算机系统研究，覆盖计算机体系结构、操作系统与云、并行分布式系统、实时移动嵌入式系统、存储与互连器件、设计测试方法、可靠性安全能效以及量子、神经形态和近似计算等新型模型。	arch_microarchitecture;operating_systems;distributed_cloud_edge;embedded_realtime_cps;accelerators_heterogeneous	计算机体系结构；操作系统；云计算；并行分布式系统；实时与嵌入式；物联网与边缘；存储器；容错；能效；量子计算	computer architecture;operating systems;cloud computing;parallel and distributed systems;real-time and embedded;IoT and edge;memory technology;fault tolerance;energy efficiency;quantum computing	original_research;theory_methods;systems_experience	yes	open	venue	2026	纯软件应用、纯数据分析或仅采用现成硬件而没有计算机组织、系统或计算技术贡献的论文不匹配。	official_cfp	https://www.computer.org/digital-library/journals/tc/call-for-papers-general-submissions	2026-08-06	IEEE Computer Society 的 general submissions 页面列出体系结构、系统软件、实时嵌入式、器件、测试、可靠性安全与新型计算模型。	approved	th-journal-curation	2026-08-06	采用长期开放的 general submissions，而非某一特刊范围。		active_target
th-2019-tcad-journal-2026	th_cpl	2019	journal	IEEE Transactions On Computer-Aided Design Of Integrated Circuits And Systems	TCAD	集成电路与系统的计算机辅助设计方法，涵盖系统级、逻辑与物理设计中的规划、综合、划分、建模、仿真、布局、验证、测试、软硬件协同，以及面向性能、功耗、可靠性、可测试性和安全的 EDA 工具。	eda_cad;formal_methods_verification;arch_microarchitecture;hardware_security	电子设计自动化；集成电路；逻辑综合；物理设计；布局布线；建模仿真；形式验证；芯片测试；软硬件协同；低功耗设计	electronic design automation;integrated circuits;logic synthesis;physical design;placement and routing;modeling and simulation;formal verification;IC testing;hardware-software co-design;low-power design	original_research;theory_methods;applied_research	yes	open	venue	2026	一般机械 CAD、建筑 CAD 或仅有器件与电路结果而没有集成电路/系统设计自动化方法贡献的工作不匹配。	official_scope	https://ieee-ceda.org/publications/tcad	2026-08-06	IEEE CEDA 的 TCAD 页面明确覆盖模拟、数字、混合信号、光学和微波系统的设计方法、模型、算法与工具。	approved	th-journal-curation	2026-08-06	刊名大小写按 TH 2019 原记录严格保留；范围限定为 EDA，不与几何 CAD 混同。		active_target
th-2019-tos-journal-2026	th_cpl	2019	journal	ACM Transactions on Storage	TOS	数据存储系统的设计、实现与评估，包括文件系统、分布式与云存储、存储体系结构、持久内存、缓存与复制、数据布局、可靠性可用性、安全隐私、能效和存储性能。	storage_filesystems;distributed_cloud_edge;arch_microarchitecture;system_security;performance_measurement	文件系统；存储系统；分布式存储；云存储；持久内存；缓存复制；数据布局；可靠性；存储安全；性能评估	file systems;storage systems;distributed storage;cloud storage;persistent memory;caching and replication;data layout;reliability;storage security;performance evaluation	original_research;systems_experience;theory_methods	yes	open	venue	2026	不以数据持久化、存储体系或文件系统为核心贡献的通用数据库、网络和机器学习论文不匹配。	official_scope	https://dl.acm.org/journal/tos/about	2026-08-06	ACM 期刊页将 TOS 的核心界定为存储系统及其软硬件、可靠性、安全和性能问题。	approved	th-journal-curation	2026-08-06	按 ACM 当前 about 页面归纳；严格锚定 TH 2019 的 TOS 条目。		active_target
th-2019-ton-journal-2026	th_cpl	2019	journal	IEEE/ACM Transactions on Networking	TON	通信与计算机网络的理论和实验研究，覆盖有线无线及芯片内到星际网络的架构、协议、控制、软硬件、运行管理、测量、安全，以及网络优化、算法和真实系统实验。	network_arch_protocols;wireless_mobile;edge_networking;network_security;performance_measurement	网络架构；网络协议；拥塞与流量控制；路由；网络测量；网络管理；无线与边缘网络；网络安全；网络软硬件	network architecture;network protocols;congestion and traffic control;routing;network measurement;network management;wireless and edge networks;network security;network software and hardware	original_research;theory_methods;systems_experience	yes	open	venue	2026	官方明确排除以综述或教程为主的稿件；纯物理层通信、社会网络内容分析和智能电网应用若没有通信网络贡献也不匹配。	official_scope	https://www.comsoc.org/publications/journals/ieee-tnet	2026-08-06	当前 IEEE Transactions on Networking 官方页要求高质量原创的通信/计算机网络理论或实验成果，并列出网络类型、方面、方法和应用边界。	approved	th-journal-curation	2026-08-06	TH 2019 以 IEEE/ACM Transactions on Networking 为精确锚点；现行官网题名为 IEEE Transactions on Networking，按同一连续投稿实体维护旧名映射。	https://www.comsoc.org/system/files/2026-01/publications_contents_digest_2025_dec.pdf	active_target
th-2019-tcom-journal-2026	th_cpl	2019	journal	IEEE Transactions on Communications	TCOM	通信理论与实验进展，重点覆盖无线、有线、光学和量子通信的物理层，包括调制检测、信道与源编码、信息论、MIMO、毫米波/太赫兹、同步均衡、物理层安全及有物理层依据的跨层网络设计。	physical_layer_communications;information_theory_coding;beamforming_mimo;wireless_mobile;network_arch_protocols	调制与检测；信道编码；源编码；信息论；MIMO；毫米波与太赫兹；同步均衡；光通信；量子通信；物理层安全	modulation and detection;channel coding;source coding;information theory;MIMO;millimeter-wave and terahertz;synchronization and equalization;optical communications;quantum communications;physical-layer security	original_research;theory_methods;systems_experience	yes	open	venue	2026	纯网络层算法或系统论文须建立在现实物理层模型上；仅把通用机器学习用于通信数据而无通信方法贡献的工作不匹配。	official_scope	https://www.comsoc.org/publications/journals/ieee-transactions-communications	2026-08-06	IEEE ComSoc 官方页说明 TCOM 横跨无线、有线、光学和量子通信，经典通信以物理层为主并列出具体主题。	approved	th-journal-curation	2026-08-06	范围与投稿方式按当前会刊总页核对。		active_target
th-2019-joc-journal-2026	th_cpl	2019	journal	Journal of Cryptology		现代密码学与密码分析的原创研究，包括公钥和对称密码、密码协议、零知识与安全计算、伪随机性、计算数论、实现与侧信道分析、隐私认证、密钥管理、后量子与量子密码。	cryptography;privacy_anonymity;system_security;information_theory_coding	公钥密码；对称密码；密码分析；密码协议；零知识证明；安全多方计算；伪随机性；计算数论；侧信道；后量子密码	public-key cryptography;symmetric cryptography;cryptanalysis;cryptographic protocols;zero-knowledge proofs;secure multiparty computation;pseudorandomness;computational number theory;side channels;post-quantum cryptography	original_research;theory_methods;survey_review	yes	open	venue	2026	仅讨论一般网络或系统安全而没有密码学原语、模型、协议、证明或密码分析贡献的论文不匹配。	publisher_scope	https://link.springer.com/journal/145/aims-and-scope	2026-08-06	官方范围明确接收 full-length technical、survey、historical articles 和 short notes，主题覆盖现代密码学及密码分析。	approved	th-journal-curation	2026-08-06	TH 2019 原条目无简称，match_abbreviation 保持为空。	https://link.springer.com/journal/145	active_target
th-2019-tdsc-journal-2026	th_cpl	2019	journal	IEEE Transactions on Dependable and Secure Computing	TDSC	面向可信与安全系统和网络的基础、方法与机制，覆盖安全和可靠性设计、建模、验证与评估，攻击防御、隐私、容错、可用性，以及性能—安全—可靠性的联合权衡。	system_security;network_security;software_security;privacy_anonymity;forensics_trust	可信计算；系统安全；网络安全；软件安全；隐私；容错；可靠性；可用性；安全验证；攻击与防御	dependable computing;system security;network security;software security;privacy;fault tolerance;reliability;availability;security verification;attacks and defenses	original_research;theory_methods;systems_experience	yes	open	venue	2026	官方明确排除无具体可信/安全应用的纯密码理论、一般系统管理问题，以及只处理器件层而非系统层可靠性或安全的工作。	official_cfp	https://www.computer.org/digital-library/journals/tq/cfp-dependable-secure-computing	2026-08-06	IEEE Computer Society 常规征稿页聚焦可靠且安全的系统与网络，并给出纯密码、一般系统管理和器件层工作的排除边界。	approved	th-journal-curation	2026-08-06	采用常规期刊征稿页，边界直接按编辑部 scope clarification 归纳。		active_target
th-2019-sicomp-journal-2026	th_cpl	2019	journal	SIAM Journal on Computing	SICOMP	计算机科学的数学与形式基础及非数值计算，包括算法与数据结构、复杂性、组合与图算法、计算几何、算法博弈、密码学、学习理论、分布式与并行算法，以及编程语言和数据库的数学问题。	algorithms;complexity;theory_methods;algorithmic_economics_game_theory;cryptography	算法设计与分析；数据结构；计算复杂性；组合算法；图算法；计算几何；算法博弈论；密码学；学习理论；分布式算法	algorithm design and analysis;data structures;computational complexity;combinatorial algorithms;graph algorithms;computational geometry;algorithmic game theory;cryptography;learning theory;distributed algorithms	original_research;theory_methods	yes	open	venue	2026	数值计算、缺少显著数学或形式贡献的应用实现，以及仅报告工程性能而无理论推进的工作通常不匹配。	official_scope	https://www.siam.org/publications/siam-journals/siam-journal-on-computing/	2026-08-06	SIAM 官方页将 SICOMP 定位为数学和形式计算机科学及非数值计算的重要成果，并列出算法、复杂性等主题。	approved	th-journal-curation	2026-08-06	原创接收依据 SIAM 当前作者指南；范围依据会刊官方 about 页面。		active_target
th-2019-tit-journal-2026	th_cpl	2019	journal	IEEE Transactions on Information Theory	TIT	信息的传输、处理与利用的理论研究，包括 Shannon 理论、编码与数据压缩、序列、检测估计、信号处理、学习推断、通信网络、复杂性与密码学、量子信息论；要求强概念或分析贡献。	information_theory_coding;physical_layer_communications;machine_learning;cryptography;theory_methods	香农理论；编码理论；数据压缩；序列；检测与估计；学习与推断；通信网络；复杂性；密码学；量子信息论	Shannon theory;coding theory;data compression;sequences;detection and estimation;learning and inference;communication networks;complexity;cryptography;quantum information theory	original_research;theory_methods	yes	open	venue	2026	只做通信系统实现、数据拟合或应用实验而缺少强概念性或分析性信息论贡献的稿件不匹配。	official_scope	https://www.itsoc.org/it-trans	2026-08-06	IEEE Information Theory Society 官方页列出信息传输、处理和利用的范围，并明确要求强概念或分析贡献。	approved	th-journal-curation	2026-08-06	使用新增受控标签 information_theory_coding，避免仅以通信物理层概括 TIT。		active_target
th-2019-talg-journal-2026	th_cpl	2019	journal	ACM Transactions on Algorithms	TALG	具有离散、有限和自然数学内容的算法研究，重点是新算法与数据结构、改进分析和复杂性结果，覆盖图与几何、优化近似、随机与量子算法、在线算法、字符串、编码压缩、密码与学习算法。	algorithms;complexity;optimization;automata_computation;theory_methods	算法；数据结构；复杂性分析；图算法；计算几何；近似算法；离散优化；随机算法；量子算法；在线算法；字符串算法	algorithms;data structures;complexity analysis;graph algorithms;computational geometry;approximation algorithms;discrete optimization;randomized algorithms;quantum algorithms;online algorithms;string algorithms	original_research;theory_methods	yes	open	venue	2026	连续数值方法、仅工程调参的启发式算法或缺少严谨算法设计与分析内容的应用论文不匹配。	official_scope	https://dl.acm.org/journal/talg/about	2026-08-06	ACM 期刊页要求最高质量的离散有限算法原创研究，强调新算法、数据结构、分析与复杂性。	approved	th-journal-curation	2026-08-06	按 ACM 当前 about 页面归纳。		active_target
th-2019-iandc-journal-2026	th_cpl	2019	journal	Information and Computation	IANDC	理论计算机科学与信息论的计算应用，包括复杂性、算法、自动机与形式语言、逻辑和约束编程、并发与分布式进程理论、密码理论、学习理论、程序语义、类型系统、程序验证和模型检验。	automata_computation;complexity;algorithms;logic_semantics;formal_methods_verification;information_theory_coding	理论计算机科学；自动机；形式语言；复杂性；算法；并发理论；程序语义；类型系统；程序验证；模型检验；密码理论	theoretical computer science;automata;formal languages;complexity;algorithms;concurrency theory;program semantics;type systems;program verification;model checking;cryptographic theory	original_research;theory_methods;survey_review	yes	open	venue	2026	常规软件实现、经验应用和纯数值计算若没有理论计算或信息论方面的新结果不匹配；综述仅考虑特别高质量的稿件。	publisher_scope	https://www.sciencedirect.com/journal/information-and-computation/about/aims-and-scope	2026-08-06	Elsevier aims and scope 明确欢迎理论计算机科学各方向与信息论计算应用的原创论文，并仅例外考虑高质量综述。	approved	th-journal-curation	2026-08-06	原创与综述类型按当前出版社范围分别标注。		active_target
th-2019-toplas-journal-2026	th_cpl	2019	journal	ACM Transactions on Programming Languages & Systems	TOPLAS	编程语言及其支撑系统的理论与实验研究，包括语言设计与语义、类型系统、编译器与解释器、运行时、内存管理、并发与并行语言、程序规范、程序分析、合成、测试与验证，以及安全可靠编程。	programming_languages;logic_semantics;compilers_runtime;formal_methods_verification;program_synthesis;testing_analysis	编程语言设计；程序语义；类型系统；编译器；解释器；运行时系统；内存管理；并发语言；程序分析；程序合成；测试与验证	programming language design;program semantics;type systems;compilers;interpreters;runtime systems;memory management;concurrent languages;program analysis;program synthesis;testing and verification	original_research;theory_methods;systems_experience;survey_review	yes	open	venue	2026	一般软件工程、应用开发或硬件研究若没有编程语言、编译运行时或程序推理方面的核心贡献不匹配。	official_scope	https://dl.acm.org/journal/toplas/about	2026-08-06	ACM TOPLAS 期刊页覆盖语言设计、实现和语义，以及辅助编程的编译、运行时、规范、测试与验证系统。	approved	th-journal-curation	2026-08-06	match_name 精确保留 TH 2019 中的 & 符号；范围按现行 TOPLAS 整理。		active_target
th-2019-vldbj-journal-2026	th_cpl	2019	journal	The VLDB Journal	VLDBJ	数据库与信息系统的体系结构、核心技术和新型应用，覆盖数据建模、查询与事务、分布式和流数据管理、知识图谱、图与多媒体数据库、数据集成质量、隐私安全、数据分析及数据系统与机器学习协同。	data_management;database_systems;distributed_cloud_edge;stream_spatiotemporal;graph_knowledge_data	数据库系统；信息系统体系结构；查询处理；事务；分布式数据库；流数据；知识图谱；图数据库；数据集成；数据质量；数据库安全	database systems;information system architecture;query processing;transactions;distributed databases;stream data;knowledge graphs;graph databases;data integration;data quality;database security	original_research;theory_methods;systems_experience;survey_review	yes	open	venue	2026	纯理论、数据挖掘、信息检索或 GIS 工作通常必须同时包含显著的数据库/信息系统组件；仅使用数据库保存实验数据、或传统独立 data mining 而无系统问题的论文不匹配。	publisher_scope	https://link.springer.com/journal/778	2026-08-06	官方范围要求信息系统体系结构和技术影响；理论、数据挖掘、IR/GIS 稿件需有实质 systems component。	approved	th-journal-curation	2026-08-06	按当前 The VLDB Journal 总体范围整理，不把某一专题集合当作总范围。	https://link.springer.com/journal/778/aims-and-scope	active_target
th-2019-tods-journal-2026	th_cpl	2019	journal	ACM Transactions on Database Systems	TODS	数据库系统的模型、理论、设计和实现，包括数据模型与语言、查询处理和优化、索引与访问方法、事务与并发控制、恢复容错、分布式数据管理、存储、性能、安全隐私和新型数据基础设施。	database_systems;data_management;distributed_cloud_edge;graph_knowledge_data;privacy_anonymity	数据库系统；数据模型；查询语言；查询优化；索引；事务；并发控制；恢复；分布式数据库；数据存储；数据库安全与隐私	database systems;data models;query languages;query optimization;indexing;transactions;concurrency control;recovery;distributed databases;data storage;database security and privacy	original_research;theory_methods;systems_experience	yes	open	venue	2026	数据挖掘、机器学习或具体领域应用若未推进数据库抽象、数据管理算法或数据库系统实现，不属于核心范围。	official_scope	https://dl.acm.org/journal/tods/about	2026-08-06	ACM TODS 期刊页覆盖描述数据库应用的抽象模型，以及在计算机硬件上组织与处理多种数据的设计实现方法。	approved	th-journal-curation	2026-08-06	按 ACM 当前 about 页面归纳。		active_target
th-2019-tois-journal-2026	th_cpl	2019	journal	ACM Transactions on Information Systems	TOIS	帮助用户查找、组织、分析和使用多媒体信息的软件研究，重点包括信息检索与过滤、搜索与推荐、排序与评测、用户信息行为与交互、文本图像语音视频内容分析，以及检索系统设计。	information_retrieval;web_search_recommendation;nlp_speech;multimedia;hci_ux	信息检索；搜索引擎；推荐系统；排序；检索评测；信息过滤；用户建模；信息交互；多媒体检索；文本分析	information retrieval;search engines;recommender systems;ranking;retrieval evaluation;information filtering;user modeling;information interaction;multimedia retrieval;text analysis	original_research;theory_methods;dataset_benchmark;survey_review	yes	open	venue	2026	纯数据库内核、通用自然语言处理或计算机视觉工作若不服务于信息访问、检索、推荐或信息寻求问题，不匹配 TOIS 核心范围。	official_scope	https://dl.acm.org/journal/tois/about	2026-08-06	ACM 期刊页聚焦帮助人们查找、组织、分析和使用信息的软件设计与评估，并接受有显著综合贡献的综述。	approved	th-journal-curation	2026-08-06	按当前 ACM TOIS 信息检索取向整理，避免被宽泛的“信息系统”名称误导。		active_target
th-2019-ijcv-journal-2026	th_cpl	2019	journal	International Journal of Computer Vision	IJCV	计算机视觉科学与工程的原创进展，包括图像与视频理解、检测识别分割、三维视觉与几何、跟踪、动作与场景理解、视觉学习、生成式视觉、多模态视觉、计算成像以及视觉系统和应用。	computer_vision_pattern;image_video_processing;deep_representation;generative_foundation_models;multimodal	计算机视觉；图像与视频理解；目标检测；识别与分割；三维视觉；视觉几何；跟踪；场景理解；视觉学习；生成式视觉；计算成像	computer vision;image and video understanding;object detection;recognition and segmentation;3D vision;visual geometry;tracking;scene understanding;visual learning;generative vision;computational imaging	original_research;theory_methods;survey_review	yes	open	venue	2026	纯机器学习、医学或多媒体应用若没有可推广的计算机视觉技术贡献不匹配；综述应是对视觉前沿的批判性总结或教程。	publisher_scope	https://link.springer.com/journal/11263	2026-08-06	Springer 官方页将 IJCV 定位为计算机视觉科学与工程的新研究成果论坛，并列出 regular、short 和 survey article 类型。	approved	th-journal-curation	2026-08-06	范围按当前期刊总页整理，不以单个专题为依据。 数据集是鼓励提供的附加材料，不作为独立 dataset paper 类型。	https://link.springer.com/article/10.1007/s11263-024-02331-0	active_target
th-2019-jmlr-journal-2026	th_cpl	2019	journal	Journal of Machine Learning Research	JMLR	面向广泛机器学习读者的原理性算法、理论与实证研究，包括有充分验证的新算法、学习系统行为的新洞见、新学习任务与评测方法，以及推进实用学习方法理论分析的新框架。	machine_learning;deep_representation;probabilistic_causal;reinforcement_decision;optimization;trustworthy_ai	机器学习；学习算法；学习理论；统计学习；表示学习；概率学习；强化学习；优化；泛化；学习任务与评测	machine learning;learning algorithms;learning theory;statistical learning;representation learning;probabilistic learning;reinforcement learning;optimization;generalization;learning tasks and evaluation	original_research;theory_methods;dataset_benchmark	yes	open	venue	2026	官方明确不接收只把机器学习应用于其他领域而没有机器学习方法贡献的论文；不受理主动投稿的综述，综述仅由编委会偶尔邀请。	official_author_guidelines	https://www.jmlr.org/author-info.html	2026-08-06	JMLR 作者指南明确列出原理算法、学习洞见、新任务和分析框架，并给出不收纯应用及不收主动综述的边界。	approved	th-journal-curation	2026-08-06	文章类型未把邀请综述标为常规可投，submission_mode 指常规原创稿开放投稿。 作者页同时说明偶尔邀请 survey 与当前不发表 review articles；因此不把 survey_review 作为常规可投类型。	https://jmlr.org/	active_target
th-2019-aij-journal-2026	th_cpl	2019	journal	Artificial Intelligence	AI	推动人工智能整体领域的基础与方法研究，覆盖自动推理、知识表示、规划与行动、约束求解、启发式搜索、机器学习、不确定性推理、多智能体、自然语言、视觉、机器人、认知与伦理可信 AI。	knowledge_systems;machine_learning;reinforcement_decision;probabilistic_causal;robotics_autonomy;nlp_speech	人工智能；自动推理；知识表示；规划；约束求解；启发式搜索；机器学习；不确定性推理；多智能体；自然语言处理；智能机器人	artificial intelligence;automated reasoning;knowledge representation;planning;constraint processing;heuristic search;machine learning;reasoning under uncertainty;multi-agent systems;natural language processing;intelligent robotics	original_research;theory_methods;applied_research	yes	open	venue	2026	仅把成熟 AI 方法用于新场景、没有展示新 AI 方法如何推进性能或理解的应用稿不匹配；结果或观点必须证明价值与有效性。	publisher_scope	https://www.sciencedirect.com/journal/artificial-intelligence/about/aims-and-scope	2026-08-06	Elsevier AIJ aims and scope 列出广泛 AI 子领域，并要求应用论文突出新颖 AI 方法而非重复应用常规技术。	approved	th-journal-curation	2026-08-06	match_abbreviation 严格采用 TH 2019 的 AI。		active_target
th-2019-taslp-journal-2026	th_cpl	2019	journal	IEEE Transactions on Audio Speech, and Language Processing	TASLP	音频、语音与语言信号处理的新理论、方法和系统，包括分析、合成、增强、分离、转换、编码、识别、理解、生成、分类与解释，以及相关机器学习、模式分析、系统设计和评测。	nlp_speech;multimedia;machine_learning;multimodal;information_retrieval	音频处理；语音识别；语音合成；语音增强与分离；自然语言处理；语言理解；音频生成；说话人处理；音乐信息检索	audio processing;speech recognition;speech synthesis;speech enhancement and separation;natural language processing;language understanding;audio generation;speaker processing;music information retrieval	original_research;theory_methods;systems_experience	yes	open	venue	2026	一般 NLP、音乐学或机器学习论文若没有音频、语音、语言信号处理方法或系统贡献不匹配；overview 文章须先获编辑批准，不等同于普通综述投稿。	official_scope	https://signalprocessingsociety.org/publications-resources/ieee-transactions-audio-speech-and-language-processing	2026-08-06	IEEE Signal Processing Society 官方页明确覆盖音频、语音和语言信号的分析、合成、增强、转换、分类解释及相关系统；另有 overview 预审批流程。	approved	th-journal-curation	2026-08-06	IEEE/ACM 是历史题名；当前官方页面使用 IEEE Transactions on Audio, Speech and Language Processing。Overview article 需先向 EiC 咨询并提交 white-paper proposal。	https://signalprocessingsociety.org/publications-resources/overview-articles	active_target
th-2019-tvcg-journal-2026	th_cpl	2019	journal	IEEE Transactions on Visualization and Computer Graphics	TVCG	计算机图形学、科学与信息可视化、视觉分析以及虚拟增强混合现实，覆盖渲染、几何与形状处理、动画仿真、图形硬件、交互与感知、用户研究、可视化方法、沉浸式显示和相关系统应用。	visualization_visual_analytics;graphics_rendering_geometry;vr_ar;interaction_techniques;hci_ux	科学可视化；信息可视化；视觉分析；渲染；几何建模；动画仿真；虚拟现实；增强现实；交互技术；用户研究；沉浸式显示	scientific visualization;information visualization;visual analytics;rendering;geometric modeling;animation and simulation;virtual reality;augmented reality;interaction techniques;user studies;immersive displays	original_research;theory_methods;systems_experience	yes	open	venue	2026	纯计算机视觉、图像识别或一般 HCI 工作若没有图形学、可视化、视觉分析或 VR/AR 的核心贡献不匹配。	official_cfp	https://www.computer.org/digital-library/journals/tg/cfp-ieee-transactions-on-visualization-computer-graphics	2026-08-06	IEEE Computer Society 常规征稿页明确列出图形学、可视化、视觉分析、VR/AR 的理论、算法、交互、系统软硬件与应用。	approved	th-journal-curation	2026-08-06	使用期刊长期 general CFP，不使用 VIS 会议专刊范围。		active_target
th-2019-cad-journal-2026	th_cpl	2019	journal	Computer-Aided Design	CAD	设计的计算基础与方法，贯穿概念、综合、实现、制造和演化阶段，重点要求显著的几何、拓扑、空间或构型设计内容；覆盖几何建模、网格与形状处理、数字制造、数字孪生、设计数据和知识库、交互及重要 CAD 应用。	geometric_cad_design;graphics_rendering_geometry;industrial_informatics_manufacturing;hci_ux;data_management	计算机辅助设计；几何建模；拓扑；空间与构型设计；网格处理；数字制造；数字孪生；设计数据库；设计交互；CAD 基准	computer-aided design;geometric modeling;topology;spatial and configuration design;mesh processing;digital manufacturing;digital twins;design databases;design interaction;CAD benchmarks	original_research;theory_methods;industry_application;survey_review;dataset_benchmark	yes	open	venue	2026	没有显著几何、拓扑、空间或构型设计内容的一般工程优化、芯片 EDA、建筑案例或工业应用不匹配。	publisher_scope	https://www.sciencedirect.com/journal/computer-aided-design/about/aims-and-scope	2026-08-06	Elsevier aims and scope 要求稿件具有显著几何、拓扑、空间或构型设计内容，并列出研究、应用、综述、技术说明和数据集论文。	approved	th-journal-curation	2026-08-06	使用 geometric_cad_design，明确区别于 TCAD 的电子设计自动化 eda_cad。		active_target
th-2019-ijhcs-journal-2026	th_cpl	2019	journal	International Journal of Human Computer Studies	IJHCS	交互计算技术的设计与使用研究，包括自适应和情感界面、可访问性、计算交互、CSCW、对话与多模态交互、用户行为实证、HCI 理论与评测、人—AI 交互、移动泛在可穿戴、社会计算、可用性和 XR。	hci_ux;interaction_techniques;accessibility;cscw_social;affective_computing;ubiquitous_mobile_wearable	人机交互；用户体验；可用性；交互设计；可访问性；计算机支持协同工作；情感计算；对话界面；多模态交互；人机智能交互；泛在与可穿戴	human-computer interaction;user experience;usability;interaction design;accessibility;computer-supported cooperative work;affective computing;conversational interfaces;multimodal interaction;human-AI interaction;ubiquitous and wearable computing	original_research;theory_methods;systems_experience;applied_research	yes	open	venue	2026	纯算法、纯系统性能或仅报告产品开发而没有关于人的交互、设计、行为或体验的研究问题和证据不匹配。	publisher_scope	https://www.sciencedirect.com/journal/international-journal-of-human-computer-studies/about/aims-and-scope	2026-08-06	Elsevier aims and scope 将 IJHCS 定义为交互计算技术设计与使用研究，并列出界面、行为、理论、评测和人—AI 等细分方向。	approved	th-journal-curation	2026-08-06	match_name 精确保留 TH 2019 中无连字符的 Human Computer。		active_target
th-2019-jacm-journal-2026	th_cpl	2019	journal	Journal of the ACM	JACM	计算机科学中具有广泛意义和持久价值的原创研究，尤其涵盖算法、复杂性、计算理论、逻辑与语义、密码学、分布式计算、编程语言、数据库理论、机器学习理论及其他形成重要计算机科学推进的基础工作。	general_computing;algorithms;complexity;logic_semantics;theory_methods	计算机科学基础；算法；复杂性；计算理论；逻辑；程序语义；密码学；分布式计算；编程语言；数据库理论；学习理论	foundations of computer science;algorithms;complexity;theory of computation;logic;program semantics;cryptography;distributed computing;programming languages;database theory;learning theory	original_research;theory_methods	yes	open	venue	2026	范围虽广，但仅有局部工程改进、具体应用案例或缺少普遍性和持久学术价值的工作通常不匹配。	official_scope	https://dl.acm.org/journal/jacm/about	2026-08-06	ACM 期刊页将 JACM 定位为计算机科学领域具有广泛意义、深度和持久价值的研究成果载体。	approved	th-journal-curation	2026-08-06	按当前 JACM 总体 charter 保守归纳，避免把“综合”解释为低门槛全领域应用刊。		active_target
th-2019-science-china-family-2026	th_cpl	2019	journal	Science China		TH 2019 的 Science China 是无分辑限定的英文刊系级历史条目；Science China Press 当前包含信息科学、数学、技术科学、生命科学、地球科学、化学、物理等分刊，计算机稿件通常应进一步核对 SCIENCE CHINA Information Sciences 等具体分刊。	general_computing;ai_for_science;scientific_computing	Science China 刊系；信息科学；计算机科学；控制；通信；微电子；数学；技术科学；交叉科学	Science China journal family;information sciences;computer science;control;communications;microelectronics;mathematics;technological sciences;interdisciplinary science	theory_methods	unknown	varies_by_series	journal_family	2026	这不是可直接投稿的单一期刊范围；不得仅凭本条决定投稿，必须先选择具体英文分刊，并按该分刊最新 aims、稿件类型和投稿系统复核。	publisher_scope	https://www.scichina.com/miniPlat/viewDetail/aboutUs?abbreviated=scp	2026-08-06	中国科学杂志社官网明确展示由数学、物理、化学、生命、地球、技术、信息等中英文刊组成的 17 种系列，证明旧条目不能安全归并为某一个具体刊名。	approved	th-journal-curation	2026-08-06	legacy family ambiguity：TH-CPL 原始 PDF 确实仅列 Science China、无简称和分辑；本记录仅提供刊系导航，明确不等同于 SCIENCE CHINA Information Sciences。 增加不可直接投稿状态；该项只用于刊系导航。		family_non_actionable
th-2019-zhongguo-kexue-family-2026	th_cpl	2019	journal	中国科学		TH 2019 的“中国科学”是无分辑限定的中文刊系级历史条目；当前中文系列按信息科学、数学、技术科学、生命科学、地球科学、化学、物理等分刊运行，计算机稿件需继续选择《中国科学：信息科学》等具体分刊并核对其细分范围。	general_computing;ai_for_science;scientific_computing	中国科学刊系；中国科学信息科学；计算机科学；控制科学；通信工程；微电子；数学；技术科学；交叉科学	Chinese-language Science China journal family;information sciences;computer science;control science;communication engineering;microelectronics;mathematics;technological sciences;interdisciplinary science	theory_methods	unknown	varies_by_series	journal_family	2026	这不是可直接投稿的单一期刊范围；必须先确定中文具体分刊，不能把“中国科学”家族等级自动套用到任意分刊或把本条视为《中国科学：信息科学》的精确别名。	publisher_scope	https://www.scichina.com/miniPlat/viewDetail/aboutUs?abbreviated=scp	2026-08-06	中国科学杂志社官网明确展示由数学、物理、化学、生命、地球、技术、信息等中英文刊组成的 17 种系列；《中国科学：信息科学》只是其中一个具体分刊。	approved	th-journal-curation	2026-08-06	legacy family ambiguity：TH-CPL 原始 PDF 确实单列“中国科学”、无简称和分辑；本记录保留家族级含义，待上游榜单给出具体刊名后才能精确化。 增加不可直接投稿状态；该项只用于刊系导航。		family_non_actionable
cas-2025-annual-review-control-robotics-scope-2026	cas	2025	journal	Annual Review of Control Robotics and Autonomous Systems		控制、机器人与自主/半自主系统的重要理论和应用进展综述，覆盖控制理论、机器人、自主系统及其与力学、优化、通信、信息论、机器学习、计算和信号处理的交叉。	control_systems;robotics_autonomy;optimization;machine_learning;survey_review	控制理论；机器人；自主系统；半自主系统；优化；机器学习；人机交互；综述	control theory;robotics;autonomous systems;semiautonomous systems;optimization;machine learning;human-robot interaction;review	survey_review	no	invited_only	venue	2026	不接收原创研究论文、主动提交的完整稿件或未经编辑委员会邀请的综述；普通投稿者只能向编辑部建议选题。	official_scope	https://www.annualreviews.org/content/journals/control?page=about-journal	2026-08-06	期刊官方范围明确为控制、机器人和自主系统重大理论与应用发展的综合综述；Annual Reviews 总政策明确文章由编辑委员会邀请。	approved	cas-cs-curation	2026-08-06	另核对 Annual Reviews Editorial Principles 与 unsolicited-author policy；按仅邀请综述标注。	https://www.annualreviews.org/page/authors/editorial-policies;https://www.annualreviews.org/page/authors/author-instructions/unsolicited-authors	active_target
cas-2025-artificial-intelligence-review-scope-2026	cas	2025	journal	ARTIFICIAL INTELLIGENCE REVIEW		人工智能、认知科学及相关学科的前沿研究报告、算法与应用的批判性评价，以及经同行评审的综述、教程和重要进展评论；当前亦接收标为 Original Paper 的原创工作。	machine_learning;knowledge_systems;deep_representation;robotics_autonomy;survey_review	人工智能；认知科学；机器学习；知识系统；智能算法；机器人；前沿研究报告；综述教程	artificial intelligence;cognitive science;machine learning;knowledge systems;intelligent algorithms;robotics;state-of-the-art research report;survey tutorial	original_research;theory_methods;survey_review	yes	open	venue	2026	纯业务或领域应用若没有人工智能技术贡献、严格评价或对研究现状的批判性分析，通常不匹配。	publisher_scope	https://link.springer.com/journal/10462/aims-and-scope	2026-08-06	Springer 官方范围同时列出 state-of-the-art research reports、critical evaluations、surveys 和 tutorials，投稿入口及卷期中存在 Original Paper。	approved	cas-cs-curation	2026-08-06	不能因刊名中的 Review 将其误标为 review-only；原创接收状态已用官方卷期与直接投稿入口复核。	https://www.sciencedirect.com/journal/artificial-intelligence-review	active_target
cas-2025-bdma-scope-2026	cas	2025	journal	Big Data Mining and Analytics		大规模、多源和复杂数据的挖掘与分析，聚焦从数据中发现模式、关联、洞察和知识的方法、系统及应用，包括大数据管理、机器学习、图与流数据、隐私安全和可扩展分析。	data_mining;data_science_engineering;data_management;machine_learning;graph_knowledge_data	大数据；数据挖掘；数据分析；知识发现；机器学习；图数据；流数据；数据管理；隐私安全	big data;data mining;data analytics;knowledge discovery;machine learning;graph data;stream data;data management;privacy security	original_research;theory_methods;dataset_benchmark	yes	open	venue	2026	仅使用大数据集训练常规模型、但没有数据挖掘、分析、管理、规模化方法或新洞察贡献的论文不匹配。	publisher_scope	https://www.sciopen.com/journal/2096-0654	2026-08-06	SciOpen 官方期刊页说明其通过挖掘分析大量应用数据发现隐藏模式、关联、洞察与知识，并接收大数据研究的新进展和解决方案。	approved	cas-cs-curation	2026-08-06	按 Tsinghua University Press/SciOpen 当前期刊范围人工细化。		active_target
cas-2025-caai-tit-scope-2026	cas	2025	journal	CAAI Transactions on Intelligence Technology		人工智能技术的理论与实验研究，覆盖脑与认知科学、机器学习和计算智能、群体与多智能体、多媒体与大语言模型、人机与混合智能、具身智能与人形机器人，以及 AI for Science、智能制造、智慧城市和无人系统应用。	machine_learning;generative_foundation_models;multimodal;robotics_autonomy;ai_for_science	人工智能；认知科学；计算智能；群体智能；多智能体；大语言模型；多媒体；具身智能；人形机器人；AI科学	artificial intelligence;cognitive science;computational intelligence;swarm intelligence;multi-agent;large language model;multimedia;embodied intelligence;humanoid robotics;AI for science	original_research;theory_methods;survey_review;applied_research	yes	open	venue	2026	缺少充分理论或实验评价的概念性 AI 应用、仅调用现成模型且没有智能技术贡献的论文不匹配。	publisher_scope	https://ietresearch.onlinelibrary.wiley.com/hub/journal/24682322/homepage/productinformation.html	2026-08-06	Wiley/IET 官方 Aims and Scope 分列 AI foundations、AI technologies 与 AI applications，并明确发表人工智能技术的理论和实验工作。	approved	cas-cs-curation	2026-08-06	作者指南另明确 Original Research Paper、Review、Case Study 和 Industry Article 等类型。		active_target
cas-2025-computer-science-review-scope-2026	cas	2025	journal	Computer Science Review		面向通用计算机科学读者的研究综述和开放问题阐释性概览，要求由领域专家系统、平衡地梳理计算机科学各方向的最新发展、基础问题和研究机会。	general_computing;survey_review;theory_methods	计算机科学综述；研究调查；教程概览；开放问题；研究趋势；领域综合	computer science survey;research review;tutorial overview;open problems;research trends;field synthesis	survey_review	no	open	venue	2026	不接收以新增实验、算法或系统结果为主体的原创研究论文；跨领域应用综述只有在推进对计算机方法本身的基础理解时才匹配。	publisher_scope	https://www.sciencedirect.com/journal/computer-science-review/about/aims-and-scope	2026-08-06	Elsevier 官方范围明确只发表 research surveys 和 expository overviews of open problems，并要求面向一般计算机科学读者。	approved	cas-cs-curation	2026-08-06	官网有公开 Submit 入口，因此 submission_mode=open；稿件类型仍是 survey/review 硬约束。		active_target
cas-2025-computers-in-industry-scope-2026	cas	2025	journal	COMPUTERS IN INDUSTRY		面向工业的高质量应用研究，研究信息与通信技术在设计、工程、制造、采购、物流、生产与供应链中的新用法，以及企业建模、ERP/PLM、系统集成、工业物联网、数字孪生和智能制造。	industrial_informatics_manufacturing;industry_application;data_management;iot_sensor;ai_systems	工业信息化；智能制造；企业系统；业务过程；ERP；PLM；工业物联网；数字孪生；供应链集成	industrial informatics;smart manufacturing;enterprise system;business process;ERP;PLM;industrial IoT;digital twin;supply-chain integration	original_research;systems_experience;survey_review;industry_application	yes	open	venue	2026	通用算法或普通 AI 应用若未体现工业 ICT 的独特使用、跨技术/应用集成或可验证工业价值，通常不匹配。	publisher_scope	https://www.sciencedirect.com/journal/computers-in-industry/about/aims-and-scope	2026-08-06	Elsevier 官方范围要求原创、高质量、应用导向研究，并强调工业 ICT 新趋势及技术领域和工业应用领域的连接或集成。	approved	cas-cs-curation	2026-08-06	按应用导向工业信息技术期刊整理，不与纯制造工艺期刊混同。 官方作者指南明确列出 Regular papers and Survey papers。	https://www.sciencedirect.com/journal/computers-in-industry/publish/guide-for-authors	active_target
cas-2025-cyborg-bionic-systems-scope-2026	cas	2025	journal	Cyborg and Bionic Systems		生命体与机器人系统的知识互通和混合协同设计，覆盖仿生与生物混合机器人、可穿戴/康复机器人、生机接口、神经工程、生物传感与驱动、微纳机器人，以及医学成像 AI、生物材料、组织工程、器官芯片和相关伦理法律与社会影响。	bionics_biohybrid_systems;robotics_autonomy;iot_sensor;hci_ux;ai_systems	仿生系统；生物混合机器人；赛博格；可穿戴机器人；康复机器人；生机接口；神经工程；生物传感；微纳机器人；医学成像 AI；生物材料；组织工程；器官芯片	bionic systems;biohybrid robotics;cyborg;wearable robotics;rehabilitation robotics;bio-machine interface;neuroengineering;biosensing;micro nano robotics;medical imaging AI;biomaterials;tissue engineering;organ-on-chip	original_research;systems_experience;survey_review	yes	open	venue	2026	普通机器人、医学成像、材料或生物医学研究只有在完全缺少仿生、生物工程、智能医疗技术或生机系统关联时才不匹配。	official_scope	https://spj.science.org/page/cbsystems/about	2026-08-06	Science Partner Journal 官方 Mission and Scope 明确发表 cyborg 与 bionic systems 的基础和应用原创研究，并列出机器人、神经工程与生物医学工程方向。	approved	cas-cs-curation	2026-08-06	官方作者指南确认 Research Article 可公开投稿，同时接收 Review 等类型。 官方专题进一步确认 biomedical imaging AI、biomaterials、tissue engineering 和 organ-on-chip 等交叉方向。	https://spj.science.org/page/cbsystems/si/biomedical-imaging-technology-and-ai;https://spj.science.org/page/cbsystems/si/advanced-robotics-and-tissue-engineering	active_target
cas-2025-data-science-engineering-scope-2026	cas	2025	journal	Data Science and Engineering		数据科学与数据工程的理论基础和工程方法，包括数据质量、采集集成、表示建模与可视化，海量数据存储传输管理、数据密集算法与系统、挖掘学习决策优化，以及数据安全隐私和大数据应用。	data_science_engineering;data_management;data_mining;machine_learning;privacy_anonymity	数据科学；数据工程；数据质量；数据集成；大数据管理；数据密集计算；数据挖掘；机器学习；数据隐私	data science;data engineering;data quality;data integration;big data management;data-intensive computing;data mining;machine learning;data privacy	original_research;theory_methods;systems_experience	yes	open	venue	2026	常规机器学习或领域应用若没有数据本身、数据密集计算、数据工程技术或大规模系统方面的实质贡献，通常不匹配。	publisher_scope	https://link.springer.com/journal/41019/aims-and-scope	2026-08-06	Springer 官方范围明确覆盖数据本质与质量、信息提取、数据密集计算理论，以及分析管理大数据的技术和系统。	approved	cas-cs-curation	2026-08-06	按当前 Springer Nature evergreen Aims and Scope 整理。		active_target
cas-2025-eaai-scope-2026	cas	2025	journal	ENGINEERING APPLICATIONS OF ARTIFICIAL INTELLIGENCE		人工智能方法在各工程分支中的实际应用，覆盖物联网与 CPS、智能交通、深度学习、智能优化、多智能体与决策支持、知识推理、视觉语音、智能自动化、故障诊断和机器人，强调 AI 创新和真实工程验证。	industry_application;machine_learning;optimization;knowledge_systems;industrial_informatics_manufacturing	工程人工智能；智能自动化；深度学习应用；智能优化；多智能体；决策支持；故障诊断；机器人；工业案例	engineering AI;intelligent automation;applied deep learning;intelligent optimization;multi-agent;decision support;fault diagnosis;robotics;industrial case study	original_research;applied_research;systems_experience;survey_review	yes	open	venue	2026	摘要未分别说明 AI 贡献和工程应用、缺少真实工程问题或公开数据验证的论文会被拒；新造隐喻式元启发算法通常不匹配。	publisher_scope	https://www.sciencedirect.com/journal/engineering-applications-of-artificial-intelligence/about/aims-and-scope	2026-08-06	Elsevier/IFAC 官方范围要求工作描述 AI 方法的实际工程应用、报告 AI 新颖性，并使用公开数据验证以支持可复现性。	approved	cas-cs-curation	2026-08-06	保留官网列出的四项 desk-reject 边界，避免将纯算法优化稿误推荐。		active_target
cas-2025-fntir-scope-2026	cas	2025	journal	Foundations and Trends in Information Retrieval		信息检索领域的 50–100 页高质量综述和教程专著，覆盖检索模型与架构、评测、跨语言和分布式检索、推荐、抽取过滤、问答摘要、文本挖掘、用户建模、交互检索和 Web 搜索。	information_retrieval;web_search_recommendation;nlp_speech;data_mining;survey_review	信息检索综述；搜索引擎；推荐系统；检索评测；问答；摘要；文本挖掘；用户建模；交互检索	information retrieval survey;search engine;recommender system;IR evaluation;question answering;summarization;text mining;user modeling;interactive retrieval	survey_review	no	proposal_first	venue	2026	原创研究论文和普通篇幅的 survey 不接收；完整稿前须先提交摘要与目录并取得初步认可，目标应能形成长篇综述或教程专著。	official_author_guidelines	https://www.nowpublishers.com/Journal/AuthorInstructions/INR	2026-08-06	Now Publishers 的系列范围限定为 survey/tutorial monographs；作者说明要求先发摘要和目录，且明确原创研究稿不予考虑。	approved	cas-cs-curation	2026-08-06	另核对官方 Editorial Aims 的细分 IR 主题；submission_mode=proposal_first 是硬约束。		active_target
cas-2025-fntml-scope-2026	cas	2025	journal	Foundations and Trends in Machine Learning		机器学习基础问题的长篇综述和教程专著，关注理论、方法和计算视角，并连接统计、优化、经济学等相关领域，覆盖学习理论、概率方法、深度与表示学习、强化学习和机器学习算法。	machine_learning;theory_methods;optimization;probabilistic_causal;survey_review	机器学习综述；学习理论；统计学习；概率模型；优化；深度学习；表示学习；强化学习；教程专著	machine learning survey;learning theory;statistical learning;probabilistic models;optimization;deep learning;representation learning;reinforcement learning;tutorial monograph	survey_review	no	proposal_first	venue	2026	原创研究论文和普通短综述不接收；须先提交摘要与目录供初审，获得初步认可后才能提交完整长篇专著。	official_author_guidelines	https://www.nowpublishers.com/Journal/AuthorInstructions/MAL	2026-08-06	Now Publishers 作者说明明确该系列只发表长篇 review/tutorial，原创研究不予考虑，并采用摘要加目录的 proposal-first 流程。	approved	cas-cs-curation	2026-08-06	主题范围另以官方 Editorial Scope 和当期 monographs 复核；不能当作普通机器学习原创期刊推荐。		active_target
cas-2025-fntsc-scope-2026	cas	2025	journal	Foundations and Trends in Systems and Control		系统与控制领域的长篇综述和教程专著，覆盖混杂与离散事件、非线性、网络化、随机、多智能体、分布参数和时滞系统，以及滤波估计辨识、最优控制、系统理论和控制应用。	control_systems;embedded_realtime_cps;optimization;theory_methods;survey_review	控制系统综述；混杂系统；非线性系统；网络化控制；随机系统；多智能体；滤波估计；系统辨识；最优控制	control systems survey;hybrid systems;nonlinear systems;networked control;stochastic systems;multi-agent;filtering estimation;system identification;optimal control	survey_review	no	proposal_first	venue	2026	原创研究论文会被拒；完整稿前必须先以摘要和目录提交选题，且稿件需达到长篇、平衡的综述或教程专著规模。	official_author_guidelines	https://www.nowpublishers.com/Journal/AuthorInstructions/SYS	2026-08-06	官方 Author Instructions 明确仅发表约百页 review/tutorial、拒绝原创研究，并要求摘要与目录初审后才提交完整稿。	approved	cas-cs-curation	2026-08-06	官方 Editorial Aims 进一步列出控制对象、估计辨识、最优控制和系统理论范围。		active_target
cas-2025-comst-scope-2026	cas	2025	journal	IEEE Communications Surveys and Tutorials		通信领域各方面的综合同行评审综述与教程，系统整合既有文献、解释技术发展脉络和开放问题，覆盖通信理论与物理层、无线和有线网络、协议架构、云网软化、网络安全及新兴通信系统。	survey_review;network_arch_protocols;wireless_mobile;physical_layer_communications;information_theory_coding	通信综述；通信教程；无线通信；网络协议；网络架构；通信理论；云网；网络安全；新兴通信	communications survey;communications tutorial;wireless communications;network protocol;network architecture;communication theory;cloud networking;network security;emerging communications	survey_review	no	open	venue	2026	不接收以新算法、单项实验或原型结果为主体的原创研究论文；稿件必须构成全面 survey 或面向非专门读者的 tutorial。	official_scope	https://www.comsoc.org/publications/journals/ieee-communications-surveys-tutorials	2026-08-06	IEEE ComSoc 官方页明确期刊只面向通信各方面的 tutorials 与 surveys，并分别定义教程性和文献综合要求。	approved	cas-cs-curation	2026-08-06	官网提供直接 Submit 入口，故标 open；accepts_original_research=no 仍为稿件类型硬约束。		active_target
cas-2025-tac-affective-scope-2026	cas	2025	journal	IEEE Transactions on Affective Computing		情感计算的跨学科原创研究，研究识别、解释、生成或影响人类情绪及相关情感现象的系统，包括情感感知与建模、多模态行为分析、情感交互、社会机器人、心理健康和负责任情感技术。	affective_computing;multimodal;hci_ux;machine_learning;robotics_autonomy	情感计算；情绪识别；情感建模；多模态行为；生理信号；情感交互；社会机器人；心理健康	affective computing;emotion recognition;affect modeling;multimodal behavior;physiological signal;affective interaction;social robot;mental health	original_research;theory_methods;systems_experience;survey_review	yes	open	venue	2026	普通情感分类或医疗预测若没有对情感现象、人与技术的情感交互或情感计算系统的明确新贡献，通常不匹配。	official_scope	https://www.computer.org/csdl/journal/ta	2026-08-06	IEEE Computer Society 官方期刊定位为研究能够识别、解释和模拟人类情绪与相关情感现象的跨学科系统，并发表原创研究。	approved	cas-cs-curation	2026-08-06	按 IEEE CS 当前期刊页与作者资源复核；避免仅按人工智能大类做宽泛匹配。 Survey 需对领域历史或发展提出新视角，普通文献罗列不够。	https://www.computer.org/digital-library/journals/ta/tac-general-call-for-papers	active_target
cas-2025-tcsvt-scope-2026	cas	2025	journal	IEEE TRANSACTIONS ON CIRCUITS AND SYSTEMS FOR VIDEO TECHNOLOGY		从电路与系统视角研究视频技术，覆盖图像/视频采集、表示显示、处理变换、分析生成、学习理解、压缩传输、存储检索，以及相关软硬件设计与实现。	image_video_processing;multimedia;computer_vision_pattern;ai_systems	视频技术；图像视频处理；视频理解；视频生成；视频压缩；视频传输；多媒体检索；视频电路；软硬件实现	video technology;image video processing;video understanding;video generation;video compression;video transmission;multimedia retrieval;video circuits;hardware software implementation	original_research;theory_methods;systems_experience;survey_review	yes	open	venue	2026	普通视觉识别或生成模型若没有视频技术、图像视频系统或电路与系统层面的清晰贡献，通常不匹配。	official_scope	https://ieee-cas.org/publication/tcsvt	2026-08-06	IEEE Circuits and Systems Society 官方范围明确覆盖所有视频技术的 circuits-and-systems aspects，并鼓励理论、应用及软硬件实现论文。	approved	cas-cs-curation	2026-08-06	细分范围按官方从采集到显示、压缩传输和检索的完整链条整理。 官方期刊页明确接受 original review articles 和 surveys。	https://ieee-cas.org/publication/tcsvt	active_target
cas-2025-tccn-scope-2026	cas	2025	journal	IEEE Transactions on Cognitive Communications and Networking		认知与智能通信网络的设计、分析、评估和实验，覆盖面向通信的感知、学习推理和决策，AI/ML for communications、认知无线电、动态频谱、智能协议架构、分布式优化及安全隐私。	cognitive_communications;network_arch_protocols;physical_layer_communications;machine_learning;wireless_mobile	认知通信；智能网络；通信机器学习；认知无线电；动态频谱；智能协议；分布式学习；通信安全	cognitive communications;intelligent networking;machine learning for communications;cognitive radio;dynamic spectrum;intelligent protocol;distributed learning;communications security	original_research;theory_methods;systems_experience;survey_review	yes	open	venue	2026	论文必须同时包含具备感知、学习/推理和决策的智能实体方法，以及通信或网络方面的原创贡献；通用 AI 或纯控制论文不匹配。	official_scope	https://www.comsoc.org/publications/journals/ieee-transactions-cognitive-communications-and-networking	2026-08-06	IEEE ComSoc 官方页对 cognitive entity 作出明确界定，并要求稿件同时具有智能实体方法和通信/网络原创贡献。	approved	cas-cs-curation	2026-08-06	保留官方 BOTH 条件作为推荐边界，避免把一般无线学习稿宽泛召回。		active_target
cas-2025-tcyb-scope-2026	cas	2025	journal	IEEE Transactions on Cybernetics		控制论的计算方法，研究机器之间以及机器、人和组织之间的通信与控制；包括计算智能、视觉、神经网络、进化算法、机器学习、模糊系统、认知系统、决策和机器人在控制论框架中的理论与应用。	control_systems;machine_learning;evolutionary_computation;fuzzy_systems;robotics_autonomy	控制论；通信与控制；计算智能；神经网络；进化计算；模糊系统；认知系统；决策；机器人	cybernetics;communication and control;computational intelligence;neural network;evolutionary computation;fuzzy systems;cognitive systems;decision making;robotics	original_research;theory_methods	yes	open	venue	2026	一般机器学习、视觉或机器人应用只有在推进控制论主题或明确应用控制论原理时才匹配；纯性能刷榜论文不匹配。	official_scope	https://www.ieeesmc.org/publications/transactions-on-cybernetics/	2026-08-06	IEEE SMC 官方 Scope 明确限定为 cybernetics 的计算方法，并要求所列 AI、视觉、决策和机器人方向贡献于控制论主题。	approved	cas-cs-curation	2026-08-06	将“控制论关联”保留为硬边界，而非泛化为综合 AI 期刊。		active_target
cas-2025-tevc-scope-2026	cas	2025	journal	IEEE TRANSACTIONS ON EVOLUTIONARY COMPUTATION		进化计算及相关自然启发、种群式搜索与优化的档案级原创研究，包括遗传算法、进化策略与编程、差分进化、群体智能、多目标和约束优化、理论分析及具有普适洞察的应用。	evolutionary_computation;optimization;algorithms;theory_methods	进化计算；遗传算法；进化策略；遗传编程；差分进化；群体智能；多目标优化；种群优化	evolutionary computation;genetic algorithm;evolution strategy;genetic programming;differential evolution;swarm intelligence;multiobjective optimization;population-based optimization	original_research;theory_methods	yes	open	venue	2026	一般机器学习或元启发式应用若没有以选择、变异和种群演化为核心的新方法、理论或可推广洞察，通常不匹配。	official_scope	https://cis.ieee.org/publications/t-evolutionary-computation	2026-08-06	IEEE Computational Intelligence Society 官方期刊说明其发表进化计算、自然启发算法、种群方法及选择和变异驱动优化的原创论文。	approved	cas-cs-curation	2026-08-06	使用新增受控标签 evolutionary_computation，避免仅落入宽泛 optimization。		active_target
cas-2025-tfs-scope-2026	cas	2025	journal	IEEE TRANSACTIONS ON FUZZY SYSTEMS		模糊系统的理论、设计和应用，包括模糊集与逻辑、近似推理、模糊控制、聚类与决策、学习型和神经模糊系统、模糊优化、可解释计算及工程智能系统。	fuzzy_systems;control_systems;optimization;knowledge_systems	模糊系统；模糊集合；模糊逻辑；近似推理；模糊控制；神经模糊；模糊聚类；模糊优化；模糊决策	fuzzy systems;fuzzy sets;fuzzy logic;approximate reasoning;fuzzy control;neuro-fuzzy;fuzzy clustering;fuzzy optimization;fuzzy decision making	original_research;theory_methods;applied_research	yes	open	venue	2026	仅处理随机性、概率不确定性或普通深度学习而没有模糊集合、模糊逻辑或模糊系统贡献的论文不匹配。	official_scope	https://cis.ieee.org/publications/t-fuzzy-systems	2026-08-06	IEEE Computational Intelligence Society 官方期刊范围聚焦模糊系统理论、设计与应用及其相关智能计算方法。	approved	cas-cs-curation	2026-08-06	使用新增受控标签 fuzzy_systems，明确区别概率模型和一般神经网络。		active_target
cas-2025-tii-scope-2026	cas	2025	journal	IEEE Transactions on Industrial Informatics		工业环境中的信息学理论与应用，连接智能分布式自动化、知识与 AI 增强控制、协同制造、工业机器人与视觉、工业 CPS/IoT、实时嵌入式系统、工业通信安全、互操作和人机交互。	industrial_informatics_manufacturing;embedded_realtime_cps;iot_sensor;ai_systems;system_security	工业信息学；工业自动化；智能制造；工业物联网；工业CPS；实时嵌入式；工业通信；工业安全；系统互操作	industrial informatics;industrial automation;smart manufacturing;industrial IoT;industrial CPS;real-time embedded systems;industrial communications;industrial security;interoperability	original_research;systems_experience;survey_review;industry_application	yes	open	venue	2026	纯电力电子、控制算法或通用 AI 工作若没有工业信息的获取、通信、计算、集成或自动化系统贡献，通常不匹配。	official_scope	https://www.ieee-ies.org/pubs/transactions-on-industrial-informatics	2026-08-06	IEEE Industrial Electronics Society 官方范围将期刊定义为连接工业信息学理论与应用实践，列出智能自动化、制造、工业 CPS/IoT、安全与互操作。	approved	cas-cs-curation	2026-08-06	细分工业信息学边界，避免与 IEEE 工业电子和纯控制类期刊混淆。 Review/State-of-the-Art 稿件须事先获得 EiC 许可。	https://www.ieee-ies.org/pubs/jestie/17-publications/tii	active_target
cas-2025-tiv-scope-2026	cas	2025	journal	IEEE Transactions on Intelligent Vehicles		智能车辆尤其自动驾驶车辆的理论、系统和应用，包括环境感知、驾驶员状态与意图、规划控制、协同车辆、主动被动安全、碰撞避免、雷达激光视觉融合、人机交互、节能车辆和车辆软件安全。	autonomous_vehicles;robotics_autonomy;computer_vision_pattern;information_fusion;control_systems	智能车辆；自动驾驶；环境感知；驾驶员监测；车辆控制；协同车辆；碰撞避免；雷达激光雷达；传感器融合；车辆安全	intelligent vehicles;automated driving;environment perception;driver monitoring;vehicle control;cooperative vehicles;collision avoidance;radar lidar;sensor fusion;vehicle security	original_research;systems_experience;applied_research;survey_review	yes	open	venue	2026	一般移动机器人、交通预测或视觉算法若没有智能/自动驾驶车辆问题、车辆系统评价或应用贡献，通常不匹配。	official_scope	https://ieee-itss.org/pub/t-iv/	2026-08-06	IEEE Intelligent Transportation Systems Society 官方 Scope 明确发表智能车辆特别是自动驾驶车辆的创新概念、理论发现、应用结果和案例。	approved	cas-cs-curation	2026-08-06	官方页确认 original contributions 和 survey papers 均可直接提交。		active_target
cas-2025-tsmcs-scope-2026	cas	2025	journal	IEEE Transactions on Systems Man Cybernetics-Systems		系统工程全生命周期的理论、方法和应用，包括复杂问题定义、分析建模、决策与解释，大型系统定义开发部署、系统管理与工程过程，以及优化、建模和仿真等系统工程方法。	control_systems;optimization;theory_methods;industry_application	系统工程；复杂系统；生命周期；系统建模；决策；优化；建模仿真；系统管理；系统工程过程	systems engineering;complex systems;system lifecycle;system modeling;decision making;optimization;modeling simulation;systems management;systems engineering process	original_research;theory_methods;systems_experience;survey_review	yes	open	venue	2026	单一 AI 或控制算法若没有大型系统、系统工程生命周期、综合建模决策或部署层面的贡献，通常不匹配。	official_scope	https://www.ieeesmc.org/publications/transactions-on-smc-systems/	2026-08-06	IEEE SMC 官方 Scope 明确覆盖 systems engineering、问题形成与解释、生命周期阶段、系统管理和优化建模仿真方法。	approved	cas-cs-curation	2026-08-06	作者指南确认 regular technical papers 和 review papers 的直接投稿流程。		active_target
cas-2025-ieee-caa-jas-scope-2026	cas	2025	journal	IEEE-CAA Journal of Automatica Sinica		自动化领域的原创理论与实验研究和新兴技术，覆盖自动控制与智能控制、系统理论工程、模式识别、自动化应用、网络化自动化、机器人、感知测量、导航制导、智能电网城市、数据挖掘、IoT、CPS 和机电系统。	control_systems;robotics_autonomy;industrial_informatics_manufacturing;embedded_realtime_cps;machine_learning	自动控制；智能控制；系统理论；自动化工程；模式识别；机器人；网络化控制；导航制导；智能电网；工业物联网	automatic control;intelligent control;systems theory;automation engineering;pattern recognition;robotics;networked control;navigation guidance;smart grid;industrial IoT	original_research;theory_methods;systems_experience;survey_review	yes	open	venue	2026	通用 AI、数据挖掘或云计算论文若没有自动化、控制、感知执行或工程系统方面的明确贡献，通常不匹配。	official_scope	https://www.ieeesmc.org/publications/ieee-caa-journal-of-automatica/	2026-08-06	IEEE SMC 官方页明确期刊聚焦自动化的新趋势、原创理论和实验研发，并列出控制、AI、机器人、CPS、IoT 等方向。	approved	cas-cs-curation	2026-08-06	以自动化为主轴整理宽范围，防止按关键词把所有 AI 稿件无条件召回。		active_target
cas-2025-ipm-scope-2026	cas	2025	journal	INFORMATION PROCESSING & MANAGEMENT		计算与信息科学交叉的原创理论、方法和应用研究，覆盖信息表示组织、检索与推荐、Web 与社交计算、文本和多媒体处理、用户与信息行为、知识发现、数字平台以及健康、商业等信息应用。	information_retrieval;web_search_recommendation;web_social_networks;data_mining;hci_ux	信息处理；信息检索；推荐系统；Web搜索；社交计算；文本挖掘；信息行为；用户研究；知识发现	information processing;information retrieval;recommender systems;web search;social computing;text mining;information behavior;user studies;knowledge discovery	original_research;theory_methods;survey_review;applied_research	yes	open	venue	2026	仅有通用机器学习精度提升、但没有信息科学问题、信息过程、用户行为或信息系统应用贡献的论文通常不匹配。	publisher_scope	https://www.sciencedirect.com/journal/information-processing-and-management/about/aims-and-scope	2026-08-06	Elsevier 官方范围明确发表 computing 与 information science 交叉的前沿原创理论、方法或应用研究，并面向研究者与实践者。	approved	cas-cs-curation	2026-08-06	结合当前官方主题集合细化检索、Web/社交、文本和用户信息行为方向。 Elsevier Guide for Authors 明确列出 research survey。	https://www.sciencedirect.com/journal/information-processing-and-management/publish/guide-for-authors	active_target
cas-2025-ijns-scope-2026	cas	2025	journal	International Journal of Neural Systems		自然与人工神经系统中的信息处理，覆盖神经网络理论与架构、深度和脉冲神经网络、学习与适应、神经动力学、计算神经科学、脑信号分析、神经工程和跨学科智能系统。	deep_representation;machine_learning;ai_systems;theory_methods	神经系统；人工神经网络；深度学习；脉冲神经网络；神经动力学；计算神经科学；脑信号；神经工程	neural systems;artificial neural networks;deep learning;spiking neural networks;neural dynamics;computational neuroscience;brain signals;neuroengineering	original_research;theory_methods;survey_review	yes	open	venue	2026	普通机器学习应用若没有神经系统、神经网络方法或自然/人工神经信息处理方面的贡献，通常不匹配。	publisher_scope	https://www.worldscientific.com/worldscinet/ijns	2026-08-06	World Scientific 官方期刊定位为自然和人工神经系统的信息处理，并接收该跨学科主题的原创研究、综述与短文。	approved	cas-cs-curation	2026-08-06	官方站点对自动抓取有限；以出版社当前期刊页和 2025 作者模板交叉核对。		active_target
cas-2025-jiii-scope-2026	cas	2025	journal	Journal of Industrial Information Integration		工业集成与信息化的基础、技术和实践，包括企业与制造系统互操作、工业数据和信息融合、数字孪生、工业 IoT/CPS、智能制造、供应链与业务过程集成，以及相关标准、安全和工程管理。	industrial_informatics_manufacturing;information_fusion;embedded_realtime_cps;iot_sensor;data_management	工业信息集成；工业信息化；系统互操作；智能制造；数字孪生；工业物联网；工业CPS；企业集成；数据融合	industrial information integration;industrial informatization;interoperability;smart manufacturing;digital twin;industrial IoT;industrial CPS;enterprise integration;data fusion	original_research;theory_methods;systems_experience;industry_application;survey_review	yes	open	venue	2026	只泛称 Industry 4.0、但没有跨设备、软件、数据、组织或流程的信息集成问题和解决方案的论文通常不匹配。	publisher_scope	https://www.sciencedirect.com/journal/journal-of-industrial-information-integration/about/aims-and-scope	2026-08-06	Elsevier 官方页说明该刊欢迎工业信息集成的基础、技术和实践论文；近期期刊卷期明确出现 Review article，综述投稿仍需按当前作者指南或专题要求核验。	approved	cas-cs-curation	2026-08-06	将 Review article 作为已观察到的稿件类型补入；是否开放常规综述投稿仍需按当前 Guide for Authors、专题征稿和编辑决定核验。	https://www.sciencedirect.com/journal/journal-of-industrial-information-integration	active_target
cas-2025-kbs-scope-2026	cas	2025	journal	KNOWLEDGE-BASED SYSTEMS		知识系统与其他 AI 技术系统的原创研究，覆盖知识表示与工程、机器学习与数据科学、推荐与个性化、智能决策预测预警、计算智能、数据驱动优化、认知交互和知识驱动视觉，以及相关模型、方法、系统与软件。	knowledge_systems;machine_learning;data_science_engineering;web_search_recommendation;optimization	知识系统；知识表示；知识工程；机器学习；数据科学；推荐系统；决策支持；预测预警；计算智能；数据驱动优化	knowledge-based systems;knowledge representation;knowledge engineering;machine learning;data science;recommender systems;decision support;prediction warning;computational intelligence;data-driven optimization	original_research;theory_methods;survey_review;applied_research	yes	open	venue	2026	普通分类预测或领域 AI 应用若没有知识驱动智能、方法创新、决策支持价值或可复用系统贡献，通常不匹配。	publisher_scope	https://www.sciencedirect.com/journal/knowledge-based-systems/about/aims-and-scope	2026-08-06	Elsevier 官方范围明确发表知识系统和其他 AI 技术系统的原创创新研究，并列出知识工程、推荐、决策和数据驱动优化等主题。	approved	cas-cs-curation	2026-08-06	按当前 leading topics 细化，避免仅凭 knowledge 关键词召回知识图谱以外的无关稿件。 Guide for Authors 列出 review papers；投稿前仍需核对当前是否有预沟通要求。	https://www.sciencedirect.com/journal/knowledge-based-systems/publish/guide-for-authors	active_target
cas-2025-rcim-scope-2026	cas	2025	journal	ROBOTICS AND COMPUTER-INTEGRATED MANUFACTURING		面向工业实际的机器人与计算机集成制造研究，包括工业机器人、人机协作制造、云制造、信息物理生产系统、制造大数据、智能机电、机器学习、自适应和可持续制造，优先理论结合实验验证。	industrial_informatics_manufacturing;robotics_autonomy;embedded_realtime_cps;machine_learning;industry_application	工业机器人；计算机集成制造；人机协作；云制造；智能制造；生产CPS；机器人加工；自适应制造；实验验证	industrial robotics;computer-integrated manufacturing;human-robot collaboration;cloud manufacturing;smart manufacturing;production CPS;robotic machining;adaptive manufacturing;experimental validation	original_research;systems_experience;industry_application;survey_review	yes	open	venue	2026	常规加工工艺、纯建模仿真、供应链管理和资源优化一般不在范围；过度理论化且无工业机器人或制造实验验证的论文也不匹配。	publisher_scope	https://www.sciencedirect.com/journal/robotics-and-computer-integrated-manufacturing/about/aims-and-scope	2026-08-06	Elsevier 官方范围强调工业相关机器人和制造技术应用，优先同时含理论与实验验证的原创研究，并明确列出多项排除方向。	approved	cas-cs-curation	2026-08-06	原样保留官网对 conventional machining、simulation、supply chain、resource optimisation 和纯理论稿的边界。		active_target
cas-2025-science-china-information-sciences-scope-2026	cas	2025	journal	Science China-Information Sciences		信息科学各领域的重要基础与应用成果，覆盖计算机与软件、人工智能与数据、通信网络与信息论、自动化控制、微电子与信息器件等；发表研究论文、简报和带作者观点的综合评述。	general_computing;machine_learning;network_arch_protocols;information_theory_coding;control_systems	信息科学；计算机科学；人工智能；数据科学；通信网络；信息论；自动化控制；微电子；原创研究；研究简报	information sciences;computer science;artificial intelligence;data science;communications networks;information theory;automation control;microelectronics;original research;brief report	original_research;theory_methods;survey_review	yes	open	venue	2026	与信息科学缺少直接关联的工作，或仅有局部增量且未形成重要原创基础/应用结果的稿件不匹配。	publisher_scope	https://link.springer.com/journal/11432/aims-and-scope	2026-08-06	Springer/Science China Press 官方范围明确发表信息科学基础与应用的高质量原创成果，并列出 Review、Research Paper 和 Brief Report 三类。	approved	cas-cs-curation	2026-08-06	官方 Aims 页面采用宽口径信息科学定义；细分主题依据期刊栏目和当前内容归纳，推荐后仍需核对具体栏目。	https://scis.scichina.com/	active_target
