dataset,source,source_file,version_year,record_type,name,收稿方向,abbreviation,issn,eissn,issn_eissn,publisher,url,area,area_en,level,sequence,impact_factor,wos_index,top,source_page,notes,cas_review,cas_oa_journal_index,cas_open_access,cas_label,cas_major_area,cas_major_partition,cas_major_rank,cas_subject_1,cas_subject_partition_1,cas_subject_rank_1,cas_subject_2,cas_subject_partition_2,cas_subject_rank_2,cas_subject_3,cas_subject_partition_3,cas_subject_rank_3,cas_subject_4,cas_subject_partition_4,cas_subject_rank_4,cas_subject_5,cas_subject_partition_5,cas_subject_rank_5,cas_subject_6,cas_subject_partition_6,cas_subject_rank_6,jcr_category_1,jcr_quartile_1,jcr_rank_1,jcr_category_2,jcr_quartile_2,jcr_rank_2,jcr_category_3,jcr_quartile_3,jcr_rank_3,jcr_category_4,jcr_quartile_4,jcr_rank_4,jcr_category_5,jcr_quartile_5,jcr_rank_5,jcr_category_6,jcr_quartile_6,jcr_rank_6,收稿方向_官网摘取,收稿方向_来源URL,收稿方向_证据,收稿方向_置信度,收稿方向_状态,收稿方向_更新时间
th_cpl,清华大学计算机学科群推荐学术会议和期刊列表（TH-CPL）,TH-CPL.csv,2019,conference,International Symposium on Computer Architecture,高性能计算；High Performance Computing,ISCA,,,,,,高性能计算,High Performance Computing,A,1,,,,1,superseded: TH-CPL 2019 历史征稿页，已由当前年度范围取代。,,,,,,,,,,,,,,,,,,,,,,,,,,,,,,,,,,,,,,,,,,,,涵盖处理器、内存、存储系统架构，多处理器系统，数据中心计算，物联网/移动/嵌入式架构，互连网络，加速器架构，安全/虚拟化支持，新兴技术（如量子计算）等计算机体系结构前沿主题。；关键词：计算机体系结构；处理器架构；内存系统；数据中心；加速器；安全；量子计算；并行处理,https://iscaconf.org/isca2019/cfp.html,已废止自动候选：TH-CPL 2019 历史征稿页，已由当前年度范围取代。 The International Symposium on Computer Architecture is the premier forum for new ideas and experimental results in comp,low,superseded,2026-07-30T12:12:34+00:00
th_cpl,清华大学计算机学科群推荐学术会议和期刊列表（TH-CPL）,TH-CPL.csv,2019,conference,USENIX Conference on File and Storage Technologies,高性能计算；High Performance Computing,FAST,,,,,,高性能计算,High Performance Computing,A,2,,,,1,superseded: FAST 2002 历史征稿页，已由当前年度范围取代。,,,,,,,,,,,,,,,,,,,,,,,,,,,,,,,,,,,,,,,,,,,,涵盖文件系统与数据存储的各个方面，包括数据布局、缓存、可扩展存储、安全、移动存储、可靠性、数据库存储管理、网络存储、新技术、性能评估等。；关键词：文件系统；数据存储；存储系统；缓存与复制；可扩展存储；存储安全；存储可靠性；网络存储,http://www.usenix.org/publications/library/proceedings/fast02/cfp/,已废止自动候选：FAST 2002 历史征稿页，已由当前年度范围取代。 Papers may be on any topic related to file systems and data storage,low,superseded,2026-07-30T12:11:54+00:00
th_cpl,清华大学计算机学科群推荐学术会议和期刊列表（TH-CPL）,TH-CPL.csv,2019,conference,International Conference on Architectural Support for Programming Languages and Operating Systems,高性能计算；High Performance Computing,ASPLOS,,,,,,高性能计算,High Performance Computing,A,3,,,,2,,,,,,,,,,,,,,,,,,,,,,,,,,,,,,,,,,,,,,,,,,,,,,,,,no_candidate_pages,2026-07-30T12:12:39+00:00
th_cpl,清华大学计算机学科群推荐学术会议和期刊列表（TH-CPL）,TH-CPL.csv,2019,conference,European Conference on Computer Systems,高性能计算；High Performance Computing,EuroSys,,,,,,高性能计算,High Performance Computing,A,4,,,,2,,,,,,,,,,,,,,,,,,,,,,,,,,,,,,,,,,,,,,,,,,,,,,,,,no_candidate_pages,2026-07-30T12:12:44+00:00
th_cpl,清华大学计算机学科群推荐学术会议和期刊列表（TH-CPL）,TH-CPL.csv,2019,conference,International Symposium on High-Performance Computer Architecture,高性能计算；High Performance Computing,HPCA,,,,,,高性能计算,High Performance Computing,A,5,,,,2,superseded: TH-CPL 2019 历史征稿页，已由当前年度范围取代。,,,,,,,,,,,,,,,,,,,,,,,,,,,,,,,,,,,,,,,,,,,,HPCA是高性能计算机体系结构的顶级国际会议，涵盖处理器架构、内存系统、互连网络、加速器设计、功耗优化、可靠性与安全等方向。；关键词：高性能计算机体系结构；处理器架构；内存系统；互连网络；加速器设计；功耗优化；可靠性；安全性,http://hpca2019.seas.gwu.edu/index.html,已废止自动候选：TH-CPL 2019 历史征稿页，已由当前年度范围取代。 The 25th International Symposium on High-Performance Computer Architecture provides a high-quality forum for scientists,low,superseded,2026-07-30T12:13:01+00:00
th_cpl,清华大学计算机学科群推荐学术会议和期刊列表（TH-CPL）,TH-CPL.csv,2019,conference,International Conference on Measurement and Modeling of Computer Systems,高性能计算；High Performance Computing,SIGMETRICS,,,,,,高性能计算,High Performance Computing,A,6,,,,2,superseded: SIGMETRICS 2019 历史征稿页，已由当前年度范围取代。,,,,,,,,,,,,,,,,,,,,,,,,,,,,,,,,,,,,,,,,,,,,该会议征稿涵盖计算与网络系统的测量、建模、分析及设计，包括性能评估方法、应用及系统研究，如计算机网络、无线传感器、物联网、计算机体系结构、操作系统、数据中心、云计算、移动系统、能效计算、安全隐私、社交网络、智能电网等。；关键词：性能评估；测量；建模；计算机网络；云计算；物联网；计算机体系结构；操作系统；数据中心；智能电网；机器学习；大数据,https://www.sigmetrics.org/sigmetrics2019/call_for_papers.html,已废止自动候选：SIGMETRICS 2019 历史征稿页，已由当前年度范围取代。 The 2019 ACM SIGMETRICS / IFIP Performance conference solicits papers on the development and application of state-of-the,low,superseded,2026-07-30T12:13:16+00:00
th_cpl,清华大学计算机学科群推荐学术会议和期刊列表（TH-CPL）,TH-CPL.csv,2019,conference,ACM/SIGDA International Symposium on Field-Programmable Gate Arrays,高性能计算；High Performance Computing,FPGA,,,,,,高性能计算,High Performance Computing,A,7,,,,2,superseded: FPGA 2019 历史征稿页，已由当前年度范围取代。,,,,,,,,,,,,,,,,,,,,,,,,,,,,,,,,,,,,,,,,,,,,FPGA架构、电路设计、CAD工具、高层次抽象与工具、基于FPGA的计算引擎、应用与设计研究，以及新兴应用/方法论的教程。；关键词：FPGA架构；电路设计；CAD；高层次综合；可重构计算；加速器；机器学习,https://www.isfpga.org/past/fpga2019/cfp.html,"已废止自动候选：FPGA 2019 历史征稿页，已由当前年度范围取代。 We solicit research papers related to the following areas: FPGA Architecture, FPGA Circuit Design, CAD for FPGAs, High-L",low,superseded,2026-07-30T12:13:35+00:00
th_cpl,清华大学计算机学科群推荐学术会议和期刊列表（TH-CPL）,TH-CPL.csv,2019,conference,USENIX Annul Technical Conference,高性能计算；High Performance Computing,USENIX ATC,,,,,,高性能计算,High Performance Computing,A,8,,,,2,,,,,,,,,,,,,,,,,,,,,,,,,,,,,,,,,,,,,,,,,,,,,涵盖计算系统的所有实际方面，包括操作系统、运行时系统、并行与分布式系统、存储、网络、安全与隐私、虚拟化、软硬件交互、性能评估与工作负载特征、可靠性、可用性、可扩展性、能源/功耗管理、错误发现与追踪分析等。；关键词：操作系统；分布式系统；存储；网络；安全与隐私；虚拟化；性能评估；可靠性,https://www.usenix.org/conference/atc19/call-for-papers,The scope of USENIX ATC covers all practical aspects related to systems software,high,ok,2026-07-30T12:13:48+00:00
th_cpl,清华大学计算机学科群推荐学术会议和期刊列表（TH-CPL）,TH-CPL.csv,2019,conference,IEEE/ACM International Symposium on Microarchitecture,高性能计算；High Performance Computing,MICRO,,,,,,高性能计算,High Performance Computing,A,9,,,,2,,,,,,,,,,,,,,,,,,,,,,,,,,,,,,,,,,,,,,,,,,,,,MICRO是微架构领域的顶级论坛，涵盖处理器架构、编译器、系统等传统及新兴研究方向，注重学术与工业界的紧密交流。；关键词：微架构；处理器架构；编译器；系统；计算机体系结构,https://dl.acm.org/conference/micro,"MICRO is the premier forum for presenting, discussing and debating new and innovative microarchitecture ideas and techni",high,ok,2026-07-30T12:11:54+00:00
th_cpl,清华大学计算机学科群推荐学术会议和期刊列表（TH-CPL）,TH-CPL.csv,2019,conference,"International Conference for High Performance Computing, Networking, Storage, and Analysis",高性能计算；High Performance Computing,SC,,,,,,高性能计算,High Performance Computing,A,10,,,,2,,,,,,,,,,,,,,,,,,,,,,,,,,,,,,,,,,,,,,,,,,,,,SC会议是高性能计算、网络、存储与分析领域的顶级学术会议，涵盖算法、体系结构、应用、系统软件、数据管理、编程模型、性能分析等方向，强调可重复性研究。；关键词：高性能计算；网络；存储；分析；算法；体系结构；系统软件；可重复性,https://sc26.supercomputing.org/program/papers/,"The SC Papers program is the leading venue for presenting high-quality original research...high performance computing, n",high,ok,2026-07-30T12:11:54+00:00
th_cpl,清华大学计算机学科群推荐学术会议和期刊列表（TH-CPL）,TH-CPL.csv,2019,conference,ACM SIGPLAN Symposium on Principles & Practice of Parallel Programming,高性能计算；High Performance Computing,PPoPP,,,,,,高性能计算,High Performance Computing,A,11,,,,2,,,,,,,,,,,,,,,,,,,,,,,,,,,,,,,,,,,,,,,,,,,,,PPoPP是并行编程领域的顶级论坛，涵盖并行与性能编程的理论基础、技术、语言、编译器、运行时系统、工具、应用及实践经验，关注多核、多线程、异构、集群、分布式系统、加速器（如ASIC、GPU、FPGA）、数据中心、云、大规模机器及量子计算机，以及新兴并行工作负载（如AI和大规模科学/企业负载）。；关键词：并行编程；性能编程；多核系统；异构计算；GPU；FPGA；分布式系统；编译器；运行时系统；人工智能工作负载；大规模科学计算,https://ppopp26.sigplan.org/,The ACM SIGPLAN Symposium on Principles and Practice of Parallel Programming (PPoPP) is the premier forum for leading wo,high,ok,2026-07-30T12:11:54+00:00
th_cpl,清华大学计算机学科群推荐学术会议和期刊列表（TH-CPL）,TH-CPL.csv,2019,conference,Design Automation Conference,高性能计算；High Performance Computing,DAC,,,,,,高性能计算,High Performance Computing,A,12,,,,2,,,,,,,,,,,,,,,,,,,,,,,,,,,,,,,,,,,,,,,,,,,,,,,,,no_candidate_pages,2026-07-30T12:13:54+00:00
th_cpl,清华大学计算机学科群推荐学术会议和期刊列表（TH-CPL）,TH-CPL.csv,2019,conference,International Symposium on High Performance Distributed Computing,高性能计算；High Performance Computing,HPDC,,,,,,高性能计算,High Performance Computing,B,1,,,,2,,,,,,,,,,,,,,,,,,,,,,,,,,,,,,,,,,,,,,,,,,,,,,,,,no_candidate_pages,2026-07-30T12:13:57+00:00
th_cpl,清华大学计算机学科群推荐学术会议和期刊列表（TH-CPL）,TH-CPL.csv,2019,conference,ACM Symposium on Cloud Computing,高性能计算；High Performance Computing,SoCC,,,,,,高性能计算,High Performance Computing,B,2,,,,2,,,,,,,,,,,,,,,,,,,,,,,,,,,,,,,,,,,,,,,,,,,,,,,,,no_candidate_pages,2026-07-30T12:14:00+00:00
th_cpl,清华大学计算机学科群推荐学术会议和期刊列表（TH-CPL）,TH-CPL.csv,2019,conference,Real-Time and Embedded Technology and Applications Symposium,高性能计算；High Performance Computing,RTAS,,,,,,高性能计算,High Performance Computing,B,3,,,,2,,,,,,,,,,,,,,,,,,,,,,,,,,,,,,,,,,,,,,,,,,,,,,,,,no_candidate_pages,2026-07-30T12:14:04+00:00
th_cpl,清华大学计算机学科群推荐学术会议和期刊列表（TH-CPL）,TH-CPL.csv,2019,conference,Mass Storage Systems and Technologies,高性能计算；High Performance Computing,MSST,,,,,,高性能计算,High Performance Computing,B,4,,,,2,,,,,,,,,,,,,,,,,,,,,,,,,,,,,,,,,,,,,,,,,,,,,,,,,no_candidate_pages,2026-07-30T12:14:07+00:00
th_cpl,清华大学计算机学科群推荐学术会议和期刊列表（TH-CPL）,TH-CPL.csv,2019,conference,ACM/IEEE International Symposium on Code Generation and Optimization,高性能计算；High Performance Computing,CGO,,,,,,高性能计算,High Performance Computing,B,5,,,,2,,,,,,,,,,,,,,,,,,,,,,,,,,,,,,,,,,,,,,,,,,,,,,,,,no_candidate_pages,2026-07-30T12:14:10+00:00
th_cpl,清华大学计算机学科群推荐学术会议和期刊列表（TH-CPL）,TH-CPL.csv,2019,conference,International Conference on Parallel Architectures and Compilation Techniques,高性能计算；High Performance Computing,PACT,,,,,,高性能计算,High Performance Computing,B,6,,,,2,,,,,,,,,,,,,,,,,,,,,,,,,,,,,,,,,,,,,,,,,,,,,,,,,no_candidate_pages,2026-07-30T12:14:13+00:00
th_cpl,清华大学计算机学科群推荐学术会议和期刊列表（TH-CPL）,TH-CPL.csv,2019,conference,International Conference on Hardware/Software Co-design and System Synthesis,高性能计算；High Performance Computing,CODES+ISSS,,,,,,高性能计算,High Performance Computing,B,7,,,,2,,,,,,,,,,,,,,,,,,,,,,,,,,,,,,,,,,,,,,,,,,,,,,,,,no_candidate_pages,2026-07-30T12:14:15+00:00
th_cpl,清华大学计算机学科群推荐学术会议和期刊列表（TH-CPL）,TH-CPL.csv,2019,conference,ACM Symposium on Principles of Distributed Computing,高性能计算；High Performance Computing,PODC,,,,,,高性能计算,High Performance Computing,B,8,,,,2,,,,,,,,,,,,,,,,,,,,,,,,,,,,,,,,,,,,,,,,,,,,,,,,,no_candidate_pages,2026-07-30T12:14:20+00:00
th_cpl,清华大学计算机学科群推荐学术会议和期刊列表（TH-CPL）,TH-CPL.csv,2019,conference,International Conference on Virtual Execution Environments,高性能计算；High Performance Computing,VEE,,,,,,高性能计算,High Performance Computing,B,9,,,,2,superseded: TH-CPL 2019 历史征稿页，已由当前年度范围取代。,,,,,,,,,,,,,,,,,,,,,,,,,,,,,,,,,,,,,,,,,,,,涵盖虚拟化技术，包括硬件、操作系统、运行时系统支持，以及云计算、HPC、安全、内存管理、虚拟I/O等应用领域。；关键词：虚拟化；操作系统；运行时系统；云计算；HPC；安全；内存管理；虚拟I/O,https://conf.researchr.org/track/vee-2019/vee-2019-papers#Call-for-Papers,已废止自动候选：TH-CPL 2019 历史征稿页，已由当前年度范围取代。 Topics of interest include architecture support for virtualization; ... virtualization technologies applied to specific,low,superseded,2026-07-30T12:14:31+00:00
th_cpl,清华大学计算机学科群推荐学术会议和期刊列表（TH-CPL）,TH-CPL.csv,2019,conference,International Parallel & Distributed Processing Symposium,高性能计算；High Performance Computing,IPDPS,,,,,,高性能计算,High Performance Computing,B,10,,,,2,,,,,,,,,,,,,,,,,,,,,,,,,,,,,,,,,,,,,,,,,,,,,,,,,no_candidate_pages,2026-07-30T12:14:34+00:00
th_cpl,清华大学计算机学科群推荐学术会议和期刊列表（TH-CPL）,TH-CPL.csv,2019,conference,International Conference on Supercomputing,高性能计算；High Performance Computing,ICS,,,,,,高性能计算,High Performance Computing,B,11,,,,2,,,,,,,,,,,,,,,,,,,,,,,,,,,,,,,,,,,,,,,,,,,,,,,,,no_candidate_pages,2026-07-30T12:14:38+00:00
th_cpl,清华大学计算机学科群推荐学术会议和期刊列表（TH-CPL）,TH-CPL.csv,2019,conference,"Design, Automation & Test in Europe Conference",高性能计算；High Performance Computing,DATE,,,,,,高性能计算,High Performance Computing,B,12,,,,2,,,,,,,,,,,,,,,,,,,,,,,,,,,,,,,,,,,,,,,,,,,,,,,,,no_candidate_pages,2026-07-30T12:14:42+00:00
th_cpl,清华大学计算机学科群推荐学术会议和期刊列表（TH-CPL）,TH-CPL.csv,2019,conference,ACM Symposium on Parallelism in Algorithms and Architectures,高性能计算；High Performance Computing,SPAA,,,,,,高性能计算,High Performance Computing,B,13,,,,2,,,,,,,,,,,,,,,,,,,,,,,,,,,,,,,,,,,,,,,,,,,,,,,,,no_candidate_pages,2026-07-30T12:14:46+00:00
th_cpl,清华大学计算机学科群推荐学术会议和期刊列表（TH-CPL）,TH-CPL.csv,2019,conference,"International Symposium on Computer Performance, Modeling, Measurements and Evaluation",高性能计算；High Performance Computing,Performance,,,,,,高性能计算,High Performance Computing,B,14,,,,2,,,,,,,,,,,,,,,,,,,,,,,,,,,,,,,,,,,,,,,,,,,,,,,,,no_candidate_pages,2026-07-30T12:14:49+00:00
th_cpl,清华大学计算机学科群推荐学术会议和期刊列表（TH-CPL）,TH-CPL.csv,2019,conference,International Conference on Distributed Computing Systems,高性能计算；High Performance Computing,ICDCS,,,,,,高性能计算,High Performance Computing,B,15,,,,2,,,,,,,,,,,,,,,,,,,,,,,,,,,,,,,,,,,,,,,,,,,,,,,,,no_candidate_pages,2026-07-30T12:14:53+00:00
th_cpl,清华大学计算机学科群推荐学术会议和期刊列表（TH-CPL）,TH-CPL.csv,2019,conference,International Conference on Computer-Aided Design,高性能计算；High Performance Computing,ICCAD,,,,,,高性能计算,High Performance Computing,B,16,,,,2,,,,,,,,,,,,,,,,,,,,,,,,,,,,,,,,,,,,,,,,,,,,,涵盖电子设计自动化全谱系，从器件级物理到系统级架构，包括逻辑综合、验证、物理设计、制造、嵌入式系统、物联网、信息物理系统、3D IC、小芯片、先进封装、硬件安全、低功耗计算、可重构架构、AI集成（生成式AI、加速器、具身智能）、量子、神经形态、后CMOS计算等。；关键词：电子设计自动化；逻辑综合；验证；物理设计；3D IC；硬件安全；低功耗计算；AI集成；量子计算；后CMOS计算,https://iccad2026.hotcrp.com/,"explores the full spectrum of electronic design automation, extending from device-level physics to system-level architec",high,ok,2026-07-30T12:11:54+00:00
th_cpl,清华大学计算机学科群推荐学术会议和期刊列表（TH-CPL）,TH-CPL.csv,2019,conference,"IEEE/ACM International Symposium on Cluster, Cloud and Grid Computing",高性能计算；High Performance Computing,CCGRID,,,,,,高性能计算,High Performance Computing,B,17,,,,2,,,,,,,,,,,,,,,,,,,,,,,,,,,,,,,,,,,,,,,,,,,,,涵盖分布式系统与应用的广泛领域，包括硬件架构、软件系统、可持续计算、性能优化、安全隐私、AI/ML系统等。；关键词：分布式系统；高性能计算；云计算；边缘计算；可持续计算；AI/ML系统；安全与隐私,https://ccgrid2026.org/cfp.html,"We invite original, high-quality papers that address fundamental research and emerging challenges across a broad spectru",high,ok,2026-07-30T12:11:54+00:00
th_cpl,清华大学计算机学科群推荐学术会议和期刊列表（TH-CPL）,TH-CPL.csv,2019,conference,Hot Chips: A Symposium on High Performance Chips,高性能计算；High Performance Computing,HOT CHIPS,,,,,,高性能计算,High Performance Computing,B,18,,,,2,,,,,,,,,,,,,,,,,,,,,,,,,,,,,,,,,,,,,,,,,,,,,,,,,no_candidate_pages,2026-07-30T12:14:55+00:00
th_cpl,清华大学计算机学科群推荐学术会议和期刊列表（TH-CPL）,TH-CPL.csv,2019,conference,IEEE International Conference on Cluster Computing,高性能计算；High Performance Computing,CLUSTER,,,,,,高性能计算,High Performance Computing,B,19,,,,2,,,,,,,,,,,,,,,,,,,,,,,,,,,,,,,,,,,,,,,,,,,,,,,,,no_candidate_pages,2026-07-30T12:14:58+00:00
th_cpl,清华大学计算机学科群推荐学术会议和期刊列表（TH-CPL）,TH-CPL.csv,2019,conference,Asia and South Pacific Design Automation Conference,高性能计算；High Performance Computing,ASP-DAC,,,,,,高性能计算,High Performance Computing,B,20,,,,2,,,,,,,,,,,,,,,,,,,,,,,,,,,,,,,,,,,,,,,,,,,,,涵盖VLSI设计自动化全流程，包括系统级建模、嵌入式/CPS/IoT、存储与近存计算、AI工具与硬件、光/射频/模拟混合信号、近似与神经形态计算、逻辑综合、物理设计、可制造性/低功耗、测试验证、硬件安全、新兴器件与应用等13个主题。；关键词：VLSI设计自动化；EDA；AI硬件加速；物理设计；低功耗设计；硬件安全；新兴器件,https://www.aspdac.com/aspdac2027/cfp/,"Areas of Interest: Original papers in, but not limited to, the following areas are invited.",high,ok,2026-07-30T12:11:54+00:00
th_cpl,清华大学计算机学科群推荐学术会议和期刊列表（TH-CPL）,TH-CPL.csv,2019,conference,International Symposium on Low Power Electronics and Design,高性能计算；High Performance Computing,ISLPED,,,,,,高性能计算,High Performance Computing,B,21,,,,2,,,,,,,,,,,,,,,,,,,,,,,,,,,,,,,,,,,,,,,,,,,,,,,,,no_candidate_pages,2026-07-30T12:15:02+00:00
th_cpl,清华大学计算机学科群推荐学术会议和期刊列表（TH-CPL）,TH-CPL.csv,2019,conference,IEEE International Conference on Cloud Computing,高性能计算；High Performance Computing,,,,,,,高性能计算,High Performance Computing,B,22,,,,3,,,,,,,,,,,,,,,,,,,,,,,,,,,,,,,,,,,,,,,,,,,,,涵盖云架构与基础设施、云管理与运维、可持续云计算、云安全与隐私、新兴技术中的云计算（如AI/ML、边缘智能、IoT、数字孪生、量子计算、5G/6G、区块链）以及云经济学等XaaS全范式创新。；关键词：Cloud Architecture；Cloud Management；Sustainable Cloud；Cloud Security；AI/ML in Cloud；Edge Intelligence；IoT；Digital Twins；Quantum Computing；5G/6G；Blockchain；Cloud Economics,https://services.conferences.computer.org/2026/cloud/cloud-call-for-papers,Topics of interest include but are not limited to the following: Cloud Architecture and Infrastructure...,high,ok,2026-07-30T12:11:54+00:00
th_cpl,清华大学计算机学科群推荐学术会议和期刊列表（TH-CPL）,TH-CPL.csv,2019,conference,Real-Time Systems Symposium,高性能计算；High Performance Computing,RTSS,,,,,,高性能计算,High Performance Computing,B,23,,,,3,,,,,,,,,,,,,,,,,,,,,,,,,,,,,,,,,,,,,,,,,,,,,RTSS是实时系统领域的顶级会议，涵盖实时系统的理论、设计、分析、实现、验证、评估和实践经验，包括实时调度、时序分析、实时网络、AI与实时系统交叉等方向。；关键词：实时系统；调度算法；时序分析；实时网络；AI for 实时系统；嵌入式系统；形式化验证,https://2026.rtss.org/cfp/,The IEEE Real-Time Systems Symposium (RTSS) is the premier conference in the field of real-time systems,high,ok,2026-07-30T12:11:54+00:00
th_cpl,清华大学计算机学科群推荐学术会议和期刊列表（TH-CPL）,TH-CPL.csv,2019,conference,International Conference on Computer Design,高性能计算；High Performance Computing,ICCD,,,,,,高性能计算,High Performance Computing,B,24,,,,3,,,,,,,,,,,,,,,,,,,,,,,,,,,,,,,,,,,,,,,,,,,,,,,,,no_candidate_pages,2026-07-30T12:15:08+00:00
th_cpl,清华大学计算机学科群推荐学术会议和期刊列表（TH-CPL）,TH-CPL.csv,2019,conference,International Symposium on Circuits and Systems,高性能计算；High Performance Computing,ISCAS,,,,,,高性能计算,High Performance Computing,B,25,,,,3,superseded: TH-CPL 2019 历史征稿页，已由当前年度范围取代。,,,,,,,,,,,,,,,,,,,,,,,,,,,,,,,,,,,,,,,,,,,,电路与系统的理论、设计与实现，涵盖电路与系统领域的前沿研究，包括常规会议、特邀报告、现场演示、教程等，重点关注电路与系统在可持续社会中的应用。；关键词：电路理论；系统设计；电路实现；信号处理；可持续社会；电路与系统,https://www.iscas2019.org/,"已废止自动候选：TH-CPL 2019 历史征稿页，已由当前年度范围取代。 theory, design and implementation of circuits and systems",low,superseded,2026-07-30T12:15:24+00:00
th_cpl,清华大学计算机学科群推荐学术会议和期刊列表（TH-CPL）,TH-CPL.csv,2019,conference,International Symposium on Physical Design,高性能计算；High Performance Computing,ISPD,,,,,,高性能计算,High Performance Computing,B,26,,,,3,,,,,,,,,,,,,,,,,,,,,,,,,,,,,,,,,,,,,,,,,,,,,涵盖集成电路物理设计的各个方面，包括布图规划、分区、布局布线、时序与功耗优化、时钟与电源网络、可制造性设计、机器学习与硬件安全、3D IC、量子电路等新兴技术。；关键词：物理设计；布局布线；时序优化；功耗优化；可制造性设计；机器学习；硬件安全；3D IC；量子电路,https://easychair.org/cfp/ispd26,The International Symposium on Physical Design (ISPD) provides a premier forum to exchange ideas and promote innovative ,high,ok,2026-07-30T12:11:54+00:00
th_cpl,清华大学计算机学科群推荐学术会议和期刊列表（TH-CPL）,TH-CPL.csv,2019,conference,International Conference on Parallel Processing,高性能计算；High Performance Computing,ICPP,,,,,,高性能计算,High Performance Computing,B,27,,,,3,,,,,,,,,,,,,,,,,,,,,,,,,,,,,,,,,,,,,,,,,,,,,,,,,no_candidate_pages,2026-07-30T12:15:26+00:00
th_cpl,清华大学计算机学科群推荐学术会议和期刊列表（TH-CPL）,TH-CPL.csv,2019,conference,IEEE International Electron Devices Meeting,高性能计算；High Performance Computing,IEDM,,,,,,高性能计算,High Performance Computing,B,28,,,,3,,,,,,,,,,,,,,,,,,,,,,,,,,,,,,,,,,,,,,,,,,,,,,,,,no_candidate_pages,2026-07-30T12:15:30+00:00
th_cpl,清华大学计算机学科群推荐学术会议和期刊列表（TH-CPL）,TH-CPL.csv,2019,conference,International Solid-State Circuits Conference,高性能计算；High Performance Computing,ISSCC,,,,,,高性能计算,High Performance Computing,B,29,,,,3,,,,,,,,,,,,,,,,,,,,,,,,,,,,,,,,,,,,,,,,,,,,,,,,,no_candidate_pages,2026-07-30T12:15:32+00:00
th_cpl,清华大学计算机学科群推荐学术会议和期刊列表（TH-CPL）,TH-CPL.csv,2019,journal,ACM Transactions on Computer Systems,高性能计算；High Performance Computing,TOCS,,,,,,高性能计算,High Performance Computing,A,1,,,,3,,,,,,,,,,,,,,,,,,,,,,,,,,,,,,,,,,,,,,,,,,,,,,,bad_source_domain:jrank.net,low,untrusted_source_domain:jrank.net,2026-07-30T12:15:45+00:00
th_cpl,清华大学计算机学科群推荐学术会议和期刊列表（TH-CPL）,TH-CPL.csv,2019,journal,IEEE Transactions on Parallel and Distributed Systems,高性能计算；High Performance Computing,TPDS,,,,,,高性能计算,High Performance Computing,A,2,,,,3,,,,,,,,,,,,,,,,,,,,,,,,,,,,,,,,,,,,,,,,,,,,,,,,,no_candidate_pages,2026-07-30T12:15:48+00:00
th_cpl,清华大学计算机学科群推荐学术会议和期刊列表（TH-CPL）,TH-CPL.csv,2019,journal,IEEE Transactions on Computers,高性能计算；High Performance Computing,TC,,,,,,高性能计算,High Performance Computing,A,3,,,,3,,,,,,,,,,,,,,,,,,,,,,,,,,,,,,,,,,,,,,,,,,,,,,https://xplorestaging.ieee.org/xpl/aboutJournal.jsp?punumber=12,页面仅包含IEEE Xplore通用帮助和账户信息，无期刊范围或征稿内容,low,not_relevant,2026-07-30T12:15:59+00:00
th_cpl,清华大学计算机学科群推荐学术会议和期刊列表（TH-CPL）,TH-CPL.csv,2019,journal,IEEE Transactions On Computer-Aided Design Of Integrated Circuits And Systems,高性能计算；High Performance Computing,TCAD,,,,,,高性能计算,High Performance Computing,A,4,,,,3,,,,,,,,,,,,,,,,,,,,,,,,,,,,,,,,,,,,,,,,,,,,,,,,,no_candidate_pages,2026-07-30T12:16:02+00:00
th_cpl,清华大学计算机学科群推荐学术会议和期刊列表（TH-CPL）,TH-CPL.csv,2019,journal,ACM Transactions on Storage,高性能计算；High Performance Computing,TOS,,,,,,高性能计算,High Performance Computing,A,5,,,,3,,,,,,,,,,,,,,,,,,,,,,,,,,,,,,,,,,,,,,,,,,,,,,,,,no_candidate_pages,2026-07-30T12:16:06+00:00
th_cpl,清华大学计算机学科群推荐学术会议和期刊列表（TH-CPL）,TH-CPL.csv,2019,journal,ACM Transactions on Autonomous and Adaptive Systems,高性能计算；High Performance Computing,TAAS,,,,,,高性能计算,High Performance Computing,B,1,,,,3,,,,,,,,,,,,,,,,,,,,,,,,,,,,,,,,,,,,,,,,,,,,,,,,,no_candidate_pages,2026-07-30T12:16:12+00:00
th_cpl,清华大学计算机学科群推荐学术会议和期刊列表（TH-CPL）,TH-CPL.csv,2019,journal,Journal of Parallel and Distributed Computing,高性能计算；High Performance Computing,JPDC,,,,,,高性能计算,High Performance Computing,B,2,,,,3,,,,,,,,,,,,,,,,,,,,,,,,,,,,,,,,,,,,,,,,,,,,,,,,,no_candidate_pages,2026-07-30T12:16:15+00:00
th_cpl,清华大学计算机学科群推荐学术会议和期刊列表（TH-CPL）,TH-CPL.csv,2019,journal,IEEE Transactions on Very Large Scale Integration (VLSI) Systems,高性能计算；High Performance Computing,TVLSI,,,,,,高性能计算,High Performance Computing,B,3,,,,3,,,,,,,,,,,,,,,,,,,,,,,,,,,,,,,,,,,,,,,,,,,,,,,,,no_candidate_pages,2026-07-30T12:16:18+00:00
th_cpl,清华大学计算机学科群推荐学术会议和期刊列表（TH-CPL）,TH-CPL.csv,2019,journal,ACM Transactions on Architecture and Code Optimization,高性能计算；High Performance Computing,TACO,,,,,,高性能计算,High Performance Computing,B,4,,,,3,,,,,,,,,,,,,,,,,,,,,,,,,,,,,,,,,,,,,,,,,,,,,,,,,no_candidate_pages,2026-07-30T12:16:22+00:00
th_cpl,清华大学计算机学科群推荐学术会议和期刊列表（TH-CPL）,TH-CPL.csv,2019,journal,Parallel Computing,高性能计算；High Performance Computing,PARCO,,,,,,高性能计算,High Performance Computing,B,5,,,,3,,,,,,,,,,,,,,,,,,,,,,,,,,,,,,,,,,,,,,,,,,,,,,,,,no_candidate_pages,2026-07-30T12:16:27+00:00
th_cpl,清华大学计算机学科群推荐学术会议和期刊列表（TH-CPL）,TH-CPL.csv,2019,journal,IEEE Transactions on Cloud Computing,高性能计算；High Performance Computing,TCC,,,,,,高性能计算,High Performance Computing,B,6,,,,3,,,,,,,,,,,,,,,,,,,,,,,,,,,,,,,,,,,,,,,,,,,,,,,,,no_candidate_pages,2026-07-30T12:16:31+00:00
th_cpl,清华大学计算机学科群推荐学术会议和期刊列表（TH-CPL）,TH-CPL.csv,2019,journal,ACM Journal on Emerging Technologies in Computing Systems,高性能计算；High Performance Computing,JETC,,,,,,高性能计算,High Performance Computing,B,7,,,,3,,,,,,,,,,,,,,,,,,,,,,,,,,,,,,,,,,,,,,,,,,,,,,,,,no_candidate_pages,2026-07-30T12:16:35+00:00
th_cpl,清华大学计算机学科群推荐学术会议和期刊列表（TH-CPL）,TH-CPL.csv,2019,journal,Cluster Computing,高性能计算；High Performance Computing,,,,,,,高性能计算,High Performance Computing,B,8,,,,3,,,,,,,,,,,,,,,,,,,,,,,,,,,,,,,,,,,,,,,,,,,,,,,,,no_candidate_pages,2026-07-30T12:16:39+00:00
th_cpl,清华大学计算机学科群推荐学术会议和期刊列表（TH-CPL）,TH-CPL.csv,2019,conference,"ACM International Conference on the applications, technologies, architectures, and protocols for computer communication",计算机网络；Computer Networks,SIGCOMM,,,,,,计算机网络,Computer Networks,A,1,,,,3,,,,,,,,,,,,,,,,,,,,,,,,,,,,,,,,,,,,,,,,,,,,,,,,,no_candidate_pages,2026-07-30T12:16:45+00:00
th_cpl,清华大学计算机学科群推荐学术会议和期刊列表（TH-CPL）,TH-CPL.csv,2019,conference,Symposium on Network System Design and Implementation,计算机网络；Computer Networks,NSDI,,,,,,计算机网络,Computer Networks,A,2,,,,3,,,,,,,,,,,,,,,,,,,,,,,,,,,,,,,,,,,,,,,,,,,,,,,,,no_candidate_pages,2026-07-30T12:16:50+00:00
th_cpl,清华大学计算机学科群推荐学术会议和期刊列表（TH-CPL）,TH-CPL.csv,2019,conference,ACM International Conference on Mobile Computing and Networking,计算机网络；Computer Networks,MOBICOM,,,,,,计算机网络,Computer Networks,A,3,,,,3,,,,,,,,,,,,,,,,,,,,,,,,,,,,,,,,,,,,,,,,,,,,,,,,,no_candidate_pages,2026-07-30T12:16:55+00:00
th_cpl,清华大学计算机学科群推荐学术会议和期刊列表（TH-CPL）,TH-CPL.csv,2019,conference,"International Conference on Mobile Systems, Applications, and Services",计算机网络；Computer Networks,MobiSys,,,,,,计算机网络,Computer Networks,A,4,,,,4,,,,,,,,,,,,,,,,,,,,,,,,,,,,,,,,,,,,,,,,,,,,,,,,,no_candidate_pages,2026-07-30T12:17:02+00:00
th_cpl,清华大学计算机学科群推荐学术会议和期刊列表（TH-CPL）,TH-CPL.csv,2019,conference,Internet Measurement Conference,计算机网络；Computer Networks,IMC,,,,,,计算机网络,Computer Networks,A,5,,,,4,,,,,,,,,,,,,,,,,,,,,,,,,,,,,,,,,,,,,,,,,,,,,ACM互联网测量会议专注于互联网测量与分析，涵盖网络架构、协议、测量、运营、云与边缘系统、安全与隐私、数据驱动及AI驱动的网络方法。；关键词：互联网测量；网络分析；网络架构；协议；安全与隐私；数据驱动网络；AI驱动网络,http://www.sigcomm.org/events/imc-conference,The Internet Measurement Conference is an annual conference focusing on Internet measurement and analysis,high,ok,2026-07-30T12:11:54+00:00
th_cpl,清华大学计算机学科群推荐学术会议和期刊列表（TH-CPL）,TH-CPL.csv,2019,conference,International Conference on Information Processing in Sensor Networks,计算机网络；Computer Networks,IPSN,,,,,,计算机网络,Computer Networks,A,6,,,,4,,,,,,,,,,,,,,,,,,,,,,,,,,,,,,,,,,,,,,,,,,,,,,,,,no_candidate_pages,2026-07-30T12:17:05+00:00
th_cpl,清华大学计算机学科群推荐学术会议和期刊列表（TH-CPL）,TH-CPL.csv,2019,conference,ACM Conference on Embedded Networked Sensor Systems,计算机网络；Computer Networks,SenSys,,,,,,计算机网络,Computer Networks,A,7,,,,4,,,,,,,,,,,,,,,,,,,,,,,,,,,,,,,,,,,,,,,,,,,,,SenSys 2026征稿涵盖嵌入式人工智能、传感系统、物联网/信息物理系统，包括算法、应用、平台、安全、系统等方向，并接受经验类短文。；关键词：嵌入式人工智能；传感系统；物联网；信息物理系统；算法；应用；平台；安全；系统；经验,https://sensys.acm.org/2026/cfp.html,"SenSys 2026 welcomes original, high-impact research across embedded AI, sensing systems, and IoT/CPS.",high,ok,2026-07-30T12:11:54+00:00
th_cpl,清华大学计算机学科群推荐学术会议和期刊列表（TH-CPL）,TH-CPL.csv,2019,conference,IEEE International Conference on Computer Communications,计算机网络；Computer Networks,INFOCOM,,,,,,计算机网络,Computer Networks,A,8,,,,4,,,,,,,,,,,,,,,,,,,,,,,,,,,,,,,,,,,,,,,,,,,,,,,,,no_candidate_pages,2026-07-30T12:17:12+00:00
th_cpl,清华大学计算机学科群推荐学术会议和期刊列表（TH-CPL）,TH-CPL.csv,2019,conference,ACM International Conference on Emerging Networking Experiments and Technologies,计算机网络；Computer Networks,CoNEXT,,,,,,计算机网络,Computer Networks,A,9,,,,4,,,,,,,,,,,,,,,,,,,,,,,,,,,,,,,,,,,,,,,,,,,,,,,,,no_candidate_pages,2026-07-30T12:17:18+00:00
th_cpl,清华大学计算机学科群推荐学术会议和期刊列表（TH-CPL）,TH-CPL.csv,2019,conference,International Conference on Network Protocols,计算机网络；Computer Networks,ICNP,,,,,,计算机网络,Computer Networks,A,10,,,,4,,,,,,,,,,,,,,,,,,,,,,,,,,,,,,,,,,,,,,,,,,,,,,,,,no_candidate_pages,2026-07-30T12:17:21+00:00
th_cpl,清华大学计算机学科群推荐学术会议和期刊列表（TH-CPL）,TH-CPL.csv,2019,conference,International Symposium on Mobile Ad Hoc Networking and Computing,计算机网络；Computer Networks,MobiHoc,,,,,,计算机网络,Computer Networks,B,1,,,,4,,,,,,,,,,,,,,,,,,,,,,,,,,,,,,,,,,,,,,,,,,,,,,,,,no_candidate_pages,2026-07-30T12:17:27+00:00
th_cpl,清华大学计算机学科群推荐学术会议和期刊列表（TH-CPL）,TH-CPL.csv,2019,conference,The Workshop on Hot Topics in Networks,计算机网络；Computer Networks,HotNets,,,,,,计算机网络,Computer Networks,B,2,,,,4,,,,,,,,,,,,,,,,,,,,,,,,,,,,,,,,,,,,,,,,,,,,,涵盖安全、分布式系统、传感器网络、中间件、经济与管理等广泛网络主题，以及传统核心网络领域，征集早期创新性立场短文。；关键词：安全；分布式系统；传感器网络；中间件；经济与管理；核心网络；立场短文,http://www.sigcomm.org/events/hotnets-workshop,已废止自动候选：HotNets workshop，不是 CCF/TH-CPL 主会投稿轨范围。,low,superseded,2026-07-30T12:11:54+00:00
th_cpl,清华大学计算机学科群推荐学术会议和期刊列表（TH-CPL）,TH-CPL.csv,2019,conference,IEEE Global Communications Conference,计算机网络；Computer Networks,Globecom,,,,,,计算机网络,Computer Networks,B,3,,,,4,,,,,,,,,,,,,,,,,,,,,,,,,,,,,,,,,,,,,,,,,,,,,,,,,no_candidate_pages,2026-07-30T12:17:32+00:00
th_cpl,清华大学计算机学科群推荐学术会议和期刊列表（TH-CPL）,TH-CPL.csv,2019,conference,IEEE International Conference on Communications,计算机网络；Computer Networks,ICC,,,,,,计算机网络,Computer Networks,B,4,,,,4,,,,,,,,,,,,,,,,,,,,,,,,,,,,,,,,,,,,,,,,,,,,,,,,,no_candidate_pages,2026-07-30T12:17:36+00:00
th_cpl,清华大学计算机学科群推荐学术会议和期刊列表（TH-CPL）,TH-CPL.csv,2019,conference,International Workshop on Network and Operating System Support for Digital Audio and Video,计算机网络；Computer Networks,NOSSDAV,,,,,,计算机网络,Computer Networks,B,5,,,,4,,,,,,,,,,,,,,,,,,,,,,,,,,,,,,,,,,,,,,,,,,,,,,,,,no_candidate_pages,2026-07-30T12:17:40+00:00
th_cpl,清华大学计算机学科群推荐学术会议和期刊列表（TH-CPL）,TH-CPL.csv,2019,conference,IEEE Communications Society Conference on Sensor and Ad Hoc Communications and Networks,计算机网络；Computer Networks,SECON,,,,,,计算机网络,Computer Networks,B,6,,,,4,,,,,,,,,,,,,,,,,,,,,,,,,,,,,,,,,,,,,,,,,,,,,涵盖无线移动通信网络、传感与物联网、边缘智能、5G/6G、太赫兹通信、无人机通信、AI与机器学习、安全隐私、新型实验平台等前沿方向，强调跨学科创新研究。；关键词：无线通信；传感网络；物联网；边缘计算；5G/6G；太赫兹通信；无人机通信；AI与机器学习；安全与隐私；实验平台,http://secon2026.ieee-secon.org/call-papers,"The 22nd annual IEEE International Conference on Sensing, Communication and Networking (SECON) will provide a unique for",high,ok,2026-07-30T12:11:54+00:00
th_cpl,清华大学计算机学科群推荐学术会议和期刊列表（TH-CPL）,TH-CPL.csv,2019,conference,IFIP International Conferences on Networking,计算机网络；Computer Networks,Networking,,,,,,计算机网络,Computer Networks,B,7,,,,4,,,,,,,,,,,,,,,,,,,,,,,,,,,,,,,,,,,,,,,,,,,,,,,,,no_candidate_pages,2026-07-30T12:17:46+00:00
th_cpl,清华大学计算机学科群推荐学术会议和期刊列表（TH-CPL）,TH-CPL.csv,2019,conference,"IEEE International Symposium on a World of Wireless, Mobile and Multimedia Networks",计算机网络；Computer Networks,WoWMoM,,,,,,计算机网络,Computer Networks,B,8,,,,4,,,,,,,,,,,,,,,,,,,,,,,,,,,,,,,,,,,,,,,,,,,,,,,,,no_candidate_pages,2026-07-30T12:17:50+00:00
th_cpl,清华大学计算机学科群推荐学术会议和期刊列表（TH-CPL）,TH-CPL.csv,2019,conference,IEEE Wireless Communications & Networking Conference,计算机网络；Computer Networks,WCNC,,,,,,计算机网络,Computer Networks,B,9,,,,4,,,,,,,,,,,,,,,,,,,,,,,,,,,,,,,,,,,,,,,,,,,,,,,,,no_candidate_pages,2026-07-30T12:17:54+00:00
th_cpl,清华大学计算机学科群推荐学术会议和期刊列表（TH-CPL）,TH-CPL.csv,2019,conference,Architectures for Networking and Communications Systems,计算机网络；Computer Networks,ANCS,,,,,,计算机网络,Computer Networks,B,10,,,,4,,,,,,,,,,,,,,,,,,,,,,,,,,,,,,,,,,,,,,,,,,,,,,,,,no_candidate_pages,2026-07-30T12:18:00+00:00
th_cpl,清华大学计算机学科群推荐学术会议和期刊列表（TH-CPL）,TH-CPL.csv,2019,conference,International Workshop on Quality of Service,计算机网络；Computer Networks,IWQoS,,,,,,计算机网络,Computer Networks,B,11,,,,4,superseded: TH-CPL 2019 历史征稿页，已由当前年度范围取代。,,,,,,,,,,,,,,,,,,,,,,,,,,,,,,,,,,,,,,,,,,,,IWQoS涵盖通信与网络中的服务质量（QoS）相关研究，包括物联网、云计算、边缘计算、机器学习、人工智能、区块链、网络安全、软件定义网络、信息中心网络、移动与下一代蜂窝网络、网络测量与管理等理论与实验研究。；关键词：服务质量；QoS；物联网；云计算；机器学习；网络安全；软件定义网络；网络测量,https://iwqos2019.ieee-iwqos.org/authors/call-for-symposium-papers/index.html,已废止自动候选：TH-CPL 2019 历史征稿页，已由当前年度范围取代。 Topics of interest include QoS issues in (but not limited to) the following areas: QoS in Internet of Things (IoT) ...,low,superseded,2026-07-30T12:18:11+00:00
th_cpl,清华大学计算机学科群推荐学术会议和期刊列表（TH-CPL）,TH-CPL.csv,2019,conference,"The International Symposium on Modeling and Optimization in Mobile, Ad Hoc, and Wireless Networks",计算机网络；Computer Networks,WiOpt,,,,,,计算机网络,Computer Networks,B,12,,,,4,,,,,,,,,,,,,,,,,,,,,,,,,,,,,,,,,,,,,,,,,,,,,,,,,no_candidate_pages,2026-07-30T12:18:18+00:00
th_cpl,清华大学计算机学科群推荐学术会议和期刊列表（TH-CPL）,TH-CPL.csv,2019,conference,ACM Conference on Information Centric Networking,计算机网络；Computer Networks,ICN,,,,,,计算机网络,Computer Networks,B,13,,,,4,,,,,,,,,,,,,,,,,,,,,,,,,,,,,,,,,,,,,,,,,,,,,,,,,no_candidate_pages,2026-07-30T12:18:21+00:00
th_cpl,清华大学计算机学科群推荐学术会议和期刊列表（TH-CPL）,TH-CPL.csv,2019,conference,International Conference on Network and Service Management,计算机网络；Computer Networks,CNSM,,,,,,计算机网络,Computer Networks,B,14,,,,4,,,,,,,,,,,,,,,,,,,,,,,,,,,,,,,,,,,,,,,,,,,,,,,,,no_candidate_pages,2026-07-30T12:18:25+00:00
th_cpl,清华大学计算机学科群推荐学术会议和期刊列表（TH-CPL）,TH-CPL.csv,2019,journal,IEEE Journal of Selected Areas in Communications,计算机网络；Computer Networks,JSAC,,,,,,计算机网络,Computer Networks,A,1,,,,4,,,,,,,,,,,,,,,,,,,,,,,,,,,,,,,,,,,,,,,,,,,,,,,,,no_candidate_pages,2026-07-30T12:18:28+00:00
th_cpl,清华大学计算机学科群推荐学术会议和期刊列表（TH-CPL）,TH-CPL.csv,2019,journal,IEEE Transactions on Mobile Computing,计算机网络；Computer Networks,TMC,,,,,,计算机网络,Computer Networks,A,2,,,,4,,,,,,,,,,,,,,,,,,,,,,,,,,,,,,,,,,,,,,,,,,,,,,https://xplorestaging.ieee.org/xpl/RecentIssue.jsp?punumber=7755,页面仅显示期刊主页框架，无具体范围或征稿信息,low,not_relevant,2026-07-30T12:18:38+00:00
th_cpl,清华大学计算机学科群推荐学术会议和期刊列表（TH-CPL）,TH-CPL.csv,2019,journal,IEEE/ACM Transactions on Networking,计算机网络；Computer Networks,TON,,,,,,计算机网络,Computer Networks,A,3,,,,4,,,,,,,,,,,,,,,,,,,,,,,,,,,,,,,,,,,,,,,,,,,,,,,,,no_candidate_pages,2026-07-30T12:18:44+00:00
th_cpl,清华大学计算机学科群推荐学术会议和期刊列表（TH-CPL）,TH-CPL.csv,2019,journal,IEEE Transactions on Communications,计算机网络；Computer Networks,TCOM,,,,,,计算机网络,Computer Networks,A,4,,,,4,,,,,,,,,,,,,,,,,,,,,,,,,,,,,,,,,,,,,,,,,,,,,,,,,no_candidate_pages,2026-07-30T12:18:47+00:00
th_cpl,清华大学计算机学科群推荐学术会议和期刊列表（TH-CPL）,TH-CPL.csv,2019,journal,IEEE Transactions on Wireless Communications,计算机网络；Computer Networks,TWC,,,,,,计算机网络,Computer Networks,B,1,,,,5,,,,,,,,,,,,,,,,,,,,,,,,,,,,,,,,,,,,,,,,,,,,,,,,,no_candidate_pages,2026-07-30T12:18:52+00:00
th_cpl,清华大学计算机学科群推荐学术会议和期刊列表（TH-CPL）,TH-CPL.csv,2019,journal,Wireless Networks,计算机网络；Computer Networks,,,,,,,计算机网络,Computer Networks,B,2,,,,5,,,,,,,,,,,,,,,,,,,,,,,,,,,,,,,,,,,,,,,,,,,,,,,,,no_candidate_pages,2026-07-30T12:18:57+00:00
th_cpl,清华大学计算机学科群推荐学术会议和期刊列表（TH-CPL）,TH-CPL.csv,2019,journal,ACM Transactions on Sensor Networks,计算机网络；Computer Networks,TOSN,,,,,,计算机网络,Computer Networks,B,3,,,,5,,,,,,,,,,,,,,,,,,,,,,,,,,,,,,,,,,,,,,,,,,,,,,,,,no_candidate_pages,2026-07-30T12:19:02+00:00
th_cpl,清华大学计算机学科群推荐学术会议和期刊列表（TH-CPL）,TH-CPL.csv,2019,journal,Journal of Network and Computer Applications,计算机网络；Computer Networks,,,,,,,计算机网络,Computer Networks,B,4,,,,5,,,,,,,,,,,,,,,,,,,,,,,,,,,,,,,,,,,,,,,,,,,,,,,,,no_candidate_pages,2026-07-30T12:19:06+00:00
th_cpl,清华大学计算机学科群推荐学术会议和期刊列表（TH-CPL）,TH-CPL.csv,2019,journal,Computer Networks,计算机网络；Computer Networks,CN,,,,,,计算机网络,Computer Networks,B,5,,,,5,,,,,,,,,,,,,,,,,,,,,,,,,,,,,,,,,,,,,,,,,,,,,,,,,no_candidate_pages,2026-07-30T12:19:14+00:00
th_cpl,清华大学计算机学科群推荐学术会议和期刊列表（TH-CPL）,TH-CPL.csv,2019,journal,Ad hoc Networks,计算机网络；Computer Networks,,,,,,,计算机网络,Computer Networks,B,6,,,,5,,,,,,,,,,,,,,,,,,,,,,,,,,,,,,,,,,,,,,,,,,,,,,,bad_source_domain:sciencedirectelsevier.com,low,untrusted_source_domain:sciencedirectelsevier.com,2026-07-30T12:19:29+00:00
th_cpl,清华大学计算机学科群推荐学术会议和期刊列表（TH-CPL）,TH-CPL.csv,2019,journal,IEEE Transactions on Network and Service Management,计算机网络；Computer Networks,TNSM,,,,,,计算机网络,Computer Networks,B,7,,,,5,,,,,,,,,,,,,,,,,,,,,,,,,,,,,,,,,,,,,,,,,,,,,,https://ieeexplore.ieee.org/xpl/aboutJournal.jsp?punumber=4275028,页面仅包含IEEE Xplore通用帮助和账户信息，无期刊范围描述,low,not_relevant,2026-07-30T12:19:37+00:00
th_cpl,清华大学计算机学科群推荐学术会议和期刊列表（TH-CPL）,TH-CPL.csv,2019,journal,Computer Communications,计算机网络；Computer Networks,CC,,,,,,计算机网络,Computer Networks,B,8,,,,5,,,,,,,,,,,,,,,,,,,,,,,,,,,,,,,,,,,,,,,,,,,,,,,bad_source_domain:sciencedirectelsevier.com,low,untrusted_source_domain:sciencedirectelsevier.com,2026-07-30T12:19:46+00:00
th_cpl,清华大学计算机学科群推荐学术会议和期刊列表（TH-CPL）,TH-CPL.csv,2019,journal,Mobile Networks & Applications,计算机网络；Computer Networks,MONET,,,,,,计算机网络,Computer Networks,B,9,,,,5,,,,,,,,,,,,,,,,,,,,,,,,,,,,,,,,,,,,,,,,,,,,,,,bad_source_domain:jrank.net,low,untrusted_source_domain:jrank.net,2026-07-30T12:19:59+00:00
th_cpl,清华大学计算机学科群推荐学术会议和期刊列表（TH-CPL）,TH-CPL.csv,2019,journal,"ACM Transactions on Multimedia Computing, Communications and Applications",计算机网络；Computer Networks,TOMCCAP,,,,,,计算机网络,Computer Networks,B,10,,,,5,,,,,,,,,,,,,,,,,,,,,,,,,,,,,,,,,,,,,,,,,,,,,,,,,no_candidate_pages,2026-07-30T12:20:02+00:00
th_cpl,清华大学计算机学科群推荐学术会议和期刊列表（TH-CPL）,TH-CPL.csv,2019,journal,ACM Transactions on Internet Technology,计算机网络；Computer Networks,TOIT,,,,,,计算机网络,Computer Networks,B,11,,,,5,,,,,,,,,,,,,,,,,,,,,,,,,,,,,,,,,,,,,,,,,,,,,,,,,no_candidate_pages,2026-07-30T12:20:08+00:00
th_cpl,清华大学计算机学科群推荐学术会议和期刊列表（TH-CPL）,TH-CPL.csv,2019,journal,IEEE Transactions on Vehicular Technology,计算机网络；Computer Networks,TVT,,,,,,计算机网络,Computer Networks,B,12,,,,5,,,,,,,,,,,,,,,,,,,,,,,,,,,,,,,,,,,,,,,,,,,,,,,,,no_candidate_pages,2026-07-30T12:20:13+00:00
th_cpl,清华大学计算机学科群推荐学术会议和期刊列表（TH-CPL）,TH-CPL.csv,2019,journal,IEEE Transactions on Aerospace and Electronic Systems,计算机网络；Computer Networks,,,,,,,计算机网络,Computer Networks,B,13,,,,5,,,,,,,,,,,,,,,,,,,,,,,,,,,,,,,,,,,,,,,,,,,,,,,,,no_candidate_pages,2026-07-30T12:20:20+00:00
th_cpl,清华大学计算机学科群推荐学术会议和期刊列表（TH-CPL）,TH-CPL.csv,2019,journal,IEEE Internet of Things Journal,计算机网络；Computer Networks,,,,,,,计算机网络,Computer Networks,B,14,,,,5,,,,,,,,,,,,,,,,,,,,,,,,,,,,,,,,,,,,,,,,,,,,,,,,,no_candidate_pages,2026-07-30T12:20:29+00:00
th_cpl,清华大学计算机学科群推荐学术会议和期刊列表（TH-CPL）,TH-CPL.csv,2019,journal,通信学报,计算机网络；Computer Networks,,,,,,,计算机网络,Computer Networks,B,15,,,,5,,,,,,,,,,,,,,,,,,,,,,,,,,,,,,,,,,,,,,,,,,,,,,,,,no_candidate_pages,2026-07-30T12:20:33+00:00
th_cpl,清华大学计算机学科群推荐学术会议和期刊列表（TH-CPL）,TH-CPL.csv,2019,conference,IEEE Symposium on Security and Privacy,网络与信息安全；Network and Information Security,S&P,,,,,,网络与信息安全,Network and Information Security,A,1,,,,5,,,,,,,,,,,,,,,,,,,,,,,,,,,,,,,,,,,,,,,,,,,,,,,,,no_candidate_pages,2026-07-30T12:20:39+00:00
th_cpl,清华大学计算机学科群推荐学术会议和期刊列表（TH-CPL）,TH-CPL.csv,2019,conference,ISOC Network and Distributed System Security Symposium,网络与信息安全；Network and Information Security,NDSS,,,,,,网络与信息安全,Network and Information Security,A,2,,,,5,,,,,,,,,,,,,,,,,,,,,,,,,,,,,,,,,,,,,,,,,,,,,,,,,no_candidate_pages,2026-07-30T12:20:44+00:00
th_cpl,清华大学计算机学科群推荐学术会议和期刊列表（TH-CPL）,TH-CPL.csv,2019,conference,Usenix Security Symposium,网络与信息安全；Network and Information Security,USENIX Security,,,,,,网络与信息安全,Network and Information Security,A,3,,,,5,,,,,,,,,,,,,,,,,,,,,,,,,,,,,,,,,,,,,,,,,,,,,,,,,no_candidate_pages,2026-07-30T12:20:47+00:00
th_cpl,清华大学计算机学科群推荐学术会议和期刊列表（TH-CPL）,TH-CPL.csv,2019,conference,ACM Conference on Computer and Communications Security,网络与信息安全；Network and Information Security,CCS,,,,,,网络与信息安全,Network and Information Security,A,4,,,,5,,,,,,,,,,,,,,,,,,,,,,,,,,,,,,,,,,,,,,,,,,,,,,,,,no_candidate_pages,2026-07-30T12:20:51+00:00
th_cpl,清华大学计算机学科群推荐学术会议和期刊列表（TH-CPL）,TH-CPL.csv,2019,conference,European Cryptology Conference,网络与信息安全；Network and Information Security,EUROCRYPT,,,,,,网络与信息安全,Network and Information Security,A,5,,,,5,,,,,,,,,,,,,,,,,,,,,,,,,,,,,,,,,,,,,,,,,,,,,涵盖密码学基础理论、密码原语与协议的设计与分析、安全实现与优化、应用密码学等所有IACR领域会议主题。；关键词：密码学理论；密码原语与协议；安全实现；应用密码学,https://eurocrypt.iacr.org/2026/callforpapers.php,"Original research papers are welcomed on any cryptographic topic, including but not limited to: foundational theory and ",high,ok,2026-07-30T12:11:54+00:00
th_cpl,清华大学计算机学科群推荐学术会议和期刊列表（TH-CPL）,TH-CPL.csv,2019,conference,International Cryptology Conference,网络与信息安全；Network and Information Security,CRYPTO,,,,,,网络与信息安全,Network and Information Security,A,6,,,,5,,,,,,,,,,,,,,,,,,,,,,,,,,,,,,,,,,,,,,,,,,,,,,,,,no_candidate_pages,2026-07-30T12:20:56+00:00
th_cpl,清华大学计算机学科群推荐学术会议和期刊列表（TH-CPL）,TH-CPL.csv,2019,conference,International Conference on Cryptographic Hardware and Embedded Systems,网络与信息安全；Network and Information Security,CHES,,,,,,网络与信息安全,Network and Information Security,A,7,,,,5,,,,,,,,,,,,,,,,,,,,,,,,,,,,,,,,,,,,,,,,,,,,,,,,,no_candidate_pages,2026-07-30T12:21:00+00:00
th_cpl,清华大学计算机学科群推荐学术会议和期刊列表（TH-CPL）,TH-CPL.csv,2019,conference,International Conference on the Theory and Application of Cryptology and Information Security,网络与信息安全；Network and Information Security,ASIACRYPT,,,,,,网络与信息安全,Network and Information Security,A,8,,,,5,,,,,,,,,,,,,,,,,,,,,,,,,,,,,,,,,,,,,,,,,,,,,,,,,no_candidate_pages,2026-07-30T12:21:03+00:00
th_cpl,清华大学计算机学科群推荐学术会议和期刊列表（TH-CPL）,TH-CPL.csv,2019,conference,Symposium On Usable Privacy and Security,网络与信息安全；Network and Information Security,SOUPS,,,,,,网络与信息安全,Network and Information Security,B,1,,,,5,,,,,,,,,,,,,,,,,,,,,,,,,,,,,,,,,,,,,,,,,,,,,征集人机交互、安全与隐私交叉领域未发表的原创研究，涵盖可用性评估、安全功能设计、实地研究、纵向研究、管理员/开发者支持、组织政策影响、伦理心理社会视角、特定领域（如物联网、医疗）的可用安全隐私方案、知识系统化论文及重复验证研究。；关键词：usable privacy；usable security；human-computer interaction；security；privacy；usability evaluation；field studies；longitudinal studies；systematization of knowledge；replication studies,https://soups.page/cfp.html,We invite authors to submit previously unpublished papers describing research or experience in all areas of usable priva,high,ok,2026-07-30T12:11:54+00:00
th_cpl,清华大学计算机学科群推荐学术会议和期刊列表（TH-CPL）,TH-CPL.csv,2019,conference,Financial Cryptography and Data Security,网络与信息安全；Network and Information Security,FC,,,,,,网络与信息安全,Network and Information Security,B,2,,,,5,,,,,,,,,,,,,,,,,,,,,,,,,,,,,,,,,,,,,,,,,,,,,,,,,no_candidate_pages,2026-07-30T12:21:08+00:00
th_cpl,清华大学计算机学科群推荐学术会议和期刊列表（TH-CPL）,TH-CPL.csv,2019,conference,Privacy Enhancing Technologies Symposium,网络与信息安全；Network and Information Security,PETS,,,,,,网络与信息安全,Network and Information Security,B,3,,,,5,,,,,,,,,,,,,,,,,,,,,,,,,,,,,,,,,,,,,,,,,,,,,PETS涵盖隐私增强技术的设计、分析、实验和部署，包括匿名通信、差分隐私、机器学习隐私、位置隐私、加密工具、可用性、经济学、法律等跨学科研究。；关键词：隐私增强技术；匿名通信；差分隐私；机器学习隐私；位置隐私；加密工具；可用性；经济学；法律；跨学科,https://www.petsymposium.org/cfp19.php,Suggested topics include but are not restricted to: Behavioural targeting...,high,ok,2026-07-30T12:21:26+00:00
th_cpl,清华大学计算机学科群推荐学术会议和期刊列表（TH-CPL）,TH-CPL.csv,2019,conference,Theory of Cryptography Conference,网络与信息安全；Network and Information Security,TCC,,,,,,网络与信息安全,Network and Information Security,B,4,,,,5,,,,,,,,,,,,,,,,,,,,,,,,,,,,,,,,,,,,,,,,,,,,,,,,,no_candidate_pages,2026-07-30T12:21:30+00:00
th_cpl,清华大学计算机学科群推荐学术会议和期刊列表（TH-CPL）,TH-CPL.csv,2019,conference,International Workshop on Practice and Theory in Public Key Cryptography,网络与信息安全；Network and Information Security,PKC,,,,,,网络与信息安全,Network and Information Security,B,5,,,,6,,,,,,,,,,,,,,,,,,,,,,,,,,,,,,,,,,,,,,,,,,,,,,,,,no_candidate_pages,2026-07-30T12:21:33+00:00
th_cpl,清华大学计算机学科群推荐学术会议和期刊列表（TH-CPL）,TH-CPL.csv,2019,conference,Detection of Intrusions and Malware & Vulnerability Assessment,网络与信息安全；Network and Information Security,DIMVA,,,,,,网络与信息安全,Network and Information Security,B,6,,,,6,,,,,,,,,,,,,,,,,,,,,,,,,,,,,,,,,,,,,,,,,,,,,,,,,no_candidate_pages,2026-07-30T12:21:38+00:00
th_cpl,清华大学计算机学科群推荐学术会议和期刊列表（TH-CPL）,TH-CPL.csv,2019,conference,IEEE Computer Security Foundations Workshop,网络与信息安全；Network and Information Security,CSFW,,,,,,网络与信息安全,Network and Information Security,B,7,,,,6,,,,,,,,,,,,,,,,,,,,,,,,,,,,,,,,,,,,,,,,,,,,,,,,,no_candidate_pages,2026-07-30T12:21:42+00:00
th_cpl,清华大学计算机学科群推荐学术会议和期刊列表（TH-CPL）,TH-CPL.csv,2019,conference,Fast Software Encryption,网络与信息安全；Network and Information Security,FSE,,,,,,网络与信息安全,Network and Information Security,B,8,,,,6,,,,,,,,,,,,,,,,,,,,,,,,,,,,,,,,,,,,,,,,,,,,,,,,,no_candidate_pages,2026-07-30T12:21:46+00:00
th_cpl,清华大学计算机学科群推荐学术会议和期刊列表（TH-CPL）,TH-CPL.csv,2019,conference,European Symposium on Research in Computer Security,网络与信息安全；Network and Information Security,ESORICS,,,,,,网络与信息安全,Network and Information Security,B,9,,,,6,,,,,,,,,,,,,,,,,,,,,,,,,,,,,,,,,,,,,,,,,,,,,该会议涵盖计算机安全领域的各个方面，包括但不限于安全协议、网络安全、密码学、系统安全、隐私保护等，每年接收大量论文并出版多卷论文集。；关键词：计算机安全；网络安全；密码学；系统安全；隐私保护；安全协议,https://link.springer.com/conference/esorics,Computer Security – ESORICS 2025 100 Papers 4 Volumes,high,ok,2026-07-30T12:11:54+00:00
th_cpl,清华大学计算机学科群推荐学术会议和期刊列表（TH-CPL）,TH-CPL.csv,2019,conference,The International Conference on Dependable Systems and Networks,网络与信息安全；Network and Information Security,DSN,,,,,,网络与信息安全,Network and Information Security,B,10,,,,6,,,,,,,,,,,,,,,,,,,,,,,,,,,,,,,,,,,,,,,,,,,,,,,,,no_candidate_pages,2026-07-30T12:21:50+00:00
th_cpl,清华大学计算机学科群推荐学术会议和期刊列表（TH-CPL）,TH-CPL.csv,2019,conference,International Symposium on Recent Advances in Intrusion Detection,网络与信息安全；Network and Information Security,RAID,,,,,,网络与信息安全,Network and Information Security,B,11,,,,6,,,,,,,,,,,,,,,,,,,,,,,,,,,,,,,,,,,,,,,,,,,,,,,,,no_candidate_pages,2026-07-30T12:21:57+00:00
th_cpl,清华大学计算机学科群推荐学术会议和期刊列表（TH-CPL）,TH-CPL.csv,2019,conference,IFIP/IEEE International Symposium on Integrated Network Management,网络与信息安全；Network and Information Security,IM,,,,,,网络与信息安全,Network and Information Security,B,12,,,,6,,,,,,,,,,,,,,,,,,,,,,,,,,,,,,,,,,,,,,,,,,,,,,,,,no_candidate_pages,2026-07-30T12:22:00+00:00
th_cpl,清华大学计算机学科群推荐学术会议和期刊列表（TH-CPL）,TH-CPL.csv,2019,conference,Cryptographer's Track at RSA Conference,网络与信息安全；Network and Information Security,CT-RSA,,,,,,网络与信息安全,Network and Information Security,B,13,,,,6,,,,,,,,,,,,,,,,,,,,,,,,,,,,,,,,,,,,,,,,,,,,,,,,,no_candidate_pages,2026-07-30T12:22:07+00:00
th_cpl,清华大学计算机学科群推荐学术会议和期刊列表（TH-CPL）,TH-CPL.csv,2019,conference,Annual Computer Security Applications Conference,网络与信息安全；Network and Information Security,ACSAC,,,,,,网络与信息安全,Network and Information Security,B,14,,,,6,superseded: TH-CPL 2019 历史征稿页，已由当前年度范围取代。,,,,,,,,,,,,,,,,,,,,,,,,,,,,,,,,,,,,,,,,,,,,ACSAC征稿涵盖应用安全的各个方面，特别鼓励提交关于提高信息系统安全性的实用成果、系统实施经验及经验教训的论文，主题包括但不限于网络安全、软件安全、工业控制系统安全、机器学习与智能网络安全等。；关键词：应用安全；信息系统安全；网络安全；软件安全；工业控制系统安全；机器学习安全；逆向工程；取证分析,https://www.acsac.org/2019/submissions/papers/,已废止自动候选：TH-CPL 2019 历史征稿页，已由当前年度范围取代。 We solicit papers offering novel contributions in any aspect of applied security.,low,superseded,2026-07-30T12:22:25+00:00
th_cpl,清华大学计算机学科群推荐学术会议和期刊列表（TH-CPL）,TH-CPL.csv,2019,conference,Passive and Active Network Measurement Conference,网络与信息安全；Network and Information Security,PAM,,,,,,网络与信息安全,Network and Information Security,B,15,,,,6,,,,,,,,,,,,,,,,,,,,,,,,,,,,,,,,,,,,,,,,,,,,,PAM会议关注网络和网络化系统的测量与分析，涵盖互联网、无线网络、云/边缘/数据中心测量、新兴架构、安全隐私、用户行为、虚拟化、传输层及可重复性研究等主题。；关键词：网络测量；数据分析；网络安全；用户行为；虚拟化；可重复性,https://pam2026.at/cfp/,The PAM conference brings together researchers and practitioners working on the measurement and analysis of networks and,high,ok,2026-07-30T12:11:54+00:00
th_cpl,清华大学计算机学科群推荐学术会议和期刊列表（TH-CPL）,TH-CPL.csv,2019,conference,Selected Areas in Cryptography,网络与信息安全；Network and Information Security,SAC,,,,,,网络与信息安全,Network and Information Security,B,16,,,,6,,,,,,,,,,,,,,,,,,,,,,,,,,,,,,,,,,,,,,,,,,,,,,,,,no_candidate_pages,2026-07-30T12:22:27+00:00
th_cpl,清华大学计算机学科群推荐学术会议和期刊列表（TH-CPL）,TH-CPL.csv,2019,conference,Asia Conference on Computer and Communications Security,网络与信息安全；Network and Information Security,AsiaCCS,,,,,,网络与信息安全,Network and Information Security,B,17,,,,6,,,,,,,,,,,,,,,,,,,,,,,,,,,,,,,,,,,,,,,,,,,,,,,,,no_candidate_pages,2026-07-30T12:22:33+00:00
th_cpl,清华大学计算机学科群推荐学术会议和期刊列表（TH-CPL）,TH-CPL.csv,2019,conference,ACM Conference on Security and Privacy in Wireless and Mobile Networks,网络与信息安全；Network and Information Security,WiSec,,,,,,网络与信息安全,Network and Information Security,B,18,,,,6,,,,,,,,,,,,,,,,,,,,,,,,,,,,,,,,,,,,,,,,,,,,,,,,,no_candidate_pages,2026-07-30T12:22:38+00:00
th_cpl,清华大学计算机学科群推荐学术会议和期刊列表（TH-CPL）,TH-CPL.csv,2019,conference,Applied Cryptography and Network Security,网络与信息安全；Network and Information Security,ACNS,,,,,,网络与信息安全,Network and Information Security,B,19,,,,6,,,,,,,,,,,,,,,,,,,,,,,,,,,,,,,,,,,,,,,,,,,,,ACNS 2019涵盖应用密码学、网络安全与隐私保护，包括访问控制、密码协议、区块链、云安全、物联网安全、入侵检测、恶意软件、移动/无线/5G安全等主题，注重学术研究与工业技术前沿。；关键词：应用密码学；网络安全；隐私保护；区块链；云安全；物联网安全；入侵检测；密码协议；移动安全；5G安全,https://8ar.ch/acns19/cfp/,"The conference seeks submissions presenting novel research on all technical aspects of applied cryptography, cyber secur",high,ok,2026-07-30T12:22:54+00:00
th_cpl,清华大学计算机学科群推荐学术会议和期刊列表（TH-CPL）,TH-CPL.csv,2019,conference,ACM Workshop on Information Hiding and Multimedia Security,网络与信息安全；Network and Information Security,IH&MMSec,,,,,,网络与信息安全,Network and Information Security,B,20,,,,6,,,,,,,,,,,,,,,,,,,,,,,,,,,,,,,,,,,,,,,,,,,,,,,,,no_candidate_pages,2026-07-30T12:23:00+00:00
th_cpl,清华大学计算机学科群推荐学术会议和期刊列表（TH-CPL）,TH-CPL.csv,2019,conference,IFIP International Information Security Conference,网络与信息安全；Network and Information Security,SEC,,,,,,网络与信息安全,Network and Information Security,B,21,,,,6,,,,,,,,,,,,,,,,,,,,,,,,,,,,,,,,,,,,,,,,,,,,,,,,,no_candidate_pages,2026-07-30T12:23:03+00:00
th_cpl,清华大学计算机学科群推荐学术会议和期刊列表（TH-CPL）,TH-CPL.csv,2019,conference,IEEE/IFIP Network Operations and Management Symposium,网络与信息安全；Network and Information Security,NOMS,,,,,,网络与信息安全,Network and Information Security,B,22,,,,6,,,,,,,,,,,,,,,,,,,,,,,,,,,,,,,,,,,,,,,,,,,,,,,,,no_candidate_pages,2026-07-30T12:23:06+00:00
th_cpl,清华大学计算机学科群推荐学术会议和期刊列表（TH-CPL）,TH-CPL.csv,2019,journal,IEEE Transactions on Information Forensics and Security,网络与信息安全；Network and Information Security,TIFS,,,,,,网络与信息安全,Network and Information Security,A,1,,,,6,,,,,,,,,,,,,,,,,,,,,,,,,,,,,,,,,,,,,,,,,,,,,,,,,no_candidate_pages,2026-07-30T12:23:10+00:00
th_cpl,清华大学计算机学科群推荐学术会议和期刊列表（TH-CPL）,TH-CPL.csv,2019,journal,Journal of Cryptology,网络与信息安全；Network and Information Security,,,,,,,网络与信息安全,Network and Information Security,A,2,,,,6,,,,,,,,,,,,,,,,,,,,,,,,,,,,,,,,,,,,,,,,,,,,,,,,,no_candidate_pages,2026-07-30T12:23:16+00:00
th_cpl,清华大学计算机学科群推荐学术会议和期刊列表（TH-CPL）,TH-CPL.csv,2019,journal,IEEE Transactions on Dependable and Secure Computing,网络与信息安全；Network and Information Security,TDSC,,,,,,网络与信息安全,Network and Information Security,A,3,,,,6,,,,,,,,,,,,,,,,,,,,,,,,,,,,,,,,,,,,,,,,,,,,,,https://ieeexplore.ieee.org/xpl/aboutJournal.jsp?punumber=8858,页面仅包含IEEE通用帮助和版权信息，无具体征稿范围,low,not_relevant,2026-07-30T12:23:24+00:00
th_cpl,清华大学计算机学科群推荐学术会议和期刊列表（TH-CPL）,TH-CPL.csv,2019,journal,Computers & Security,网络与信息安全；Network and Information Security,,,,,,,网络与信息安全,Network and Information Security,B,1,,,,6,,,,,,,,,,,,,,,,,,,,,,,,,,,,,,,,,,,,,,,,,,,,,,,,,no_candidate_pages,2026-07-30T12:23:27+00:00
th_cpl,清华大学计算机学科群推荐学术会议和期刊列表（TH-CPL）,TH-CPL.csv,2019,journal,Journal of Computer Security,网络与信息安全；Network and Information Security,JCS,,,,,,网络与信息安全,Network and Information Security,B,2,,,,6,,,,,,,,,,,,,,,,,,,,,,,,,,,,,,,,,,,,,,,,,,,,,,,,,no_candidate_pages,2026-07-30T12:23:32+00:00
th_cpl,清华大学计算机学科群推荐学术会议和期刊列表（TH-CPL）,TH-CPL.csv,2019,journal,ACM Transactions on Privacy and Security,网络与信息安全；Network and Information Security,TOPS,,,,,,网络与信息安全,Network and Information Security,B,3,,,,6,,,,,,,,,,,,,,,,,,,,,,,,,,,,,,,,,,,,,,,,,,,,,,,,,no_candidate_pages,2026-07-30T12:23:37+00:00
th_cpl,清华大学计算机学科群推荐学术会议和期刊列表（TH-CPL）,TH-CPL.csv,2019,journal,密码学报,网络与信息安全；Network and Information Security,,,,,,,网络与信息安全,Network and Information Security,B,4,,,,6,,,,,,,,,,,,,,,,,,,,,,,,,,,,,,,,,,,,,,,,,,,,,,,,,no_candidate_pages,2026-07-30T12:23:41+00:00
th_cpl,清华大学计算机学科群推荐学术会议和期刊列表（TH-CPL）,TH-CPL.csv,2019,conference,ACM Symposium on the Theory of Computing,理论计算机科学；Theoretical Computer Science,STOC,,,,,,理论计算机科学,Theoretical Computer Science,A,1,,,,7,,,,,,,,,,,,,,,,,,,,,,,,,,,,,,,,,,,,,,,,,,,,,STOC征稿涵盖理论计算机科学所有核心领域，包括算法与数据结构、计算复杂性、随机性、密码学、量子计算、机器学习理论、计算经济学等，并鼓励拓展理论计算机科学边界的交叉研究。；关键词：算法与数据结构；计算复杂性；密码学；量子计算；机器学习理论；计算经济学；随机性；近似算法；计算几何；计算生物学,https://acm-stoc.org/stoc2026/STOC-2026-CFP.html,Papers presenting new and original research on the theory of computation are sought.,high,ok,2026-07-30T12:11:54+00:00
th_cpl,清华大学计算机学科群推荐学术会议和期刊列表（TH-CPL）,TH-CPL.csv,2019,conference,IEEE Annual Symposium on Foundations of Computer Science,理论计算机科学；Theoretical Computer Science,FOCS,,,,,,理论计算机科学,Theoretical Computer Science,A,2,,,,7,,,,,,,,,,,,,,,,,,,,,,,,,,,,,,,,,,,,,,,,,,,,,FOCS征稿涵盖理论计算机科学广泛领域，包括算法、复杂性、密码学、量子计算、机器学习理论等，鼓励拓宽计算理论影响或提出重要问题的论文。；关键词：理论计算机科学；算法与数据结构；计算复杂性；密码学；量子计算；机器学习理论,https://sanjeevkhanna.org/FOCS2026_CFP.html,Papers presenting new and original research on theory of computation are sought.,high,ok,2026-07-30T12:11:54+00:00
th_cpl,清华大学计算机学科群推荐学术会议和期刊列表（TH-CPL）,TH-CPL.csv,2019,conference,ACM-SIAM Symposium on Discrete Algorithms,理论计算机科学；Theoretical Computer Science,SODA,,,,,,理论计算机科学,Theoretical Computer Science,A,3,,,,7,,,,,,,,,,,,,,,,,,,,,,,,,,,,,,,,,,,,,,,,,,,,,,,,,no_candidate_pages,2026-07-30T12:23:48+00:00
th_cpl,清华大学计算机学科群推荐学术会议和期刊列表（TH-CPL）,TH-CPL.csv,2019,conference,Computer Aided Verification,理论计算机科学；Theoretical Computer Science,CAV,,,,,,理论计算机科学,Theoretical Computer Science,A,4,,,,7,,,,,,,,,,,,,,,,,,,,,,,,,,,,,,,,,,,,,,,,,,,,,CAV致力于计算机辅助形式化分析方法在硬件与软件系统中的理论与实践的进步，涵盖从理论结果到具体应用的广泛范围，重点在于实用的验证工具及其实现所需的算法和技术，并扩展到机器学习、量子验证、自主系统和计算机安全等新领域。；关键词：形式化验证；模型检测；SAT/SMT；程序验证；硬件验证；并发系统验证；混合系统验证；抽象与组合技术；概率验证；形式化方法安全,http://conferences.i-cav.org/2026/cfp/,CAV 2026 is the 38th in a series dedicated to the advancement of the theory and practice of computer-aided formal analys,high,ok,2026-07-30T12:11:54+00:00
th_cpl,清华大学计算机学科群推荐学术会议和期刊列表（TH-CPL）,TH-CPL.csv,2019,conference,IEEE Symposium on Logic in Computer Science,理论计算机科学；Theoretical Computer Science,LICS,,,,,,理论计算机科学,Theoretical Computer Science,A,5,,,,7,,,,,,,,,,,,,,,,,,,,,,,,,,,,,,,,,,,,,,,,,,,,,,,,,no_candidate_pages,2026-07-30T12:23:52+00:00
th_cpl,清华大学计算机学科群推荐学术会议和期刊列表（TH-CPL）,TH-CPL.csv,2019,conference,IEEE Conference on Computational Complexity,理论计算机科学；Theoretical Computer Science,CCC,,,,,,理论计算机科学,Theoretical Computer Science,A,6,,,,7,,,,,,,,,,,,,,,,,,,,,,,,,,,,,,,,,,,,,,,,,,,,,,,,,no_candidate_pages,2026-07-30T12:23:58+00:00
th_cpl,清华大学计算机学科群推荐学术会议和期刊列表（TH-CPL）,TH-CPL.csv,2019,conference,"International Colloquium on Automata, Languages and Programming",理论计算机科学；Theoretical Computer Science,ICALP,,,,,,理论计算机科学,Theoretical Computer Science,A,7,,,,7,,,,,,,,,,,,,,,,,,,,,,,,,,,,,,,,,,,,,,,,,,,,,,,,,no_candidate_pages,2026-07-30T12:24:05+00:00
th_cpl,清华大学计算机学科群推荐学术会议和期刊列表（TH-CPL）,TH-CPL.csv,2019,conference,Theory and Applications of Satisfiability Testing,理论计算机科学；Theoretical Computer Science,SAT,,,,,,理论计算机科学,Theoretical Computer Science,B,1,,,,7,,,,,,,,,,,,,,,,,,,,,,,,,,,,,,,,,,,,,,,,,,,,,涵盖命题可满足性理论及应用的所有方面，包括布尔优化、QBF、SMT、模型计数、约束规划等，涉及理论、算法、工具、应用及案例研究。；关键词：命题可满足性；布尔优化；QBF；SMT；模型计数；约束规划；算法；知识编译；应用,https://satisfiability.org/SAT26/pages/cfp.html,Scope SAT is the premier annual meeting for researchers focusing on the theory and applications of propositional satisfi,high,ok,2026-07-30T12:11:54+00:00
th_cpl,清华大学计算机学科群推荐学术会议和期刊列表（TH-CPL）,TH-CPL.csv,2019,conference,International Conference on Automated Deduction/International Joint Conference on Automated Reasoning,理论计算机科学；Theoretical Computer Science,CADE/IJCAR,,,,,,理论计算机科学,Theoretical Computer Science,B,2,,,,7,,,,,,,,,,,,,,,,,,,,,,,,,,,,,,,,,,,,,,,,,,,,,,https://www.call4papers.cn/details/conferences/9244.html,页面仅显示导航栏，无会议范围或征稿信息,low,not_relevant,2026-07-30T12:24:10+00:00
th_cpl,清华大学计算机学科群推荐学术会议和期刊列表（TH-CPL）,TH-CPL.csv,2019,conference,ACM Symposium on Computational Geometry,理论计算机科学；Theoretical Computer Science,SoCG,,,,,,理论计算机科学,Theoretical Computer Science,B,3,,,,7,,,,,,,,,,,,,,,,,,,,,,,,,,,,,,,,,,,,,,,,,,,,,,,,,no_candidate_pages,2026-07-30T12:24:14+00:00
th_cpl,清华大学计算机学科群推荐学术会议和期刊列表（TH-CPL）,TH-CPL.csv,2019,conference,International Conference on Concurrency Theory,理论计算机科学；Theoretical Computer Science,CONCUR,,,,,,理论计算机科学,Theoretical Computer Science,B,4,,,,7,,,,,,,,,,,,,,,,,,,,,,,,,,,,,,,,,,,,,,,,,,,,,并发理论国际会议，涵盖并发系统的基础模型、逻辑、验证分析技术、分布式并行算法与数据结构、理论工具及实证评估。；关键词：并发理论；模型检测；进程代数；Petri网；分布式算法；形式化验证,https://confest-2026.github.io/concur/call-for-papers,"CONCUR solicits high quality papers reporting research results and/or experience related to semantics, logics, verificat",high,ok,2026-07-30T12:11:54+00:00
th_cpl,清华大学计算机学科群推荐学术会议和期刊列表（TH-CPL）,TH-CPL.csv,2019,conference,Symposium on Theoretical Aspects of Computer Science,理论计算机科学；Theoretical Computer Science,STACS,,,,,,理论计算机科学,Theoretical Computer Science,B,5,,,,7,,,,,,,,,,,,,,,,,,,,,,,,,,,,,,,,,,,,,,,,,,,,,,,,,no_candidate_pages,2026-07-30T12:24:16+00:00
th_cpl,清华大学计算机学科群推荐学术会议和期刊列表（TH-CPL）,TH-CPL.csv,2019,conference,European Symposium on Algorithms,理论计算机科学；Theoretical Computer Science,ESA,,,,,,理论计算机科学,Theoretical Computer Science,B,6,,,,7,,,,,,,,,,,,,,,,,,,,,,,,,,,,,,,,,,,,,,,,,,,,,,,,,no_candidate_pages,2026-07-30T12:24:19+00:00
th_cpl,清华大学计算机学科群推荐学术会议和期刊列表（TH-CPL）,TH-CPL.csv,2019,conference,Computer Science Logic,理论计算机科学；Theoretical Computer Science,CSL,,,,,,理论计算机科学,Theoretical Computer Science,B,7,,,,7,,,,,,,,,,,,,,,,,,,,,,,,,,,,,,,,,,,,,,,,,,,,,,,,,no_candidate_pages,2026-07-30T12:24:25+00:00
th_cpl,清华大学计算机学科群推荐学术会议和期刊列表（TH-CPL）,TH-CPL.csv,2019,conference,Formal Methods in Computer-Aided Design,理论计算机科学；Theoretical Computer Science,FMCAD,,,,,,理论计算机科学,Theoretical Computer Science,B,8,,,,7,,,,,,,,,,,,,,,,,,,,,,,,,,,,,,,,,,,,,,,,,,,,,FMCAD涵盖硬件与系统验证中形式化方法的理论与应用，包括模型检验、定理证明、等价性检查、抽象与约简、决策过程、综合与编译、形式语义、模型驱动设计、软硬件验证、安全关键系统、网络与分布式系统验证、AI系统形式验证及AI增强形式方法等。；关键词：形式化方法；硬件验证；系统验证；模型检验；定理证明；综合与编译；安全关键系统；AI验证,https://fmcad.org/FMCAD26/cfp/,FMCAD 2026 is the twenty-sixth edition in a series of conferences on the theory and applications of formal methods in ha,high,ok,2026-07-30T12:11:54+00:00
th_cpl,清华大学计算机学科群推荐学术会议和期刊列表（TH-CPL）,TH-CPL.csv,2019,conference,Innovations in Theoretical Computer Science,理论计算机科学；Theoretical Computer Science,ITCS/ICS,,,,,,理论计算机科学,Theoretical Computer Science,B,9,,,,7,,,,,,,,,,,,,,,,,,,,,,,,,,,,,,,,,,,,,,,,,,,,,,,,,no_candidate_pages,2026-07-30T12:24:31+00:00
th_cpl,清华大学计算机学科群推荐学术会议和期刊列表（TH-CPL）,TH-CPL.csv,2019,conference,Scandinavian Symposium and Workshops on Algorithm Theory/ the Algorithms and Data Structures Symposium,理论计算机科学；Theoretical Computer Science,SWAT/WADS,,,,,,理论计算机科学,Theoretical Computer Science,B,10,,,,7,,,,,,,,,,,,,,,,,,,,,,,,,,,,,,,,,,,,,,,,,,,,,,,,,no_candidate_pages,2026-07-30T12:24:37+00:00
th_cpl,清华大学计算机学科群推荐学术会议和期刊列表（TH-CPL）,TH-CPL.csv,2019,conference,IEEE International Symposium on Information Theory,理论计算机科学；Theoretical Computer Science,ISIT,,,,,,理论计算机科学,Theoretical Computer Science,B,11,,,,7,,,,,,,,,,,,,,,,,,,,,,,,,,,,,,,,,,,,,,,,,,,,,,,,,no_candidate_pages,2026-07-30T12:24:43+00:00
th_cpl,清华大学计算机学科群推荐学术会议和期刊列表（TH-CPL）,TH-CPL.csv,2019,journal,SIAM Journal on Computing,理论计算机科学；Theoretical Computer Science,SICOMP,,,,,,理论计算机科学,Theoretical Computer Science,A,1,,,,7,,,,,,,,,,,,,,,,,,,,,,,,,,,,,,,,,,,,,,,,,,,,,,,,,no_candidate_pages,2026-07-30T12:24:49+00:00
th_cpl,清华大学计算机学科群推荐学术会议和期刊列表（TH-CPL）,TH-CPL.csv,2019,journal,IEEE Transactions on Information Theory,理论计算机科学；Theoretical Computer Science,TIT,,,,,,理论计算机科学,Theoretical Computer Science,A,2,,,,7,,,,,,,,,,,,,,,,,,,,,,,,,,,,,,,,,,,,,,,,,,,,,,,,,no_candidate_pages,2026-07-30T12:24:55+00:00
th_cpl,清华大学计算机学科群推荐学术会议和期刊列表（TH-CPL）,TH-CPL.csv,2019,journal,ACM Transactions on Algorithms,理论计算机科学；Theoretical Computer Science,TALG,,,,,,理论计算机科学,Theoretical Computer Science,A,3,,,,7,,,,,,,,,,,,,,,,,,,,,,,,,,,,,,,,,,,,,,,,,,,,,,,,,no_candidate_pages,2026-07-30T12:25:01+00:00
th_cpl,清华大学计算机学科群推荐学术会议和期刊列表（TH-CPL）,TH-CPL.csv,2019,journal,Information and Computation,理论计算机科学；Theoretical Computer Science,IANDC,,,,,,理论计算机科学,Theoretical Computer Science,A,4,,,,7,,,,,,,,,,,,,,,,,,,,,,,,,,,,,,,,,,,,,,,,,,,,,,,,,no_candidate_pages,2026-07-30T12:25:07+00:00
th_cpl,清华大学计算机学科群推荐学术会议和期刊列表（TH-CPL）,TH-CPL.csv,2019,journal,ACM Transactions on Mathematical Software,理论计算机科学；Theoretical Computer Science,TOMS,,,,,,理论计算机科学,Theoretical Computer Science,B,1,,,,7,,,,,,,,,,,,,,,,,,,,,,,,,,,,,,,,,,,,,,,,,,,,,,,,,no_candidate_pages,2026-07-30T12:25:14+00:00
th_cpl,清华大学计算机学科群推荐学术会议和期刊列表（TH-CPL）,TH-CPL.csv,2019,journal,Journal of Computer and System Sciences,理论计算机科学；Theoretical Computer Science,JCSS,,,,,,理论计算机科学,Theoretical Computer Science,B,2,,,,7,,,,,,,,,,,,,,,,,,,,,,,,,,,,,,,,,,,,,,,,,,,,,,,,,no_candidate_pages,2026-07-30T12:25:20+00:00
th_cpl,清华大学计算机学科群推荐学术会议和期刊列表（TH-CPL）,TH-CPL.csv,2019,journal,Future Generation Computer Systems,理论计算机科学；Theoretical Computer Science,FGCS,,,,,,理论计算机科学,Theoretical Computer Science,B,3,,,,7,,,,,,,,,,,,,,,,,,,,,,,,,,,,,,,,,,,,,,,,,,,,,,,,,no_candidate_pages,2026-07-30T12:25:26+00:00
th_cpl,清华大学计算机学科群推荐学术会议和期刊列表（TH-CPL）,TH-CPL.csv,2019,journal,Algorithmica,理论计算机科学；Theoretical Computer Science,Algorithmica,,,,,,理论计算机科学,Theoretical Computer Science,B,4,,,,7,,,,,,,,,,,,,,,,,,,,,,,,,,,,,,,,,,,,,,,,,,,,,,,,,no_candidate_pages,2026-07-30T12:25:32+00:00
th_cpl,清华大学计算机学科群推荐学术会议和期刊列表（TH-CPL）,TH-CPL.csv,2019,journal,Computational complexity,理论计算机科学；Theoretical Computer Science,CC,,,,,,理论计算机科学,Theoretical Computer Science,B,5,,,,8,,,,,,,,,,,,,,,,,,,,,,,,,,,,,,,,,,,,,,,,,,,,,,,,,no_candidate_pages,2026-07-30T12:25:38+00:00
th_cpl,清华大学计算机学科群推荐学术会议和期刊列表（TH-CPL）,TH-CPL.csv,2019,journal,INFORMS Journal on Computing,理论计算机科学；Theoretical Computer Science,INFORMS,,,,,,理论计算机科学,Theoretical Computer Science,B,6,,,,8,,,,,,,,,,,,,,,,,,,,,,,,,,,,,,,,,,,,,,,,,,,,,,,,,no_candidate_pages,2026-07-30T12:25:44+00:00
th_cpl,清华大学计算机学科群推荐学术会议和期刊列表（TH-CPL）,TH-CPL.csv,2019,journal,ACM Transactions on Computational Logic,理论计算机科学；Theoretical Computer Science,TOCL,,,,,,理论计算机科学,Theoretical Computer Science,B,7,,,,8,,,,,,,,,,,,,,,,,,,,,,,,,,,,,,,,,,,,,,,,,,,,,,,,,no_candidate_pages,2026-07-30T12:25:50+00:00
th_cpl,清华大学计算机学科群推荐学术会议和期刊列表（TH-CPL）,TH-CPL.csv,2019,journal,Journal of Grid Computing,理论计算机科学；Theoretical Computer Science,JGC,,,,,,理论计算机科学,Theoretical Computer Science,B,8,,,,8,,,,,,,,,,,,,,,,,,,,,,,,,,,,,,,,,,,,,,,,,,,,,,,,,no_candidate_pages,2026-07-30T12:25:56+00:00
th_cpl,清华大学计算机学科群推荐学术会议和期刊列表（TH-CPL）,TH-CPL.csv,2019,journal,Formal Methods in System Design,理论计算机科学；Theoretical Computer Science,FMSD,,,,,,理论计算机科学,Theoretical Computer Science,B,9,,,,8,,,,,,,,,,,,,,,,,,,,,,,,,,,,,,,,,,,,,,,,,,,,,,,,,no_candidate_pages,2026-07-30T12:26:02+00:00
th_cpl,清华大学计算机学科群推荐学术会议和期刊列表（TH-CPL）,TH-CPL.csv,2019,journal,Journal of Global Optimization,理论计算机科学；Theoretical Computer Science,JGO,,,,,,理论计算机科学,Theoretical Computer Science,B,10,,,,8,,,,,,,,,,,,,,,,,,,,,,,,,,,,,,,,,,,,,,,,,,,,,,,,,no_candidate_pages,2026-07-30T12:26:09+00:00
th_cpl,清华大学计算机学科群推荐学术会议和期刊列表（TH-CPL）,TH-CPL.csv,2019,journal,Journal of Symbolic Computation,理论计算机科学；Theoretical Computer Science,JSC,,,,,,理论计算机科学,Theoretical Computer Science,B,11,,,,8,,,,,,,,,,,,,,,,,,,,,,,,,,,,,,,,,,,,,,,,,,,,,,,,,no_candidate_pages,2026-07-30T12:26:15+00:00
th_cpl,清华大学计算机学科群推荐学术会议和期刊列表（TH-CPL）,TH-CPL.csv,2019,journal,Formal Aspects of Computing,理论计算机科学；Theoretical Computer Science,FAC,,,,,,理论计算机科学,Theoretical Computer Science,B,12,,,,8,,,,,,,,,,,,,,,,,,,,,,,,,,,,,,,,,,,,,,,,,,,,,,,,,no_candidate_pages,2026-07-30T12:26:21+00:00
th_cpl,清华大学计算机学科群推荐学术会议和期刊列表（TH-CPL）,TH-CPL.csv,2019,journal,Theoretical Computer Science,理论计算机科学；Theoretical Computer Science,TCS,,,,,,理论计算机科学,Theoretical Computer Science,B,13,,,,8,,,,,,,,,,,,,,,,,,,,,,,,,,,,,,,,,,,,,,,,,,,,,,,,,no_candidate_pages,2026-07-30T12:26:27+00:00
th_cpl,清华大学计算机学科群推荐学术会议和期刊列表（TH-CPL）,TH-CPL.csv,2019,conference,USENIX Symposium on Operating Systems Design and Implementations,系统软件与软件工程；System Software and Software Engineering,OSDI,,,,,,系统软件与软件工程,System Software and Software Engineering,A,1,,,,8,superseded: OSDI 2010 历史征稿页，已由当前年度范围取代。,,,,,,,,,,,,,,,,,,,,,,,,,,,,,,,,,,,,,,,,,,,,OSDI征稿涵盖操作系统、文件与存储系统、分布式系统、移动系统、安全系统、嵌入式系统、虚拟化、网络与操作系统交互、软硬件协同等计算机系统领域的创新研究与设计实现。；关键词：操作系统；分布式系统；存储系统；虚拟化；移动系统；安全系统；嵌入式系统；网络；软硬件协同,https://www.usenix.org/legacy/events/osdi10/cfp/,已废止自动候选：OSDI 2010 历史征稿页，已由当前年度范围取代。 OSDI takes a broad view of the systems area and solicits contributions from many fields of systems practice,low,superseded,2026-07-30T12:11:54+00:00
th_cpl,清华大学计算机学科群推荐学术会议和期刊列表（TH-CPL）,TH-CPL.csv,2019,conference,International Conference on Software Engineering,系统软件与软件工程；System Software and Software Engineering,ICSE,,,,,,系统软件与软件工程,System Software and Software Engineering,A,2,,,,8,,,,,,,,,,,,,,,,,,,,,,,,,,,,,,,,,,,,,,,,,,,,,,,,,no_candidate_pages,2026-07-30T12:26:33+00:00
th_cpl,清华大学计算机学科群推荐学术会议和期刊列表（TH-CPL）,TH-CPL.csv,2019,conference,ACM Symposium on Operating Systems Principles,系统软件与软件工程；System Software and Software Engineering,SOSP,,,,,,系统软件与软件工程,System Software and Software Engineering,A,3,,,,8,,,,,,,,,,,,,,,,,,,,,,,,,,,,,,,,,,,,,,,,,,,,,SOSP征稿涵盖操作系统、文件与存储系统、分布式系统、云计算、移动与边缘系统、安全可靠系统、大数据与机器学习系统、嵌入式与实时系统、虚拟化、网络（与操作系统相关）以及复杂系统的管理与故障排除，并欢迎与计算机体系结构、网络、编程语言、分析、验证和数据库等领域的交叉研究。；关键词：操作系统；分布式系统；云计算；存储系统；安全可靠系统；机器学习系统；虚拟化；嵌入式系统；网络；系统软件,https://sigops.org/s/conferences/sosp/2026/cfp.html,"SOSP takes a broad view of systems and solicits contributions from many fields of systems practice, including: operating",high,ok,2026-07-30T12:11:54+00:00
th_cpl,清华大学计算机学科群推荐学术会议和期刊列表（TH-CPL）,TH-CPL.csv,2019,conference,ACM SIGPLAN-SIGACT Symposium on Principles of Programming Languages,系统软件与软件工程；System Software and Software Engineering,POPL,,,,,,系统软件与软件工程,System Software and Software Engineering,A,4,,,,8,,,,,,,,,,,,,,,,,,,,,,,,,,,,,,,,,,,,,,,,,,,,,该会议涵盖编程语言原理、程序分析、形式化验证、类型系统、编译优化、量子编程、安全编译等程序设计语言与软件工程核心领域。；关键词：编程语言原理；程序分析；形式化验证；类型系统；编译优化；量子编程；安全编译；软件工程,https://popl26.sigplan.org/track/POPL-2026-popl-research-papers#POPL-2026-Call-for-Papers,POPL 2026 Call for Papers 包含程序分析、形式化验证、类型系统等主题,high,ok,2026-07-30T12:11:54+00:00
th_cpl,清华大学计算机学科群推荐学术会议和期刊列表（TH-CPL）,TH-CPL.csv,2019,conference,ACM SIGPLAN Conference on Programming Language Design & Implementation,系统软件与软件工程；System Software and Software Engineering,PLDI,,,,,,系统软件与软件工程,System Software and Software Engineering,A,5,,,,8,,,,,,,,,,,,,,,,,,,,,,,,,,,,,,,,,,,,,,,,,,,,,,,,,no_candidate_pages,2026-07-30T12:26:39+00:00
th_cpl,清华大学计算机学科群推荐学术会议和期刊列表（TH-CPL）,TH-CPL.csv,2019,conference,ACM SIGSOFT Symposium on the Foundation of Software Engineering/ European Software Engineering Conference,系统软件与软件工程；System Software and Software Engineering,FSE/ESEC,,,,,,系统软件与软件工程,System Software and Software Engineering,A,6,,,,8,,,,,,,,,,,,,,,,,,,,,,,,,,,,,,,,,,,,,,,,,,,,,,,,,no_candidate_pages,2026-07-30T12:26:45+00:00
th_cpl,清华大学计算机学科群推荐学术会议和期刊列表（TH-CPL）,TH-CPL.csv,2019,conference,International Symposium on Software Testing and Analysis,系统软件与软件工程；System Software and Software Engineering,ISSTA,,,,,,系统软件与软件工程,System Software and Software Engineering,A,7,,,,8,,,,,,,,,,,,,,,,,,,,,,,,,,,,,,,,,,,,,,,,,,,,,,,,,no_candidate_pages,2026-07-30T12:26:51+00:00
th_cpl,清华大学计算机学科群推荐学术会议和期刊列表（TH-CPL）,TH-CPL.csv,2019,conference,"Conference on Object-Oriented Programming Systems, Languages, and Applications",系统软件与软件工程；System Software and Software Engineering,OOPSLA,,,,,,系统软件与软件工程,System Software and Software Engineering,A,8,,,,8,,,,,,,,,,,,,,,,,,,,,,,,,,,,,,,,,,,,,,,,,,,,,,,,,no_candidate_pages,2026-07-30T12:26:57+00:00
th_cpl,清华大学计算机学科群推荐学术会议和期刊列表（TH-CPL）,TH-CPL.csv,2019,conference,International Conference on Automated Software Engineering,系统软件与软件工程；System Software and Software Engineering,ASE,,,,,,系统软件与软件工程,System Software and Software Engineering,A,9,,,,8,,,,,,,,,,,,,,,,,,,,,,,,,,,,,,,,,,,,,,,,,,,,,,,,,no_candidate_pages,2026-07-30T12:27:04+00:00
th_cpl,清华大学计算机学科群推荐学术会议和期刊列表（TH-CPL）,TH-CPL.csv,2019,conference,Mining Software Repositories,系统软件与软件工程；System Software and Software Engineering,MSR,,,,,,系统软件与软件工程,System Software and Software Engineering,B,1,,,,8,,,,,,,,,,,,,,,,,,,,,,,,,,,,,,,,,,,,,,,,,,,,,,,,,no_candidate_pages,2026-07-30T12:27:11+00:00
th_cpl,清华大学计算机学科群推荐学术会议和期刊列表（TH-CPL）,TH-CPL.csv,2019,conference,"International Conference on Software Analysis, Evolution, and Reengineering",系统软件与软件工程；System Software and Software Engineering,SANER,,,,,,系统软件与软件工程,System Software and Software Engineering,B,2,,,,8,,,,,,,,,,,,,,,,,,,,,,,,,,,,,,,,,,,,,,,,,,,,,,,,,no_candidate_pages,2026-07-30T12:27:16+00:00
th_cpl,清华大学计算机学科群推荐学术会议和期刊列表（TH-CPL）,TH-CPL.csv,2019,conference,International Middleware Conference,系统软件与软件工程；System Software and Software Engineering,Middleware,,,,,,系统软件与软件工程,System Software and Software Engineering,B,3,,,,8,,,,,,,,,,,,,,,,,,,,,,,,,,,,,,,,,,,,,,,,,,,,,,,,,no_candidate_pages,2026-07-30T12:27:21+00:00
th_cpl,清华大学计算机学科群推荐学术会议和期刊列表（TH-CPL）,TH-CPL.csv,2019,conference,Evaluation and Assessment in Software Engineering,系统软件与软件工程；System Software and Software Engineering,EASE,,,,,,系统软件与软件工程,System Software and Software Engineering,B,4,,,,8,,,,,,,,,,,,,,,,,,,,,,,,,,,,,,,,,,,,,,,,,,,,,,,,,no_candidate_pages,2026-07-30T12:27:23+00:00
th_cpl,清华大学计算机学科群推荐学术会议和期刊列表（TH-CPL）,TH-CPL.csv,2019,conference,IEEE International Conference on Program Comprehension,系统软件与软件工程；System Software and Software Engineering,ICPC,,,,,,系统软件与软件工程,System Software and Software Engineering,B,5,,,,8,,,,,,,,,,,,,,,,,,,,,,,,,,,,,,,,,,,,,,,,,,,,,,,,,no_candidate_pages,2026-07-30T12:27:26+00:00
th_cpl,清华大学计算机学科群推荐学术会议和期刊列表（TH-CPL）,TH-CPL.csv,2019,conference,International Conference on Software Maintenance and Evolution,系统软件与软件工程；System Software and Software Engineering,ICSME,,,,,,系统软件与软件工程,System Software and Software Engineering,B,6,,,,8,,,,,,,,,,,,,,,,,,,,,,,,,,,,,,,,,,,,,,,,,,,,,,,,,no_candidate_pages,2026-07-30T12:27:29+00:00
th_cpl,清华大学计算机学科群推荐学术会议和期刊列表（TH-CPL）,TH-CPL.csv,2019,conference,IEEE International Symposium on Performance Analysis of Systems and Software,系统软件与软件工程；System Software and Software Engineering,ISPASS,,,,,,系统软件与软件工程,System Software and Software Engineering,B,7,,,,8,,,,,,,,,,,,,,,,,,,,,,,,,,,,,,,,,,,,,,,,,,,,,该会议征稿涵盖计算机系统与软件的性能分析方法，包括建模、模拟、工具、基准测试、能效分析、新兴硬件与工作负载（如深度学习、量子计算）等。；关键词：性能分析；建模与模拟；能效评估；硬件性能计数器；多核与加速器；存储系统；数据中心；深度学习；量子计算；基准测试；工具与优化,https://www.ispass.org/ispass2026/cfp.php,Papers are solicited in fields that include the following: Performance and efficiency evaluation methodologies...,high,ok,2026-07-30T12:11:54+00:00
th_cpl,清华大学计算机学科群推荐学术会议和期刊列表（TH-CPL）,TH-CPL.csv,2019,conference,European Conference on Object-Oriented Programming,系统软件与软件工程；System Software and Software Engineering,ECOOP,,,,,,系统软件与软件工程,System Software and Software Engineering,B,8,,,,8,,,,,,,,,,,,,,,,,,,,,,,,,,,,,,,,,,,,,,,,,,,,,,,,,no_candidate_pages,2026-07-30T12:27:33+00:00
th_cpl,清华大学计算机学科群推荐学术会议和期刊列表（TH-CPL）,TH-CPL.csv,2019,conference,"IEEE International Conference on Software Testing, Verification and Validation",系统软件与软件工程；System Software and Software Engineering,ICST,,,,,,系统软件与软件工程,System Software and Software Engineering,B,9,,,,9,,,,,,,,,,,,,,,,,,,,,,,,,,,,,,,,,,,,,,,,,,,,,涵盖软件测试、验证和确认的所有领域，包括新颖原创研究、案例研究和实证研究。；关键词：软件测试；验证；确认；案例研究；实证研究,https://conf.researchr.org/track/icst-2026/icst-2026-research#Call-for-Papers,"The Research Papers track of ICST 2026 invites high-quality submissions in all areas of software testing, verification, ",high,ok,2026-07-30T12:11:54+00:00
th_cpl,清华大学计算机学科群推荐学术会议和期刊列表（TH-CPL）,TH-CPL.csv,2019,conference,International Conference on Function Programming,系统软件与软件工程；System Software and Software Engineering,ICFP,,,,,,系统软件与软件工程,System Software and Software Engineering,B,10,,,,9,,,,,,,,,,,,,,,,,,,,,,,,,,,,,,,,,,,,,,,,,,,,,ICFP征稿涵盖函数式编程的艺术与科学，包括从原理到实践、从基础到特性、从抽象到应用的所有主题，涉及语言设计、实现、类型系统、程序验证、编译技术、概率编程、领域特定语言等广泛领域。；关键词：函数式编程；类型系统；程序验证；编译技术；语言设计；概率编程；领域特定语言；functional programming,https://icfp26.sigplan.org/track/icfp-2026-icfp-papers#Call-for-Papers,ICFP 2026 seeks original papers on the art and science of functional programming.,high,ok,2026-07-30T12:11:54+00:00
th_cpl,清华大学计算机学科群推荐学术会议和期刊列表（TH-CPL）,TH-CPL.csv,2019,conference,IEEE International Requirement Engineering Conference,系统软件与软件工程；System Software and Software Engineering,RE,,,,,,系统软件与软件工程,System Software and Software Engineering,B,11,,,,9,,,,,,,,,,,,,,,,,,,,,,,,,,,,,,,,,,,,,,,,,,,,,,,,,no_candidate_pages,2026-07-30T12:27:38+00:00
th_cpl,清华大学计算机学科群推荐学术会议和期刊列表（TH-CPL）,TH-CPL.csv,2019,conference,International Conference on Advanced Information Systems Engineering,系统软件与软件工程；System Software and Software Engineering,CAiSE,,,,,,系统软件与软件工程,System Software and Software Engineering,B,12,,,,9,,,,,,,,,,,,,,,,,,,,,,,,,,,,,,,,,,,,,,,,,,,,,CAiSE'26征稿主题涵盖信息系统工程的模型、方法和技术，包括本体工程、概念建模、需求工程、业务流程管理、低代码技术等，强调跨学科视角和持续变化环境下的系统再思考。；关键词：信息系统工程；概念建模；需求工程；业务流程管理；本体工程；低代码技术；过程挖掘；模型驱动工程,https://caise26.polimi.it/?page_id=60,"Topics of contribution include but are not limited to: Models, Methods and Techniques in IS Engineering",high,ok,2026-07-30T12:11:54+00:00
th_cpl,清华大学计算机学科群推荐学术会议和期刊列表（TH-CPL）,TH-CPL.csv,2019,conference,USENIX Workshop on Hot Topics in Operating Systems,系统软件与软件工程；System Software and Software Engineering,HotOS,,,,,,系统软件与软件工程,System Software and Software Engineering,B,13,,,,9,,,,,,,,,,,,,,,,,,,,,,,,,,,,,,,,,,,,,,,,,,,,,,,,,no_candidate_pages,2026-07-30T12:27:44+00:00
th_cpl,清华大学计算机学科群推荐学术会议和期刊列表（TH-CPL）,TH-CPL.csv,2019,conference,European Joint Conferences on Theory and Practice of Software,系统软件与软件工程；System Software and Software Engineering,ETAPS,,,,,,系统软件与软件工程,System Software and Software Engineering,B,14,,,,9,,,,,,,,,,,,,,,,,,,,,,,,,,,,,,,,,,,,,,,,,,,,,,,,,no_candidate_pages,2026-07-30T12:27:48+00:00
th_cpl,清华大学计算机学科群推荐学术会议和期刊列表（TH-CPL）,TH-CPL.csv,2019,conference,"International Conference on Verification, Model Checking, and Abstract Interpretation",系统软件与软件工程；System Software and Software Engineering,VMCAI,,,,,,系统软件与软件工程,System Software and Software Engineering,B,15,,,,9,,,,,,,,,,,,,,,,,,,,,,,,,,,,,,,,,,,,,,,,,,,,,VMCAI涵盖验证、模型检测和抽象解释领域，促进交叉融合与混合方法研究，包括静态分析、符号执行、神经网络验证、形式语义等。；关键词：验证；模型检测；抽象解释；静态分析；符号执行；形式语义；神经网络验证,https://conf.researchr.org/home/VMCAI-2026,"VMCAI provides a forum for researchers from the communities of Verification, Model Checking, and Abstract Interpretation",high,ok,2026-07-30T12:11:54+00:00
th_cpl,清华大学计算机学科群推荐学术会议和期刊列表（TH-CPL）,TH-CPL.csv,2019,conference,International Symposium on Software Reliability Engineering,系统软件与软件工程；System Software and Software Engineering,ISSRE,,,,,,系统软件与软件工程,System Software and Software Engineering,B,16,,,,9,,,,,,,,,,,,,,,,,,,,,,,,,,,,,,,,,,,,,,,,,,,,,ISSRE专注于软件可靠性、安全性和安全性的评估、预测与改进技术，涵盖故障预防、容错、度量、可靠性预测、开放源码软件可靠性、大数据软件可靠性、物联网、云、区块链等领域的软件可靠性。；关键词：软件可靠性；安全性；故障预防；容错；可靠性预测；开放源码软件；大数据；物联网；云；区块链,https://conference.researchbib.com/view/event/97478,"Topics of interest include development, analysis methods and models throughout the software development lifecycle",high,ok,2026-07-30T12:28:02+00:00
th_cpl,清华大学计算机学科群推荐学术会议和期刊列表（TH-CPL）,TH-CPL.csv,2019,conference,International Conference on Model Driven Engineering Languages and Systems,系统软件与软件工程；System Software and Software Engineering,MoDELS,,,,,,系统软件与软件工程,System Software and Software Engineering,B,17,,,,9,,,,,,,,,,,,,,,,,,,,,,,,,,,,,,,,,,,,,,,,,,,,,涵盖模型驱动工程的各个方面，包括建模语言基础、新范式（如低代码/数字孪生）、AI与建模结合、工具与仓库、质量保证、协同建模、教育、以及面向CPS、IoT、大数据、机器学习等新兴领域的应用。；关键词：模型驱动工程；建模语言；AI for modeling；数字孪生；低代码；质量保证；协同建模；CPS；IoT；机器学习,https://conf.researchr.org/track/models-2026/models-2026-nier#topics-of-interest,MODELS 2026 solicits submissions on a variety of topics related to modeling for software and systems engineering includi,high,ok,2026-07-30T12:11:54+00:00
th_cpl,清华大学计算机学科群推荐学术会议和期刊列表（TH-CPL）,TH-CPL.csv,2019,conference,International Symposium on Empirical Software Engineering and Measurement,系统软件与软件工程；System Software and Software Engineering,ESEM,,,,,,系统软件与软件工程,System Software and Software Engineering,B,18,,,,9,,,,,,,,,,,,,,,,,,,,,,,,,,,,,,,,,,,,,,,,,,,,,,,,,no_candidate_pages,2026-07-30T12:28:07+00:00
th_cpl,清华大学计算机学科群推荐学术会议和期刊列表（TH-CPL）,TH-CPL.csv,2019,conference,International Symposium on Formal Methods,系统软件与软件工程；System Software and Software Engineering,FM,,,,,,系统软件与软件工程,System Software and Software Engineering,B,19,,,,9,,,,,,,,,,,,,,,,,,,,,,,,,,,,,,,,,,,,,,,,,,,,,,,,,no_candidate_pages,2026-07-30T12:28:11+00:00
th_cpl,清华大学计算机学科群推荐学术会议和期刊列表（TH-CPL）,TH-CPL.csv,2019,conference,International Conference on Embedded Software,系统软件与软件工程；System Software and Software Engineering,EMSOFT,,,,,,系统软件与软件工程,System Software and Software Engineering,B,20,,,,9,,,,,,,,,,,,,,,,,,,,,,,,,,,,,,,,,,,,,,,,,,,,,EMSOFT是嵌入式软件领域的顶级会议，涵盖嵌入式软件设计、分析、验证、实时系统、多核处理器、嵌入式操作系统、安全、能效优化、形式化建模、测试验证等，以及汽车、航空、医疗等应用领域。；关键词：嵌入式软件；网络物理系统；实时系统；嵌入式操作系统；形式化验证；安全与隐私；能效优化；多核处理器,https://esweek.org/emsoft_cfp/,EMSOFT aims at advancing the science and engineering of embedded software,high,ok,2026-07-30T12:11:54+00:00
th_cpl,清华大学计算机学科群推荐学术会议和期刊列表（TH-CPL）,TH-CPL.csv,2019,conference,International Conference on Service Computing,系统软件与软件工程；System Software and Software Engineering,SCC,,,,,,系统软件与软件工程,System Software and Software Engineering,B,21,,,,9,,,,,,,,,,,,,,,,,,,,,,,,,,,,,,,,,,,,,,,,,,,,,,,,,no_candidate_pages,2026-07-30T12:28:14+00:00
th_cpl,清华大学计算机学科群推荐学术会议和期刊列表（TH-CPL）,TH-CPL.csv,2019,conference,International Conference on Web Services（Research Track）,系统软件与软件工程；System Software and Software Engineering,ICWS,,,,,,系统软件与软件工程,System Software and Software Engineering,B,22,,,,9,,,,,,,,,,,,,,,,,,,,,,,,,,,,,,,,,,,,,,,,,,,,,,,,,no_candidate_pages,2026-07-30T12:28:18+00:00
th_cpl,清华大学计算机学科群推荐学术会议和期刊列表（TH-CPL）,TH-CPL.csv,2019,conference,International Conference on Principles and Practice of Constraint Programming,系统软件与软件工程；System Software and Software Engineering,CP,,,,,,系统软件与软件工程,System Software and Software Engineering,B,23,,,,9,superseded: TH-CPL 2019 历史征稿页，已由当前年度范围取代。,,,,,,,,,,,,,,,,,,,,,,,,,,,,,,,,,,,,,,,,,,,,涵盖约束计算的理论、算法、环境、语言、模型、系统及应用，包括决策、资源分配、调度、配置和规划等。；关键词：约束计算；理论；算法；系统；应用；决策；资源分配；调度；配置；规划,https://cp2019.a4cp.org/,"已废止自动候选：TH-CPL 2019 历史征稿页，已由当前年度范围取代。 all aspects of computing with constraints, including theory, algorithms, environments, languages, models, systems, and a",low,superseded,2026-07-30T12:28:38+00:00
th_cpl,清华大学计算机学科群推荐学术会议和期刊列表（TH-CPL）,TH-CPL.csv,2019,conference,International Symposium on Automated Technology for Verification and Analysis,系统软件与软件工程；System Software and Software Engineering,ATVA,,,,,,系统软件与软件工程,System Software and Software Engineering,B,24,,,,9,superseded: TH-CPL 2019 历史征稿页，已由当前年度范围取代。,,,,,,,,,,,,,,,,,,,,,,,,,,,,,,,,,,,,,,,,,,,,ATVA 2019征稿涵盖硬件、软件和嵌入式系统的建模、规约与验证，包括程序分析、符号执行、实时/混合/概率系统分析、安全性与可靠性分析、测试与运行时分析、并行与并发系统验证、工业实践中的验证、硬件与软件综合、自动化工具支持等。；关键词：自动化验证；程序分析；形式化建模；实时系统；安全性；测试；工具支持,https://atva2019.iis.sinica.edu.tw/call-for-papers/,"已废止自动候选：TH-CPL 2019 历史征稿页，已由当前年度范围取代。 ATVA 2019 solicits high-quality submissions on, but not limited to, the following topics:",low,superseded,2026-07-30T12:28:50+00:00
th_cpl,清华大学计算机学科群推荐学术会议和期刊列表（TH-CPL）,TH-CPL.csv,2019,journal,IEEE Transactions on Software Engineering,系统软件与软件工程；System Software and Software Engineering,TSE,,,,,,系统软件与软件工程,System Software and Software Engineering,A,1,,,,9,,,,,,,,,,,,,,,,,,,,,,,,,,,,,,,,,,,,,,,,,,,,,,,,,no_candidate_pages,2026-07-30T12:28:54+00:00
th_cpl,清华大学计算机学科群推荐学术会议和期刊列表（TH-CPL）,TH-CPL.csv,2019,journal,ACM Transactions on Software Engineering and Methodology,系统软件与软件工程；System Software and Software Engineering,TOSEM,,,,,,系统软件与软件工程,System Software and Software Engineering,A,2,,,,9,,,,,,,,,,,,,,,,,,,,,,,,,,,,,,,,,,,,,,,,,,,,,,,,,no_candidate_pages,2026-07-30T12:28:58+00:00
th_cpl,清华大学计算机学科群推荐学术会议和期刊列表（TH-CPL）,TH-CPL.csv,2019,journal,ACM Transactions on Programming Languages & Systems,系统软件与软件工程；System Software and Software Engineering,TOPLAS,,,,,,系统软件与软件工程,System Software and Software Engineering,A,3,,,,9,,,,,,,,,,,,,,,,,,,,,,,,,,,,,,,,,,,,,,,,,,,,,,,,,no_candidate_pages,2026-07-30T12:29:04+00:00
th_cpl,清华大学计算机学科群推荐学术会议和期刊列表（TH-CPL）,TH-CPL.csv,2019,journal,IEEE Transactions on Service Computing,系统软件与软件工程；System Software and Software Engineering,TSC,,,,,,系统软件与软件工程,System Software and Software Engineering,B,1,,,,9,,,,,,,,,,,,,,,,,,,,,,,,,,,,,,,,,,,,,,,,,,,,,,,bad_source_domain:sesar.di.unimi.it,low,untrusted_source_domain:sesar.di.unimi.it,2026-07-30T12:29:21+00:00
th_cpl,清华大学计算机学科群推荐学术会议和期刊列表（TH-CPL）,TH-CPL.csv,2019,journal,Information and Software Technology,系统软件与软件工程；System Software and Software Engineering,IST,,,,,,系统软件与软件工程,System Software and Software Engineering,B,2,,,,9,,,,,,,,,,,,,,,,,,,,,,,,,,,,,,,,,,,,,,,,,,,,,,,,,no_candidate_pages,2026-07-30T12:29:25+00:00
th_cpl,清华大学计算机学科群推荐学术会议和期刊列表（TH-CPL）,TH-CPL.csv,2019,journal,Empirical Software Engineering,系统软件与软件工程；System Software and Software Engineering,ESE,,,,,,系统软件与软件工程,System Software and Software Engineering,B,3,,,,9,,,,,,,,,,,,,,,,,,,,,,,,,,,,,,,,,,,,,,,,,,,,,,,,,no_candidate_pages,2026-07-30T12:29:30+00:00
th_cpl,清华大学计算机学科群推荐学术会议和期刊列表（TH-CPL）,TH-CPL.csv,2019,journal,Software and System Modeling,系统软件与软件工程；System Software and Software Engineering,SoSyM,,,,,,系统软件与软件工程,System Software and Software Engineering,B,4,,,,9,,,,,,,,,,,,,,,,,,,,,,,,,,,,,,,,,,,,,,,,,,,,,,,,,no_candidate_pages,2026-07-30T12:29:36+00:00
th_cpl,清华大学计算机学科群推荐学术会议和期刊列表（TH-CPL）,TH-CPL.csv,2019,journal,Requirements Engineering,系统软件与软件工程；System Software and Software Engineering,RE,,,,,,系统软件与软件工程,System Software and Software Engineering,B,5,,,,9,,,,,,,,,,,,,,,,,,,,,,,,,,,,,,,,,,,,,,,,,,,,,,,,,no_candidate_pages,2026-07-30T12:29:46+00:00
th_cpl,清华大学计算机学科群推荐学术会议和期刊列表（TH-CPL）,TH-CPL.csv,2019,journal,Journal of Systems and Software,系统软件与软件工程；System Software and Software Engineering,JSS,,,,,,系统软件与软件工程,System Software and Software Engineering,B,6,,,,9,,,,,,,,,,,,,,,,,,,,,,,,,,,,,,,,,,,,,,,,,,,,,,,,,no_candidate_pages,2026-07-30T12:29:50+00:00
th_cpl,清华大学计算机学科群推荐学术会议和期刊列表（TH-CPL）,TH-CPL.csv,2019,journal,Automated Software Engineering,系统软件与软件工程；System Software and Software Engineering,ASE,,,,,,系统软件与软件工程,System Software and Software Engineering,B,7,,,,9,,,,,,,,,,,,,,,,,,,,,,,,,,,,,,,,,,,,,,,,,,,,,,,,,no_candidate_pages,2026-07-30T12:29:54+00:00
th_cpl,清华大学计算机学科群推荐学术会议和期刊列表（TH-CPL）,TH-CPL.csv,2019,journal,Science of Computer Programming,系统软件与软件工程；System Software and Software Engineering,SCP,,,,,,系统软件与软件工程,System Software and Software Engineering,B,8,,,,9,,,,,,,,,,,,,,,,,,,,,,,,,,,,,,,,,,,,,,,,,,,,,,,,,no_candidate_pages,2026-07-30T12:29:59+00:00
th_cpl,清华大学计算机学科群推荐学术会议和期刊列表（TH-CPL）,TH-CPL.csv,2019,journal,International Journal on Software Tools for Technology Transfer,系统软件与软件工程；System Software and Software Engineering,STTT,,,,,,系统软件与软件工程,System Software and Software Engineering,B,9,,,,9,,,,,,,,,,,,,,,,,,,,,,,,,,,,,,,,,,,,,,,,,,,,,,,,,no_candidate_pages,2026-07-30T12:30:06+00:00
th_cpl,清华大学计算机学科群推荐学术会议和期刊列表（TH-CPL）,TH-CPL.csv,2019,journal,"Software Testing, Verification and Reliability",系统软件与软件工程；System Software and Software Engineering,STVR,,,,,,系统软件与软件工程,System Software and Software Engineering,B,10,,,,9,,,,,,,,,,,,,,,,,,,,,,,,,,,,,,,,,,,,,,,,,,,,,,,,,no_candidate_pages,2026-07-30T12:30:10+00:00
th_cpl,清华大学计算机学科群推荐学术会议和期刊列表（TH-CPL）,TH-CPL.csv,2019,journal,Software: Practice and Experience,系统软件与软件工程；System Software and Software Engineering,SPE,,,,,,系统软件与软件工程,System Software and Software Engineering,B,11,,,,10,,,,,,,,,,,,,,,,,,,,,,,,,,,,,,,,,,,,,,,,,,,,,,,,,no_candidate_pages,2026-07-30T12:30:14+00:00
th_cpl,清华大学计算机学科群推荐学术会议和期刊列表（TH-CPL）,TH-CPL.csv,2019,journal,软件学报,系统软件与软件工程；System Software and Software Engineering,,,,,,,系统软件与软件工程,System Software and Software Engineering,B,12,,,,10,,,,,,,,,,,,,,,,,,,,,,,,,,,,,,,,,,,,,,,,,,,,,,,,,no_candidate_pages,2026-07-30T12:30:17+00:00
th_cpl,清华大学计算机学科群推荐学术会议和期刊列表（TH-CPL）,TH-CPL.csv,2019,conference,ACM Conference on Management of Data,数据库与数据挖掘；Database and Data Mining,SIGMOD,,,,,,数据库与数据挖掘,Database and Data Mining,A,1,,,,10,superseded: TH-CPL 2019 历史征稿页，已由当前年度范围取代。,,,,,,,,,,,,,,,,,,,,,,,,,,,,,,,,,,,,,,,,,,,,涵盖数据管理的广泛领域，包括数据模型、查询语言、数据挖掘、分布式数据库、图数据管理、信息检索、机器学习在数据管理中的应用等。；关键词：数据管理；数据库；数据挖掘；分布式数据库；图数据管理；信息检索；机器学习,http://www.sigmod2019.org/sigmodcfp,已废止自动候选：TH-CPL 2019 历史征稿页，已由当前年度范围取代。 Topics of interest include but are not limited to: ... data management defined broadly,low,superseded,2026-07-30T12:30:26+00:00
th_cpl,清华大学计算机学科群推荐学术会议和期刊列表（TH-CPL）,TH-CPL.csv,2019,conference,ACM Knowledge Discovery and Data Mining,数据库与数据挖掘；Database and Data Mining,SIGKDD,,,,,,数据库与数据挖掘,Database and Data Mining,A,2,,,,10,,,,,,,,,,,,,,,,,,,,,,,,,,,,,,,,,,,,,,,,,,,,,,,,,no_candidate_pages,2026-07-30T12:30:31+00:00
th_cpl,清华大学计算机学科群推荐学术会议和期刊列表（TH-CPL）,TH-CPL.csv,2019,conference,International Conference on Research on Development in Information Retrieval,数据库与数据挖掘；Database and Data Mining,SIGIR,,,,,,数据库与数据挖掘,Database and Data Mining,A,3,,,,10,,,,,,,,,,,,,,,,,,,,,,,,,,,,,,,,,,,,,,,,,,,,,,,,,no_candidate_pages,2026-07-30T12:30:35+00:00
th_cpl,清华大学计算机学科群推荐学术会议和期刊列表（TH-CPL）,TH-CPL.csv,2019,conference,ACM International Conference on Web Search and Data Mining,数据库与数据挖掘；Database and Data Mining,WSDM,,,,,,数据库与数据挖掘,Database and Data Mining,A,4,,,,10,superseded: WSDM 2019 历史征稿页，已由当前年度范围取代。,,,,,,,,,,,,,,,,,,,,,,,,,,,,,,,,,,,,,,,,,,,,WSDM是Web搜索与数据挖掘领域的顶级会议，涵盖Web搜索、Web挖掘、社交搜索与挖掘、移动挖掘、神经架构、隐私约束下的搜索与挖掘等主题，强调新颖算法和实际应用。；关键词：Web搜索；数据挖掘；社交网络挖掘；移动挖掘；神经架构；隐私保护,https://www.wsdm-conference.org/2019/call-for-papers.php,"已废止自动候选：WSDM 2019 历史征稿页，已由当前年度范围取代。 WSDM publishes original, high-quality papers related to search and data mining on the Web and the Social Web",low,superseded,2026-07-30T12:30:54+00:00
th_cpl,清华大学计算机学科群推荐学术会议和期刊列表（TH-CPL）,TH-CPL.csv,2019,conference,International Conference on Very Large Data Bases,数据库与数据挖掘；Database and Data Mining,VLDB,,,,,,数据库与数据挖掘,Database and Data Mining,A,5,,,,10,,,,,,,,,,,,,,,,,,,,,,,,,,,,,,,,,,,,,,,,,,,,,,,,,no_candidate_pages,2026-07-30T12:30:58+00:00
th_cpl,清华大学计算机学科群推荐学术会议和期刊列表（TH-CPL）,TH-CPL.csv,2019,conference,IEEE International Conference on Data Engineering,数据库与数据挖掘；Database and Data Mining,ICDE,,,,,,数据库与数据挖掘,Database and Data Mining,A,6,,,,10,,,,,,,,,,,,,,,,,,,,,,,,,,,,,,,,,,,,,,,,,,,,,,,,,no_candidate_pages,2026-07-30T12:31:03+00:00
th_cpl,清华大学计算机学科群推荐学术会议和期刊列表（TH-CPL）,TH-CPL.csv,2019,conference,ACM Symposium on Principles of Database Systems,数据库与数据挖掘；Database and Data Mining,PODS,,,,,,数据库与数据挖掘,Database and Data Mining,A,7,,,,10,,,,,,,,,,,,,,,,,,,,,,,,,,,,,,,,,,,,,,,,,,,,,,,,,no_candidate_pages,2026-07-30T12:31:06+00:00
th_cpl,清华大学计算机学科群推荐学术会议和期刊列表（TH-CPL）,TH-CPL.csv,2019,conference,IEEE International Semantic Web Conference,数据库与数据挖掘；Database and Data Mining,ISWC,,,,,,数据库与数据挖掘,Database and Data Mining,B,1,,,,10,,,,,,,,,,,,,,,,,,,,,,,,,,,,,,,,,,,,,,,,,,,,,,,,,no_candidate_pages,2026-07-30T12:31:11+00:00
th_cpl,清华大学计算机学科群推荐学术会议和期刊列表（TH-CPL）,TH-CPL.csv,2019,conference,ACM International Conference on Information and Knowledge Management,数据库与数据挖掘；Database and Data Mining,CIKM,,,,,,数据库与数据挖掘,Database and Data Mining,B,2,,,,10,,,,,,,,,,,,,,,,,,,,,,,,,,,,,,,,,,,,,,,,,,,,,,,,,no_candidate_pages,2026-07-30T12:31:14+00:00
th_cpl,清华大学计算机学科群推荐学术会议和期刊列表（TH-CPL）,TH-CPL.csv,2019,conference,SIAM International Conference on Data Mining,数据库与数据挖掘；Database and Data Mining,SDM,,,,,,数据库与数据挖掘,Database and Data Mining,B,3,,,,10,,,,,,,,,,,,,,,,,,,,,,,,,,,,,,,,,,,,,,,,,,,,,,,,,no_candidate_pages,2026-07-30T12:31:19+00:00
th_cpl,清华大学计算机学科群推荐学术会议和期刊列表（TH-CPL）,TH-CPL.csv,2019,conference,International Conference on Database Theory,数据库与数据挖掘；Database and Data Mining,ICDT,,,,,,数据库与数据挖掘,Database and Data Mining,B,4,,,,10,superseded: TH-CPL 2019 历史征稿页，已由当前年度范围取代。,,,,,,,,,,,,,,,,,,,,,,,,,,,,,,,,,,,,,,,,,,,,,http://iaria.org/conferences2019/CfPICDT19.html,已废止自动候选：TH-CPL 2019 历史征稿页，已由当前年度范围取代。 The Fourteenth International Conference on Digital Telecommunications,low,superseded,2026-07-30T12:31:26+00:00
th_cpl,清华大学计算机学科群推荐学术会议和期刊列表（TH-CPL）,TH-CPL.csv,2019,conference,International Conference on Data Mining,数据库与数据挖掘；Database and Data Mining,ICDM,,,,,,数据库与数据挖掘,Database and Data Mining,B,5,,,,10,,,,,,,,,,,,,,,,,,,,,,,,,,,,,,,,,,,,,,,,,,,,,,,,,no_candidate_pages,2026-07-30T12:31:30+00:00
th_cpl,清华大学计算机学科群推荐学术会议和期刊列表（TH-CPL）,TH-CPL.csv,2019,conference,European Conference on IR Research,数据库与数据挖掘；Database and Data Mining,ECIR,,,,,,数据库与数据挖掘,Database and Data Mining,B,6,,,,10,,,,,,,,,,,,,,,,,,,,,,,,,,,,,,,,,,,,,,,,,,,,,该会议是欧洲信息检索领域的主要论坛，涵盖文本、视觉和多模态信息的检索、表示、管理与使用，包括用户、系统、应用和评估方面的研究。；关键词：信息检索；用户交互；机器学习；深度学习；自然语言处理；推荐系统；评估方法,https://conference.researchbib.com/view/event/83924,The European Conference on Information Retrieval is the prime European forum for the presentation of original research i,high,ok,2026-07-30T12:31:40+00:00
th_cpl,清华大学计算机学科群推荐学术会议和期刊列表（TH-CPL）,TH-CPL.csv,2019,conference,International Conference on Extending Database Technology,数据库与数据挖掘；Database and Data Mining,EDBT,,,,,,数据库与数据挖掘,Database and Data Mining,B,7,,,,10,,,,,,,,,,,,,,,,,,,,,,,,,,,,,,,,,,,,,,,,,,,,,,,,,no_candidate_pages,2026-07-30T12:31:43+00:00
th_cpl,清华大学计算机学科群推荐学术会议和期刊列表（TH-CPL）,TH-CPL.csv,2019,conference,International Conference on Innovative Data Systems Research,数据库与数据挖掘；Database and Data Mining,CIDR,,,,,,数据库与数据挖掘,Database and Data Mining,B,8,,,,10,,,,,,,,,,,,,,,,,,,,,,,,,,,,,,,,,,,,,,,,,,,,,,,,,no_candidate_pages,2026-07-30T12:31:49+00:00
th_cpl,清华大学计算机学科群推荐学术会议和期刊列表（TH-CPL）,TH-CPL.csv,2019,conference,Database Systems for Advanced Applications,数据库与数据挖掘；Database and Data Mining,DASFAA,,,,,,数据库与数据挖掘,Database and Data Mining,B,9,,,,10,,,,,,,,,,,,,,,,,,,,,,,,,,,,,,,,,,,,,,,,,,,,,,,,,no_candidate_pages,2026-07-30T12:31:52+00:00
th_cpl,清华大学计算机学科群推荐学术会议和期刊列表（TH-CPL）,TH-CPL.csv,2019,journal,IEEE Transactions on Knowledge and Data Engineering,数据库与数据挖掘；Database and Data Mining,TKDE,,,,,,数据库与数据挖掘,Database and Data Mining,A,1,,,,10,,,,,,,,,,,,,,,,,,,,,,,,,,,,,,,,,,,,,,,,,,,,,,,,,no_candidate_pages,2026-07-30T12:31:56+00:00
th_cpl,清华大学计算机学科群推荐学术会议和期刊列表（TH-CPL）,TH-CPL.csv,2019,journal,The VLDB Journal,数据库与数据挖掘；Database and Data Mining,VLDBJ,,,,,,数据库与数据挖掘,Database and Data Mining,A,2,,,,10,,,,,,,,,,,,,,,,,,,,,,,,,,,,,,,,,,,,,,,,,,,,,,,,,no_candidate_pages,2026-07-30T12:31:59+00:00
th_cpl,清华大学计算机学科群推荐学术会议和期刊列表（TH-CPL）,TH-CPL.csv,2019,journal,ACM Transactions on Database Systems,数据库与数据挖掘；Database and Data Mining,TODS,,,,,,数据库与数据挖掘,Database and Data Mining,A,3,,,,10,,,,,,,,,,,,,,,,,,,,,,,,,,,,,,,,,,,,,,,,,,,,,,,,,no_candidate_pages,2026-07-30T12:32:03+00:00
th_cpl,清华大学计算机学科群推荐学术会议和期刊列表（TH-CPL）,TH-CPL.csv,2019,journal,ACM Transactions on Information Systems,数据库与数据挖掘；Database and Data Mining,TOIS,,,,,,数据库与数据挖掘,Database and Data Mining,A,4,,,,10,,,,,,,,,,,,,,,,,,,,,,,,,,,,,,,,,,,,,,,,,,,,,,,,,no_candidate_pages,2026-07-30T12:32:06+00:00
th_cpl,清华大学计算机学科群推荐学术会议和期刊列表（TH-CPL）,TH-CPL.csv,2019,journal,Information and Management,数据库与数据挖掘；Database and Data Mining,I&M,,,,,,数据库与数据挖掘,Database and Data Mining,B,1,,,,11,,,,,,,,,,,,,,,,,,,,,,,,,,,,,,,,,,,,,,,,,,,,,,,,,no_candidate_pages,2026-07-30T12:32:12+00:00
th_cpl,清华大学计算机学科群推荐学术会议和期刊列表（TH-CPL）,TH-CPL.csv,2019,journal,European Journal of Information Systems,数据库与数据挖掘；Database and Data Mining,EJIS,,,,,,数据库与数据挖掘,Database and Data Mining,B,2,,,,11,,,,,,,,,,,,,,,,,,,,,,,,,,,,,,,,,,,,,,,,,,,,,,,,,no_candidate_pages,2026-07-30T12:32:19+00:00
th_cpl,清华大学计算机学科群推荐学术会议和期刊列表（TH-CPL）,TH-CPL.csv,2019,journal,International Journal of Geographical Information Science,数据库与数据挖掘；Database and Data Mining,IJGIS,,,,,,数据库与数据挖掘,Database and Data Mining,B,3,,,,11,,,,,,,,,,,,,,,,,,,,,,,,,,,,,,,,,,,,,,,,,,,,,,,,,no_candidate_pages,2026-07-30T12:32:25+00:00
th_cpl,清华大学计算机学科群推荐学术会议和期刊列表（TH-CPL）,TH-CPL.csv,2019,journal,Journal of Strategic Information Systems,数据库与数据挖掘；Database and Data Mining,J. Strategic Inf. Sys.,,,,,,数据库与数据挖掘,Database and Data Mining,B,4,,,,11,,,,,,,,,,,,,,,,,,,,,,,,,,,,,,,,,,,,,,,,,,,,,,,,,no_candidate_pages,2026-07-30T12:32:31+00:00
th_cpl,清华大学计算机学科群推荐学术会议和期刊列表（TH-CPL）,TH-CPL.csv,2019,journal,Journal of the American Society for Information Science and Technology,数据库与数据挖掘；Database and Data Mining,JASIST,,,,,,数据库与数据挖掘,Database and Data Mining,B,5,,,,11,,,,,,,,,,,,,,,,,,,,,,,,,,,,,,,,,,,,,,,,,,,,,,,,,no_candidate_pages,2026-07-30T12:32:37+00:00
th_cpl,清华大学计算机学科群推荐学术会议和期刊列表（TH-CPL）,TH-CPL.csv,2019,journal,Information Processing and Management,数据库与数据挖掘；Database and Data Mining,IPM,,,,,,数据库与数据挖掘,Database and Data Mining,B,6,,,,11,,,,,,,,,,,,,,,,,,,,,,,,,,,,,,,,,,,,,,,,,,,,,,,,,no_candidate_pages,2026-07-30T12:32:40+00:00
th_cpl,清华大学计算机学科群推荐学术会议和期刊列表（TH-CPL）,TH-CPL.csv,2019,journal,Information Systems,数据库与数据挖掘；Database and Data Mining,IS,,,,,,数据库与数据挖掘,Database and Data Mining,B,7,,,,11,,,,,,,,,,,,,,,,,,,,,,,,,,,,,,,,,,,,,,,,,,,,,,,,,no_candidate_pages,2026-07-30T12:32:42+00:00
th_cpl,清华大学计算机学科群推荐学术会议和期刊列表（TH-CPL）,TH-CPL.csv,2019,journal,Journal of Web Semantics,数据库与数据挖掘；Database and Data Mining,JWS,,,,,,数据库与数据挖掘,Database and Data Mining,B,8,,,,11,,,,,,,,,,,,,,,,,,,,,,,,,,,,,,,,,,,,,,,,,,,,,,,,,no_candidate_pages,2026-07-30T12:32:45+00:00
th_cpl,清华大学计算机学科群推荐学术会议和期刊列表（TH-CPL）,TH-CPL.csv,2019,journal,Data Mining and Knowledge Discovery,数据库与数据挖掘；Database and Data Mining,DMKD,,,,,,数据库与数据挖掘,Database and Data Mining,B,9,,,,11,,,,,,,,,,,,,,,,,,,,,,,,,,,,,,,,,,,,,,,,,,,,,,,,,no_candidate_pages,2026-07-30T12:32:53+00:00
th_cpl,清华大学计算机学科群推荐学术会议和期刊列表（TH-CPL）,TH-CPL.csv,2019,journal,Knowledge and Information Systems,数据库与数据挖掘；Database and Data Mining,KAIS,,,,,,数据库与数据挖掘,Database and Data Mining,B,10,,,,11,,,,,,,,,,,,,,,,,,,,,,,,,,,,,,,,,,,,,,,,,,,,,,,,,no_candidate_pages,2026-07-30T12:33:00+00:00
th_cpl,清华大学计算机学科群推荐学术会议和期刊列表（TH-CPL）,TH-CPL.csv,2019,journal,ACM Transactions on Knowledge Discovery from Data,数据库与数据挖掘；Database and Data Mining,TKDD,,,,,,数据库与数据挖掘,Database and Data Mining,B,11,,,,11,,,,,,,,,,,,,,,,,,,,,,,,,,,,,,,,,,,,,,,,,,,,,TKDD接收数据挖掘与知识发现全范围研究论文，包括可扩展算法、大数据分析、流数据挖掘、多媒体/文本/Web/时空数据挖掘、社交网络分析、图数据、隐私安全、可视化挖掘、统计方法、KDD框架及应用等。；关键词：数据挖掘；知识发现；大数据分析；流数据挖掘；社交网络分析；图数据；隐私安全；可扩展算法,https://dl.acm.org/journal/tkdd/about,TKDD welcomes papers on a full range of research in the knowledge discovery and analysis of diverse forms of data.,high,ok,2026-07-30T12:33:20+00:00
th_cpl,清华大学计算机学科群推荐学术会议和期刊列表（TH-CPL）,TH-CPL.csv,2019,journal,Advanced Engineering Informatics,数据库与数据挖掘；Database and Data Mining,AEI,,,,,,数据库与数据挖掘,Database and Data Mining,B,12,,,,11,,,,,,,,,,,,,,,,,,,,,,,,,,,,,,,,,,,,,,,,,,,,,,,bad_source_domain:sciencedirectelsevier.com,low,untrusted_source_domain:sciencedirectelsevier.com,2026-07-30T12:33:36+00:00
th_cpl,清华大学计算机学科群推荐学术会议和期刊列表（TH-CPL）,TH-CPL.csv,2019,journal,International Journal of Intelligent Systems,数据库与数据挖掘；Database and Data Mining,IJIS,,,,,,数据库与数据挖掘,Database and Data Mining,B,13,,,,11,,,,,,,,,,,,,,,,,,,,,,,,,,,,,,,,,,,,,,,,,,,,,,,,,no_candidate_pages,2026-07-30T12:33:43+00:00
th_cpl,清华大学计算机学科群推荐学术会议和期刊列表（TH-CPL）,TH-CPL.csv,2019,journal,ACM Transactions on the Web,数据库与数据挖掘；Database and Data Mining,TWEB,,,,,,数据库与数据挖掘,Database and Data Mining,B,14,,,,11,,,,,,,,,,,,,,,,,,,,,,,,,,,,,,,,,,,,,,,,,,,,,,,,,no_candidate_pages,2026-07-30T12:33:49+00:00
th_cpl,清华大学计算机学科群推荐学术会议和期刊列表（TH-CPL）,TH-CPL.csv,2019,journal,Information Sciences,数据库与数据挖掘；Database and Data Mining,,,,,,,数据库与数据挖掘,Database and Data Mining,B,15,,,,11,,,,,,,,,,,,,,,,,,,,,,,,,,,,,,,,,,,,,,,,,,,,,,,,,no_candidate_pages,2026-07-30T12:33:51+00:00
th_cpl,清华大学计算机学科群推荐学术会议和期刊列表（TH-CPL）,TH-CPL.csv,2019,journal,GeoInformatica,数据库与数据挖掘；Database and Data Mining,,,,,,,数据库与数据挖掘,Database and Data Mining,B,16,,,,11,,,,,,,,,,,,,,,,,,,,,,,,,,,,,,,,,,,,,,,,,,,,,,,,,no_candidate_pages,2026-07-30T12:33:58+00:00
th_cpl,清华大学计算机学科群推荐学术会议和期刊列表（TH-CPL）,TH-CPL.csv,2019,journal,Data and Knowledge Engineering,数据库与数据挖掘；Database and Data Mining,DKE,,,,,,数据库与数据挖掘,Database and Data Mining,B,17,,,,11,,,,,,,,,,,,,,,,,,,,,,,,,,,,,,,,,,,,,,,,,,,,,,,bad_source_domain:clausiuspress.com,low,untrusted_source_domain:clausiuspress.com,2026-07-30T12:34:07+00:00
th_cpl,清华大学计算机学科群推荐学术会议和期刊列表（TH-CPL）,TH-CPL.csv,2019,conference,IEEE Conference on Computer Vision and Pattern Recognition,人工智能与模式识别；Artificial Intelligence and Pattern Recognition,CVPR,,,,,,人工智能与模式识别,Artificial Intelligence and Pattern Recognition,A,1,,,,11,superseded: TH-CPL 2019 历史征稿页，已由当前年度范围取代。,,,,,,,,,,,,,,,,,,,,,,,,,,,,,,,,,,,,,,,,,,,,,https://openaccess.thecvf.com/CVPR2019_search,已废止自动候选：TH-CPL 2019 历史征稿页，已由当前年度范围取代。 No matching papers found.,low,superseded,2026-07-30T12:34:19+00:00
th_cpl,清华大学计算机学科群推荐学术会议和期刊列表（TH-CPL）,TH-CPL.csv,2019,conference,International Conference on Computer Vision,人工智能与模式识别；Artificial Intelligence and Pattern Recognition,ICCV,,,,,,人工智能与模式识别,Artificial Intelligence and Pattern Recognition,A,2,,,,11,,,,,,,,,,,,,,,,,,,,,,,,,,,,,,,,,,,,,,,,,,,,,,,,,no_candidate_pages,2026-07-30T12:34:26+00:00
th_cpl,清华大学计算机学科群推荐学术会议和期刊列表（TH-CPL）,TH-CPL.csv,2019,conference,International Conference on Machine Learning,人工智能与模式识别；Artificial Intelligence and Pattern Recognition,ICML,,,,,,人工智能与模式识别,Artificial Intelligence and Pattern Recognition,A,3,,,,11,,,,,,,,,,,,,,,,,,,,,,,,,,,,,,,,,,,,,,,,,,,,,涵盖机器学习所有主要方向，包括通用机器学习、深度学习、评估方法、理论、系统、优化、概率方法、强化学习、可信机器学习及应用驱动研究。；关键词：general machine learning；deep learning；reinforcement learning；trustworthy machine learning；optimization；probabilistic methods；machine learning systems；application-driven machine learning,https://icml.cc/Conferences/2026/CallForPapers,"Topics of interest include (but are not limited to): general machine learning, deep learning, evaluation, theory, system",high,ok,2026-07-30T12:11:54+00:00
th_cpl,清华大学计算机学科群推荐学术会议和期刊列表（TH-CPL）,TH-CPL.csv,2019,conference,Annual Meeting of the Association for Computational Linguistics,人工智能与模式识别；Artificial Intelligence and Pattern Recognition,ACL,,,,,,人工智能与模式识别,Artificial Intelligence and Pattern Recognition,A,4,,,,11,superseded: ACL 2026 Industry Track，不是主轨研究论文范围。,,,,,,,,,,,,,,,,,,,,,,,,,,,,,,,,,,,,,,,,,,,,ACL 2026工业轨道征稿，涵盖语音和自然语言处理技术在真实世界应用中的创新与实现，包括系统设计、效率、可扩展性、新型应用、部署方法等，强调实际部署、新兴系统或可操作洞察。；关键词：自然语言处理；语音技术；工业应用；系统部署；大规模语言模型；真实世界系统,https://2026.aclweb.org/calls/industry_track/,已废止自动候选：ACL 2026 Industry Track，不是主轨研究论文范围。 We invite submissions describing innovations and implementations in all areas of speech and natural language processing,low,superseded,2026-07-30T12:11:54+00:00
th_cpl,清华大学计算机学科群推荐学术会议和期刊列表（TH-CPL）,TH-CPL.csv,2019,conference,European Conference on Computer Vision,人工智能与模式识别；Artificial Intelligence and Pattern Recognition,ECCV,,,,,,人工智能与模式识别,Artificial Intelligence and Pattern Recognition,A,5,,,,11,,,,,,,,,,,,,,,,,,,,,,,,,,,,,,,,,,,,,,,,,,,,,,,,,no_candidate_pages,2026-07-30T12:34:31+00:00
th_cpl,清华大学计算机学科群推荐学术会议和期刊列表（TH-CPL）,TH-CPL.csv,2019,conference,Annual Conference on Computational Learning Theory,人工智能与模式识别；Artificial Intelligence and Pattern Recognition,COLT,,,,,,人工智能与模式识别,Artificial Intelligence and Pattern Recognition,A,6,,,,11,,,,,,,,,,,,,,,,,,,,,,,,,,,,,,,,,,,,,,,,,,,,,COLT 2026征稿涵盖学习理论的理论方面，包括学习算法设计与分析、统计与计算复杂度、优化方法、神经网络理论、监督/无监督/强化学习、在线学习、因果推断、隐私公平等系统约束下的学习，以及量子学习理论等。；关键词：学习理论；机器学习理论；算法设计；统计复杂度；强化学习；在线学习；神经网络理论；因果推断,https://learningtheory.org/colt2026/cfp.html,We invite submissions of papers addressing theoretical aspects of machine learning,high,ok,2026-07-30T12:11:54+00:00
th_cpl,清华大学计算机学科群推荐学术会议和期刊列表（TH-CPL）,TH-CPL.csv,2019,conference,Annual Conference on Neural Information Processing Systems,人工智能与模式识别；Artificial Intelligence and Pattern Recognition,NeurIPS,,,,,,人工智能与模式识别,Artificial Intelligence and Pattern Recognition,A,7,,,,11,,,,,,,,,,,,,,,,,,,,,,,,,,,,,,,,,,,,,,,,,,,,,涵盖深度学习、生成式AI、核心机器学习、神经科学、统计学、优化、计算机视觉、自然语言处理、生命科学、自然科学、社会科学等跨学科领域，并欢迎新兴交叉方向。；关键词：深度学习；生成式AI；核心机器学习；计算机视觉；自然语言处理；神经科学；强化学习；优化；AI for Science,https://neurips.cc/Conferences/2026/CallForPapers,"brings together researchers in deep learning, generative AI, core machine learning, neuroscience, statistics, optimizati",high,ok,2026-07-30T12:11:54+00:00
th_cpl,清华大学计算机学科群推荐学术会议和期刊列表（TH-CPL）,TH-CPL.csv,2019,conference,AAAI Conference on Artificial Intelligence,人工智能与模式识别；Artificial Intelligence and Pattern Recognition,AAAI,,,,,,人工智能与模式识别,Artificial Intelligence and Pattern Recognition,A,8,,,,11,,,,,,,,,,,,,,,,,,,,,,,,,,,,,,,,,,,,,,,,,,,,,,,,,no_candidate_pages,2026-07-30T12:34:38+00:00
th_cpl,清华大学计算机学科群推荐学术会议和期刊列表（TH-CPL）,TH-CPL.csv,2019,conference,Conference on Empirical Methods in Natural Language Processing,人工智能与模式识别；Artificial Intelligence and Pattern Recognition,EMNLP,,,,,,人工智能与模式识别,Artificial Intelligence and Pattern Recognition,A,9,,,,11,,,,,,,,,,,,,,,,,,,,,,,,,,,,,,,,,,,,,,,,,,,,,,,,,no_candidate_pages,2026-07-30T12:34:45+00:00
th_cpl,清华大学计算机学科群推荐学术会议和期刊列表（TH-CPL）,TH-CPL.csv,2019,conference,IEEE International Conference on Robotics and Automation,人工智能与模式识别；Artificial Intelligence and Pattern Recognition,ICRA,,,,,,人工智能与模式识别,Artificial Intelligence and Pattern Recognition,A,10,,,,11,,,,,,,,,,,,,,,,,,,,,,,,,,,,,,,,,,,,,,,,,,,,,涵盖机器人学与自动化领域的当前与未来进展，包括新问题、新领域、新兴经济体中的机器人技术以及机器人学基础教程。；关键词：机器人学；自动化；新兴技术；机器人基础；新领域,https://2026.ieee-icra.org/contribute/,share ideas and advances in Robotics and Automation,high,ok,2026-07-30T12:11:54+00:00
th_cpl,清华大学计算机学科群推荐学术会议和期刊列表（TH-CPL）,TH-CPL.csv,2019,conference,International Conference on Learning Representations,人工智能与模式识别；Artificial Intelligence and Pattern Recognition,ICLR,,,,,,人工智能与模式识别,Artificial Intelligence and Pattern Recognition,A,11,,,,11,superseded: TH-CPL 2019 历史征稿页，已由当前年度范围取代。,,,,,,,,,,,,,,,,,,,,,,,,,,,,,,,,,,,,,,,,,,,,ICLR涵盖表示学习、深度学习、特征学习、度量学习、组合建模、结构化预测、强化学习、大规模学习与非凸优化等主题，应用领域包括视觉、语音、文本理解、游戏、音乐、计算生物学等。；关键词：表示学习；深度学习；特征学习；度量学习；强化学习；非凸优化；计算机视觉；自然语言处理,https://iclr.cc/Conferences/2019/CallForPapers,已废止自动候选：TH-CPL 2019 历史征稿页，已由当前年度范围取代。 The rapidly developing field of deep learning is concerned with questions surrounding how we can best learn meaningful a,low,superseded,2026-07-30T12:35:04+00:00
th_cpl,清华大学计算机学科群推荐学术会议和期刊列表（TH-CPL）,TH-CPL.csv,2019,conference,Robotics: Science and Systems ·A Robotics Conference,人工智能与模式识别；Artificial Intelligence and Pattern Recognition,RSS,,,,,,人工智能与模式识别,Artificial Intelligence and Pattern Recognition,A,12,,,,11,superseded: RSS 2019 Cloud/Edge/Fog Robotics 附属 workshop，不是 RSS 主会范围。,,,,,,,,,,,,,,,,,,,,,,,,,,,,,,,,,,,,,,,,,,,,该研讨会是RSS 2019的附属活动，征稿主题涵盖云、边缘和雾机器人架构与应用、基于网络的机器人操作、深度学习、协同学习、安全隐私及负载均衡等。；关键词：云机器人；边缘计算；深度学习；协同学习；安全与隐私；负载均衡,https://sites.google.com/view/cafr-rss/call-for-papers,"已废止自动候选：RSS 2019 Cloud/Edge/Fog Robotics 附属 workshop，不是 RSS 主会范围。 Areas of interest include, but not limited to: Cloud, Edge and Fog Robotics architectures and applications",low,superseded,2026-07-30T12:35:21+00:00
th_cpl,清华大学计算机学科群推荐学术会议和期刊列表（TH-CPL）,TH-CPL.csv,2019,conference,British Machine Vision Conference,人工智能与模式识别；Artificial Intelligence and Pattern Recognition,BMVC,,,,,,人工智能与模式识别,Artificial Intelligence and Pattern Recognition,B,1,,,,12,,,,,,,,,,,,,,,,,,,,,,,,,,,,,,,,,,,,,,,,,,,,,BMVC是计算机视觉及相关领域的重要国际会议，征稿涵盖图像处理、计算机视觉、机器学习等，具体主题包括3D视觉、动作理解、深度学习、生成模型、医学图像分析、多模态学习、识别与分割等。；关键词：计算机视觉；图像处理；机器学习；深度学习；3D视觉；动作理解；生成模型；医学图像分析；多模态学习；识别与分割,https://bmvc2026.bmva.org/calls/call-for-papers/,The British Machine Vision Conference (BMVC) is one of the major international conferences on computer vision and relate,high,ok,2026-07-30T12:11:54+00:00
th_cpl,清华大学计算机学科群推荐学术会议和期刊列表（TH-CPL）,TH-CPL.csv,2019,conference,Artificial Intelligence and Statistics,人工智能与模式识别；Artificial Intelligence and Pattern Recognition,AISTATS,,,,,,人工智能与模式识别,Artificial Intelligence and Pattern Recognition,B,2,,,,12,,,,,,,,,,,,,,,,,,,,,,,,,,,,,,,,,,,,,,,,,,,,,,,,,no_candidate_pages,2026-07-30T12:35:26+00:00
th_cpl,清华大学计算机学科群推荐学术会议和期刊列表（TH-CPL）,TH-CPL.csv,2019,conference,The Annual Conference of the North American Chapter of the Association for Computational Linguistics,人工智能与模式识别；Artificial Intelligence and Pattern Recognition,NAACL,,,,,,人工智能与模式识别,Artificial Intelligence and Pattern Recognition,B,3,,,,12,superseded: TH-CPL 2019 历史征稿页，已由当前年度范围取代。,,,,,,,,,,,,,,,,,,,,,,,,,,,,,,,,,,,,,,,,,,,,NAACL-HLT 2019征稿涵盖计算语言学所有方面，包括认知建模、对话系统、语篇、生成、信息抽取、机器学习、机器翻译、问答、语义、情感分析、社会媒体、语音、摘要、句法分析、文本挖掘等，并特别关注数据隐私与模型偏差主题。；关键词：计算语言学；自然语言处理；机器学习；机器翻译；语义分析；情感分析；信息抽取；对话系统；语篇与语用；句法分析；文本挖掘；数据隐私与偏差,https://naacl2019.org/calls/papers/,"已废止自动候选：TH-CPL 2019 历史征稿页，已由当前年度范围取代。 NAACL-HLT 2019 invites the submission of long and short papers on creative, substantial and unpublished research in all",low,superseded,2026-07-30T12:35:40+00:00
th_cpl,清华大学计算机学科群推荐学术会议和期刊列表（TH-CPL）,TH-CPL.csv,2019,conference,International Joint Conference on Artificial Intelligence,人工智能与模式识别；Artificial Intelligence and Pattern Recognition,IJCAI,,,,,,人工智能与模式识别,Artificial Intelligence and Pattern Recognition,B,4,,,,12,,,,,,,,,,,,,,,,,,,,,,,,,,,,,,,,,,,,,,,,,,,,,IJCAI-ECAI 2026主轨征稿涵盖人工智能所有方面的原创、重要且未发表成果，特别鼓励AI新研究问题、新应用领域及跨学科边界论文。；关键词：人工智能；AI新研究问题；AI新应用领域；跨学科AI；原创成果；未发表成果,https://2026.ijcai.org/ijcai-ecai-2026-call-for-papers-main-track/,"Submissions to the main track of IJCAI-ECAI 2026 should report significant, original, and previously unpublished results",high,ok,2026-07-30T12:11:54+00:00
th_cpl,清华大学计算机学科群推荐学术会议和期刊列表（TH-CPL）,TH-CPL.csv,2019,conference,International Joint Conference on Autonomous Agents and Multi-agent Systems,人工智能与模式识别；Artificial Intelligence and Pattern Recognition,AAMAS,,,,,,人工智能与模式识别,Artificial Intelligence and Pattern Recognition,B,5,,,,12,,,,,,,,,,,,,,,,,,,,,,,,,,,,,,,,,,,,,,,,,,,,,,,,,no_candidate_pages,2026-07-30T12:35:46+00:00
th_cpl,清华大学计算机学科群推荐学术会议和期刊列表（TH-CPL）,TH-CPL.csv,2019,conference,International Conference on Automated Planning and Scheduling,人工智能与模式识别；Artificial Intelligence and Pattern Recognition,ICAPS,,,,,,人工智能与模式识别,Artificial Intelligence and Pattern Recognition,B,6,,,,12,,,,,,,,,,,,,,,,,,,,,,,,,,,,,,,,,,,,,,,,,,,,,ICAPS是自动规划与调度领域的顶级会议，涵盖规划与调度的理论、算法、建模、位置论文及工具，包括知识工程、时序规划、不确定性规划、调度、多智能体规划、搜索方法、运动规划等。；关键词：自动规划；调度；时序规划；不确定性规划；多智能体规划；搜索方法；运动规划；知识工程,https://icaps26.icaps-conference.org/calls/cfp/,ICAPS-26 welcomes paper submissions on all aspects of automated planning and scheduling.,high,ok,2026-07-30T12:11:54+00:00
th_cpl,清华大学计算机学科群推荐学术会议和期刊列表（TH-CPL）,TH-CPL.csv,2019,conference,International Joint Conference on Biometrics,人工智能与模式识别；Artificial Intelligence and Pattern Recognition,ICB,,,,,,人工智能与模式识别,Artificial Intelligence and Pattern Recognition,B,7,,,,12,,,,,,,,,,,,,,,,,,,,,,,,,,,,,,,,,,,,,,,,,,,,,涵盖生物特征识别各模态、深度伪造检测、多模态系统、呈现攻击检测、模板安全与隐私、公平性与可解释性、机器学习方法、评估基准、法医与执法应用、新兴应用及伦理法律影响等。；关键词：biometrics；face recognition；fingerprint；deepfake detection；presentation attack detection；privacy protection；fairness；machine learning；evaluation protocols；forensics；IoT；ethical implications,https://ijcb2026.ieee-biometrics.org/call-for-papers/,"Topics include, but are not limited to, the following areas: Biometric modalities...",high,ok,2026-07-30T12:11:54+00:00
th_cpl,清华大学计算机学科群推荐学术会议和期刊列表（TH-CPL）,TH-CPL.csv,2019,conference,Genetic and Evolutionary Computation Conference,人工智能与模式识别；Artificial Intelligence and Pattern Recognition,GECCO,,,,,,人工智能与模式识别,Artificial Intelligence and Pattern Recognition,B,8,,,,12,,,,,,,,,,,,,,,,,,,,,,,,,,,,,,,,,,,,,,,,,,,,,遗传与进化计算领域的最新高质量成果，涵盖遗传算法、遗传编程、蚁群优化与群体智能、复杂系统、进化组合优化与元启发式、进化机器学习、进化多目标优化、进化数值优化、神经进化、实际应用、理论及混合方法等。；关键词：遗传算法；遗传编程；蚁群优化；群体智能；进化机器学习；进化多目标优化；进化数值优化；神经进化；元启发式；实际应用,http://gecco-2026.sigevo.org/Call+for+Papers,"Topics include genetic algorithms, genetic programming, ant colony optimization and swarm intelligence, complex systems,",high,ok,2026-07-30T12:11:54+00:00
th_cpl,清华大学计算机学科群推荐学术会议和期刊列表（TH-CPL）,TH-CPL.csv,2019,conference,International Conference on Pattern Recognition,人工智能与模式识别；Artificial Intelligence and Pattern Recognition,ICPR,,,,,,人工智能与模式识别,Artificial Intelligence and Pattern Recognition,B,9,,,,12,,,,,,,,,,,,,,,,,,,,,,,,,,,,,,,,,,,,,,,,,,,,,涵盖模式识别、人工智能、计算机视觉、机器学习、图像处理、语音与自然语言处理、传感器模式处理等广泛领域，是国际模式识别协会的顶级会议。；关键词：Pattern Recognition；Artificial Intelligence；Computer Vision；Machine Learning；Image Processing；Speech and Natural Language Processing；Sensor Pattern Processing,https://icpr2026.org/calls.html,"It encompasses a wide range of topics where Pattern Recognition methods are applied in fields including Computer Vision,",high,ok,2026-07-30T12:11:54+00:00
th_cpl,清华大学计算机学科群推荐学术会议和期刊列表（TH-CPL）,TH-CPL.csv,2019,conference,International Conference on Automatic Face and Gesture Recognition,人工智能与模式识别；Artificial Intelligence and Pattern Recognition,FG,,,,,,人工智能与模式识别,Artificial Intelligence and Pattern Recognition,B,10,,,,12,,,,,,,,,,,,,,,,,,,,,,,,,,,,,,,,,,,,,,,,,,,,,该会议是图像与视频中面部、手势及身体运动识别领域的顶级国际论坛，涵盖基础计算机视觉、模式识别、计算机图形学、机器学习及其在面部、手势和身体动作方面的创新算法与应用。；关键词：面部识别；手势识别；身体运动识别；计算机视觉；模式识别；机器学习；多模态融合；生成建模；软生物特征；伦理与偏见,https://fg2026.ieee-biometrics.org/cfp,The IEEE conference series on Automatic Face and Gesture Recognition is the premier international forum for research in ,high,ok,2026-07-30T12:11:54+00:00
th_cpl,清华大学计算机学科群推荐学术会议和期刊列表（TH-CPL）,TH-CPL.csv,2019,conference,International Conference on Document Analysis and Recognition,人工智能与模式识别；Artificial Intelligence and Pattern Recognition,ICDAR,,,,,,人工智能与模式识别,Artificial Intelligence and Pattern Recognition,B,11,,,,12,,,,,,,,,,,,,,,,,,,,,,,,,,,,,,,,,,,,,,,,,,,,,ICDAR是文档分析与识别领域的顶级会议，涵盖文档图像处理、布局分析、文字与符号识别、手写识别、文档检索、场景文本检测、表格与公式识别、历史文档分析、文档理解基础模型等主题。；关键词：文档图像处理；文字识别；手写识别；场景文本检测；表格识别；文档理解；基础模型,https://icdar2026.org/index.php/call-for-paper/,The International Conference on Document Analysis and Recognition (ICDAR) is the premier scientific venue in the field o,high,ok,2026-07-30T12:11:54+00:00
th_cpl,清华大学计算机学科群推荐学术会议和期刊列表（TH-CPL）,TH-CPL.csv,2019,conference,IEEE\RSJ International Conference on Intelligent Robots and Systems,人工智能与模式识别；Artificial Intelligence and Pattern Recognition,IROS,,,,,,人工智能与模式识别,Artificial Intelligence and Pattern Recognition,B,12,,,,12,,,,,,,,,,,,,,,,,,,,,,,,,,,,,,,,,,,,,,,,,,,,,IROS 2026征稿涵盖智能机器人与系统领域，包括机器人设计、运动学/动力学/控制、系统集成、机器人AI、传感器网络、分布式与云机器人、仿生系统、服务机器人、自动化、生物医学应用、自主车辆、机器人感知、多指手操作、微纳系统、人机交互、机器人视觉等。；关键词：智能机器人；机器人设计；机器人控制；机器人AI；自主车辆；人机交互；机器人感知；仿生系统；服务机器人；机器人视觉,https://2026.ieee-iros.org/contribute/call-for-papers/,"Innovative research results on topics related (but not limited) to the following are invited: robot design, robot kinema",high,ok,2026-07-30T12:11:54+00:00
th_cpl,清华大学计算机学科群推荐学术会议和期刊列表（TH-CPL）,TH-CPL.csv,2019,conference,International Conference on Computational Linguistics,人工智能与模式识别；Artificial Intelligence and Pattern Recognition,COLING,,,,,,人工智能与模式识别,Artificial Intelligence and Pattern Recognition,B,13,,,,12,,,,,,,,,,,,,,,,,,,,,,,,,,,,,,,,,,,,,,,,,,,,,COLING 2027征稿涵盖计算语言学和自然语言处理的所有方面，包括但不限于语言资源、机器翻译、信息抽取、对话系统、情感分析、文本分类/摘要等。；关键词：计算语言学；自然语言处理；语言资源；机器翻译；信息抽取；对话系统；情感分析；文本分类；文本摘要,https://www.aclweb.org/portal/content/32nd-international-conference-computational-linguistics-coling-2027,"COLING 2027 invites the submission of long and short papers featuring substantial, original, and unpublished research in",high,ok,2026-07-30T12:11:54+00:00
th_cpl,清华大学计算机学科群推荐学术会议和期刊列表（TH-CPL）,TH-CPL.csv,2019,conference,International Joint Conference on Neural Networks,人工智能与模式识别；Artificial Intelligence and Pattern Recognition,IJCNN,,,,,,人工智能与模式识别,Artificial Intelligence and Pattern Recognition,B,14,,,,12,,,,,,,,,,,,,,,,,,,,,,,,,,,,,,,,,,,,,,,,,,,,,涵盖神经网络理论与应用，包括监督/无监督/强化学习、深度学习、脑机接口、生成式AI、大语言模型、图神经网络、可解释AI、神经符号系统、脉冲神经网络等前沿方向。；关键词：神经网络；深度学习；强化学习；大语言模型；生成式AI；图神经网络；可解释AI；脉冲神经网络；脑机接口；神经符号系统,https://attend.ieee.org/wcci-2026/ijcnn-2026-topics/,"IJCNN 2026 topics include, but are not limited to: Brain-machine Interfaces ... Large Language Models ... Spiking Neural",high,ok,2026-07-30T12:11:54+00:00
th_cpl,清华大学计算机学科群推荐学术会议和期刊列表（TH-CPL）,TH-CPL.csv,2019,conference,International Conference on Uncertainty in Artificial Intelligence,人工智能与模式识别；Artificial Intelligence and Pattern Recognition,UAI,,,,,,人工智能与模式识别,Artificial Intelligence and Pattern Recognition,B,15,,,,12,,,,,,,,,,,,,,,,,,,,,,,,,,,,,,,,,,,,,,,,,,,,,涵盖人工智能、机器学习与统计学中关于不确定性的学习与推理的新理论、新方法和新应用。；关键词：不确定性；人工智能；机器学习；统计学；推理；学习,https://www.auai.org/uai2026/call_for_papers,The Conference on Uncertainty in Artificial Intelligence (UAI) is one of the premier international conferences on resear,high,ok,2026-07-30T12:11:54+00:00
th_cpl,清华大学计算机学科群推荐学术会议和期刊列表（TH-CPL）,TH-CPL.csv,2019,conference,International Conference on Algorithmic Learning Theory,人工智能与模式识别；Artificial Intelligence and Pattern Recognition,ALT,,,,,,人工智能与模式识别,Artificial Intelligence and Pattern Recognition,B,16,,,,12,superseded: TH-CPL 2019 历史征稿页，已由当前年度范围取代。,,,,,,,,,,,,,,,,,,,,,,,,,,,,,,,,,,,,,,,,,,,,该会议涵盖机器学习的理论与算法，包括学习算法设计与分析、统计与计算学习理论、在线学习、优化方法、无监督/半监督/主动学习、深度学习、高维统计、贝叶斯方法、强化学习、隐私与通信约束下的学习等。；关键词：机器学习理论；算法设计；统计学习；在线学习；深度学习；强化学习；优化方法；高维统计,https://algorithmiclearningtheory.org/alt2019/call-for-papers/,已废止自动候选：TH-CPL 2019 历史征稿页，已由当前年度范围取代。 The ALT 2019 conference is dedicated to all theoretical and algorithmic aspects of machine learning.,low,superseded,2026-07-30T12:36:02+00:00
th_cpl,清华大学计算机学科群推荐学术会议和期刊列表（TH-CPL）,TH-CPL.csv,2019,conference,Conference on Recommender Systems,人工智能与模式识别；Artificial Intelligence and Pattern Recognition,RecSys,,,,,,人工智能与模式识别,Artificial Intelligence and Pattern Recognition,B,17,,,,12,,,,,,,,,,,,,,,,,,,,,,,,,,,,,,,,,,,,,,,,,,,,,涵盖推荐系统的所有方面，包括从电子商务到社交网络的应用，以及从协同过滤到知识推理或深度学习的技术。关注算法、系统、人类及经济影响，主题包括可扩展性、偏见与伦理、对话式推荐、跨域推荐、评估、解释、隐私、用户建模等。；关键词：推荐系统；协同过滤；深度学习；对话式推荐；隐私与安全；用户建模；评估指标；可解释性,https://recsys.acm.org/recsys19/call/,"We invite submissions on all aspects of recommender systems, including applications ranging from e-commerce to social ne",high,ok,2026-07-30T12:36:13+00:00
th_cpl,清华大学计算机学科群推荐学术会议和期刊列表（TH-CPL）,TH-CPL.csv,2019,journal,IEEE Trans on Pattern Analysis and Machine Intelligence,人工智能与模式识别；Artificial Intelligence and Pattern Recognition,TPAMI,,,,,,人工智能与模式识别,Artificial Intelligence and Pattern Recognition,A,1,,,,12,,,,,,,,,,,,,,,,,,,,,,,,,,,,,,,,,,,,,,,,,,,,,,,,,no_candidate_pages,2026-07-30T12:36:17+00:00
th_cpl,清华大学计算机学科群推荐学术会议和期刊列表（TH-CPL）,TH-CPL.csv,2019,journal,International Journal of Computer Vision,人工智能与模式识别；Artificial Intelligence and Pattern Recognition,IJCV,,,,,,人工智能与模式识别,Artificial Intelligence and Pattern Recognition,A,2,,,,12,,,,,,,,,,,,,,,,,,,,,,,,,,,,,,,,,,,,,,,,,,,,,,,,,no_candidate_pages,2026-07-30T12:36:25+00:00
th_cpl,清华大学计算机学科群推荐学术会议和期刊列表（TH-CPL）,TH-CPL.csv,2019,journal,Journal of Machine Learning Research,人工智能与模式识别；Artificial Intelligence and Pattern Recognition,JMLR,,,,,,人工智能与模式识别,Artificial Intelligence and Pattern Recognition,A,3,,,,12,,,,,,,,,,,,,,,,,,,,,,,,,,,,,,,,,,,,,,,,,,,,,,,,,no_candidate_pages,2026-07-30T12:36:31+00:00
th_cpl,清华大学计算机学科群推荐学术会议和期刊列表（TH-CPL）,TH-CPL.csv,2019,journal,IEEE Transactions on Robotics,人工智能与模式识别；Artificial Intelligence and Pattern Recognition,TR,,,,,,人工智能与模式识别,Artificial Intelligence and Pattern Recognition,A,4,,,,12,,,,,,,,,,,,,,,,,,,,,,,,,,,,,,,,,,,,,,,,,,,,,,,,,no_candidate_pages,2026-07-30T12:36:37+00:00
th_cpl,清华大学计算机学科群推荐学术会议和期刊列表（TH-CPL）,TH-CPL.csv,2019,journal,Artificial Intelligence,人工智能与模式识别；Artificial Intelligence and Pattern Recognition,AI,,,,,,人工智能与模式识别,Artificial Intelligence and Pattern Recognition,A,5,,,,12,,,,,,,,,,,,,,,,,,,,,,,,,,,,,,,,,,,,,,,,,,,,,,,,,no_candidate_pages,2026-07-30T12:36:47+00:00
th_cpl,清华大学计算机学科群推荐学术会议和期刊列表（TH-CPL）,TH-CPL.csv,2019,journal,"IEEE Transactions on Audio Speech, and Language Processing",人工智能与模式识别；Artificial Intelligence and Pattern Recognition,TASLP,,,,,,人工智能与模式识别,Artificial Intelligence and Pattern Recognition,A,6,,,,12,,,,,,,,,,,,,,,,,,,,,,,,,,,,,,,,,,,,,,,,,,,,,,,,,no_candidate_pages,2026-07-30T12:36:50+00:00
th_cpl,清华大学计算机学科群推荐学术会议和期刊列表（TH-CPL）,TH-CPL.csv,2019,journal,IEEE Transactions on Evolutionary Computation,人工智能与模式识别；Artificial Intelligence and Pattern Recognition,TEC,,,,,,人工智能与模式识别,Artificial Intelligence and Pattern Recognition,B,1,,,,12,,,,,,,,,,,,,,,,,,,,,,,,,,,,,,,,,,,,,,,,,,,,,,,,,no_candidate_pages,2026-07-30T12:36:53+00:00
th_cpl,清华大学计算机学科群推荐学术会议和期刊列表（TH-CPL）,TH-CPL.csv,2019,journal,IEEE Transactions on Neural Networks and learning systems,人工智能与模式识别；Artificial Intelligence and Pattern Recognition,TNNLS,,,,,,人工智能与模式识别,Artificial Intelligence and Pattern Recognition,B,2,,,,12,,,,,,,,,,,,,,,,,,,,,,,,,,,,,,,,,,,,,,,,,,,,,该期刊发表关于神经网络及相关学习系统的理论、设计与应用的技术文章。；关键词：神经网络；学习系统；理论；设计；应用,https://cis.ieee.org/publications/t-neural-networks-and-learning-systems,"The IEEE Transactions on Neural Networks and Learning Systems publishes technical articles that deal with the theory, de",high,ok,2026-07-30T12:37:05+00:00
th_cpl,清华大学计算机学科群推荐学术会议和期刊列表（TH-CPL）,TH-CPL.csv,2019,journal,IEEE Transactions on Cybernetics,人工智能与模式识别；Artificial Intelligence and Pattern Recognition,,,,,,,人工智能与模式识别,Artificial Intelligence and Pattern Recognition,B,3,,,,12,,,,,,,,,,,,,,,,,,,,,,,,,,,,,,,,,,,,,,,,,,,,,,https://xplorestaging.ieee.org/xpl/aboutJournal.jsp?punumber=6221036,页面仅显示IEEE Xplore通用帮助和账户信息，无期刊范围描述,low,not_relevant,2026-07-30T12:37:14+00:00
th_cpl,清华大学计算机学科群推荐学术会议和期刊列表（TH-CPL）,TH-CPL.csv,2019,journal,IEEE Transactions on Fuzzy Systems,人工智能与模式识别；Artificial Intelligence and Pattern Recognition,TFS,,,,,,人工智能与模式识别,Artificial Intelligence and Pattern Recognition,B,4,,,,12,,,,,,,,,,,,,,,,,,,,,,,,,,,,,,,,,,,,,,,,,,,,,,,,,no_candidate_pages,2026-07-30T12:37:19+00:00
th_cpl,清华大学计算机学科群推荐学术会议和期刊列表（TH-CPL）,TH-CPL.csv,2019,journal,Pattern Recognition,人工智能与模式识别；Artificial Intelligence and Pattern Recognition,PR,,,,,,人工智能与模式识别,Artificial Intelligence and Pattern Recognition,B,5,,,,13,,,,,,,,,,,,,,,,,,,,,,,,,,,,,,,,,,,,,,,,,,,,,,,,,no_candidate_pages,2026-07-30T12:37:26+00:00
th_cpl,清华大学计算机学科群推荐学术会议和期刊列表（TH-CPL）,TH-CPL.csv,2019,journal,IEEE Transactions on Affective Computing,人工智能与模式识别；Artificial Intelligence and Pattern Recognition,TAC,,,,,,人工智能与模式识别,Artificial Intelligence and Pattern Recognition,B,6,,,,13,,,,,,,,,,,,,,,,,,,,,,,,,,,,,,,,,,,,,,,,,,,,,,,,,no_candidate_pages,2026-07-30T12:37:28+00:00
th_cpl,清华大学计算机学科群推荐学术会议和期刊列表（TH-CPL）,TH-CPL.csv,2019,journal,Journal of Biomedical Informatics,人工智能与模式识别；Artificial Intelligence and Pattern Recognition,JBI,,,,,,人工智能与模式识别,Artificial Intelligence and Pattern Recognition,B,7,,,,13,,,,,,,,,,,,,,,,,,,,,,,,,,,,,,,,,,,,,,,,,,,,,,,,,no_candidate_pages,2026-07-30T12:37:31+00:00
th_cpl,清华大学计算机学科群推荐学术会议和期刊列表（TH-CPL）,TH-CPL.csv,2019,journal,Neural Networks,人工智能与模式识别；Artificial Intelligence and Pattern Recognition,,,,,,,人工智能与模式识别,Artificial Intelligence and Pattern Recognition,B,8,,,,13,,,,,,,,,,,,,,,,,,,,,,,,,,,,,,,,,,,,,,,,,,,,,,,,,no_candidate_pages,2026-07-30T12:37:33+00:00
th_cpl,清华大学计算机学科群推荐学术会议和期刊列表（TH-CPL）,TH-CPL.csv,2019,journal,KNOWLEDGE-BASED SYSTEMS,人工智能与模式识别；Artificial Intelligence and Pattern Recognition,,,,,,,人工智能与模式识别,Artificial Intelligence and Pattern Recognition,B,9,,,,13,,,,,,,,,,,,,,,,,,,,,,,,,,,,,,,,,,,,,,,,,,,,,,,,,no_candidate_pages,2026-07-30T12:37:37+00:00
th_cpl,清华大学计算机学科群推荐学术会议和期刊列表（TH-CPL）,TH-CPL.csv,2019,journal,Expert Systems with Applications,人工智能与模式识别；Artificial Intelligence and Pattern Recognition,Expert Syst. Appl.,,,,,,人工智能与模式识别,Artificial Intelligence and Pattern Recognition,B,10,,,,13,,,,,,,,,,,,,,,,,,,,,,,,,,,,,,,,,,,,,,,,,,,,,,,,,no_candidate_pages,2026-07-30T12:37:39+00:00
th_cpl,清华大学计算机学科群推荐学术会议和期刊列表（TH-CPL）,TH-CPL.csv,2019,journal,Pattern Recognition Letters,人工智能与模式识别；Artificial Intelligence and Pattern Recognition,PRL,,,,,,人工智能与模式识别,Artificial Intelligence and Pattern Recognition,B,11,,,,13,,,,,,,,,,,,,,,,,,,,,,,,,,,,,,,,,,,,,,,,,,,,,,,,,no_candidate_pages,2026-07-30T12:37:42+00:00
th_cpl,清华大学计算机学科群推荐学术会议和期刊列表（TH-CPL）,TH-CPL.csv,2019,journal,Journal of Artificial Intelligence Research,人工智能与模式识别；Artificial Intelligence and Pattern Recognition,JAIR,,,,,,人工智能与模式识别,Artificial Intelligence and Pattern Recognition,B,12,,,,13,,,,,,,,,,,,,,,,,,,,,,,,,,,,,,,,,,,,,,,,,,,,,,,,,no_candidate_pages,2026-07-30T12:37:46+00:00
th_cpl,清华大学计算机学科群推荐学术会议和期刊列表（TH-CPL）,TH-CPL.csv,2019,journal,Computer Vision and Image Understanding,人工智能与模式识别；Artificial Intelligence and Pattern Recognition,CVIU,,,,,,人工智能与模式识别,Artificial Intelligence and Pattern Recognition,B,13,,,,13,,,,,,,,,,,,,,,,,,,,,,,,,,,,,,,,,,,,,,,,,,,,,,,,,no_candidate_pages,2026-07-30T12:37:49+00:00
th_cpl,清华大学计算机学科群推荐学术会议和期刊列表（TH-CPL）,TH-CPL.csv,2019,journal,Engineering Applications of Artificial Intelligence,人工智能与模式识别；Artificial Intelligence and Pattern Recognition,EAAI,,,,,,人工智能与模式识别,Artificial Intelligence and Pattern Recognition,B,14,,,,13,,,,,,,,,,,,,,,,,,,,,,,,,,,,,,,,,,,,,,,,,,,,,,,,,no_candidate_pages,2026-07-30T12:37:53+00:00
th_cpl,清华大学计算机学科群推荐学术会议和期刊列表（TH-CPL）,TH-CPL.csv,2019,journal,International Journal of Neural Systems,人工智能与模式识别；Artificial Intelligence and Pattern Recognition,,,,,,,人工智能与模式识别,Artificial Intelligence and Pattern Recognition,B,15,,,,13,,,,,,,,,,,,,,,,,,,,,,,,,,,,,,,,,,,,,,,,,,,,,,,,,no_candidate_pages,2026-07-30T12:37:57+00:00
th_cpl,清华大学计算机学科群推荐学术会议和期刊列表（TH-CPL）,TH-CPL.csv,2019,journal,Neurocomputing,人工智能与模式识别；Artificial Intelligence and Pattern Recognition,,,,,,,人工智能与模式识别,Artificial Intelligence and Pattern Recognition,B,16,,,,13,,,,,,,,,,,,,,,,,,,,,,,,,,,,,,,,,,,,,,,,,,,,,,,,,no_candidate_pages,2026-07-30T12:38:01+00:00
th_cpl,清华大学计算机学科群推荐学术会议和期刊列表（TH-CPL）,TH-CPL.csv,2019,journal,Evolutionary Computation,人工智能与模式识别；Artificial Intelligence and Pattern Recognition,,,,,,,人工智能与模式识别,Artificial Intelligence and Pattern Recognition,B,17,,,,13,,,,,,,,,,,,,,,,,,,,,,,,,,,,,,,,,,,,,,,,,,,,,,,,,no_candidate_pages,2026-07-30T12:38:03+00:00
th_cpl,清华大学计算机学科群推荐学术会议和期刊列表（TH-CPL）,TH-CPL.csv,2019,journal,Computational Linguistics,人工智能与模式识别；Artificial Intelligence and Pattern Recognition,,,,,,,人工智能与模式识别,Artificial Intelligence and Pattern Recognition,B,18,,,,13,,,,,,,,,,,,,,,,,,,,,,,,,,,,,,,,,,,,,,,,,,,,,,,,,no_candidate_pages,2026-07-30T12:38:05+00:00
th_cpl,清华大学计算机学科群推荐学术会议和期刊列表（TH-CPL）,TH-CPL.csv,2019,journal,Machine Learning,人工智能与模式识别；Artificial Intelligence and Pattern Recognition,,,,,,,人工智能与模式识别,Artificial Intelligence and Pattern Recognition,B,19,,,,13,,,,,,,,,,,,,,,,,,,,,,,,,,,,,,,,,,,,,,,,,,,,,,,,,no_candidate_pages,2026-07-30T12:38:08+00:00
th_cpl,清华大学计算机学科群推荐学术会议和期刊列表（TH-CPL）,TH-CPL.csv,2019,journal,Artificial Intelligence in Medicine,人工智能与模式识别；Artificial Intelligence and Pattern Recognition,AIM,,,,,,人工智能与模式识别,Artificial Intelligence and Pattern Recognition,B,20,,,,13,,,,,,,,,,,,,,,,,,,,,,,,,,,,,,,,,,,,,,,,,,,,,,,,,no_candidate_pages,2026-07-30T12:38:10+00:00
th_cpl,清华大学计算机学科群推荐学术会议和期刊列表（TH-CPL）,TH-CPL.csv,2019,journal,Image and Vision Computing,人工智能与模式识别；Artificial Intelligence and Pattern Recognition,,,,,,,人工智能与模式识别,Artificial Intelligence and Pattern Recognition,B,21,,,,13,,,,,,,,,,,,,,,,,,,,,,,,,,,,,,,,,,,,,,,,,,,,,,,,,no_candidate_pages,2026-07-30T12:38:13+00:00
th_cpl,清华大学计算机学科群推荐学术会议和期刊列表（TH-CPL）,TH-CPL.csv,2019,journal,Computer Speech and Language,人工智能与模式识别；Artificial Intelligence and Pattern Recognition,,,,,,,人工智能与模式识别,Artificial Intelligence and Pattern Recognition,B,22,,,,13,,,,,,,,,,,,,,,,,,,,,,,,,,,,,,,,,,,,,,,,,,,,,,,,,no_candidate_pages,2026-07-30T12:38:15+00:00
th_cpl,清华大学计算机学科群推荐学术会议和期刊列表（TH-CPL）,TH-CPL.csv,2019,journal,Journal of Automated Reasoning,人工智能与模式识别；Artificial Intelligence and Pattern Recognition,,,,,,,人工智能与模式识别,Artificial Intelligence and Pattern Recognition,B,23,,,,13,,,,,,,,,,,,,,,,,,,,,,,,,,,,,,,,,,,,,,,,,,,,,,,,,no_candidate_pages,2026-07-30T12:38:18+00:00
th_cpl,清华大学计算机学科群推荐学术会议和期刊列表（TH-CPL）,TH-CPL.csv,2019,journal,International Journal of Approximate Reasoning,人工智能与模式识别；Artificial Intelligence and Pattern Recognition,IJAR,,,,,,人工智能与模式识别,Artificial Intelligence and Pattern Recognition,B,24,,,,13,,,,,,,,,,,,,,,,,,,,,,,,,,,,,,,,,,,,,,,,,,,,,,,,,no_candidate_pages,2026-07-30T12:38:20+00:00
th_cpl,清华大学计算机学科群推荐学术会议和期刊列表（TH-CPL）,TH-CPL.csv,2019,journal,Autonomous Agents and Multi-Agent Systems,人工智能与模式识别；Artificial Intelligence and Pattern Recognition,AAMAS,,,,,,人工智能与模式识别,Artificial Intelligence and Pattern Recognition,B,25,,,,13,,,,,,,,,,,,,,,,,,,,,,,,,,,,,,,,,,,,,,,,,,,,,,,,,no_candidate_pages,2026-07-30T12:38:22+00:00
th_cpl,清华大学计算机学科群推荐学术会议和期刊列表（TH-CPL）,TH-CPL.csv,2019,journal,International Journal of Intelligent Systems,人工智能与模式识别；Artificial Intelligence and Pattern Recognition,IJIS,,,,,,人工智能与模式识别,Artificial Intelligence and Pattern Recognition,B,26,,,,13,,,,,,,,,,,,,,,,,,,,,,,,,,,,,,,,,,,,,,,,,,,,,,,,,no_candidate_pages,2026-07-30T12:38:26+00:00
th_cpl,清华大学计算机学科群推荐学术会议和期刊列表（TH-CPL）,TH-CPL.csv,2019,journal,IEEE Transactions on Games,人工智能与模式识别；Artificial Intelligence and Pattern Recognition,TG,,,,,,人工智能与模式识别,Artificial Intelligence and Pattern Recognition,B,27,,,,13,,,,,,,,,,,,,,,,,,,,,,,,,,,,,,,,,,,,,,,,,,,,,,,,,no_candidate_pages,2026-07-30T12:38:28+00:00
th_cpl,清华大学计算机学科群推荐学术会议和期刊列表（TH-CPL）,TH-CPL.csv,2019,journal,"Journal of Speech, Language, and Hearing Research",人工智能与模式识别；Artificial Intelligence and Pattern Recognition,JSLHR,,,,,,人工智能与模式识别,Artificial Intelligence and Pattern Recognition,B,28,,,,13,,,,,,,,,,,,,,,,,,,,,,,,,,,,,,,,,,,,,,,,,,,,,,,,,no_candidate_pages,2026-07-30T12:38:30+00:00
th_cpl,清华大学计算机学科群推荐学术会议和期刊列表（TH-CPL）,TH-CPL.csv,2019,journal,Neural Computation,人工智能与模式识别；Artificial Intelligence and Pattern Recognition,,,,,,,人工智能与模式识别,Artificial Intelligence and Pattern Recognition,B,29,,,,13,,,,,,,,,,,,,,,,,,,,,,,,,,,,,,,,,,,,,,,,,,,,,,,,,no_candidate_pages,2026-07-30T12:38:31+00:00
th_cpl,清华大学计算机学科群推荐学术会议和期刊列表（TH-CPL）,TH-CPL.csv,2019,journal,Applied Intelligence,人工智能与模式识别；Artificial Intelligence and Pattern Recognition,,,,,,,人工智能与模式识别,Artificial Intelligence and Pattern Recognition,B,30,,,,13,,,,,,,,,,,,,,,,,,,,,,,,,,,,,,,,,,,,,,,,,,,,,,,,,no_candidate_pages,2026-07-30T12:38:33+00:00
th_cpl,清华大学计算机学科群推荐学术会议和期刊列表（TH-CPL）,TH-CPL.csv,2019,journal,Transactions of the Association for Computational Linguistics,人工智能与模式识别；Artificial Intelligence and Pattern Recognition,TACL,,,,,,人工智能与模式识别,Artificial Intelligence and Pattern Recognition,B,31,,,,13,,,,,,,,,,,,,,,,,,,,,,,,,,,,,,,,,,,,,,,,,,,,,,,,,no_candidate_pages,2026-07-30T12:38:37+00:00
th_cpl,清华大学计算机学科群推荐学术会议和期刊列表（TH-CPL）,TH-CPL.csv,2019,journal,智能系统学报,人工智能与模式识别；Artificial Intelligence and Pattern Recognition,,,,,,,人工智能与模式识别,Artificial Intelligence and Pattern Recognition,B,32,,,,13,,,,,,,,,,,,,,,,,,,,,,,,,,,,,,,,,,,,,,,,,,,,,,,,,no_candidate_pages,2026-07-30T12:38:39+00:00
th_cpl,清华大学计算机学科群推荐学术会议和期刊列表（TH-CPL）,TH-CPL.csv,2019,journal,中文信息学报,人工智能与模式识别；Artificial Intelligence and Pattern Recognition,,,,,,,人工智能与模式识别,Artificial Intelligence and Pattern Recognition,B,33,,,,13,,,,,,,,,,,,,,,,,,,,,,,,,,,,,,,,,,,,,,,,,,,,,,,,,no_candidate_pages,2026-07-30T12:38:41+00:00
th_cpl,清华大学计算机学科群推荐学术会议和期刊列表（TH-CPL）,TH-CPL.csv,2019,conference,ACM SIGGRAPH Annual Conference,计算机图形学与多媒体；Computer Graphics and Multimedia,SIGGRAPH,,,,,,计算机图形学与多媒体,Computer Graphics and Multimedia,A,1,,,,13,,,,,,,,,,,,,,,,,,,,,,,,,,,,,,,,,,,,,,,,,,,,,SIGGRAPH 2026技术论文征稿涵盖计算机图形学与交互技术的广泛领域，包括动画、仿真、成像、几何、建模、渲染、人机交互、AR/VR、触觉、制造、机器人、可视化、音频、光学、编程语言、医学成像、沉浸式体验、生成式AI及机器学习等，并鼓励跨学科应用。；关键词：计算机图形学；交互技术；动画；仿真；AR/VR；生成式AI；机器学习；可视化；人机交互,https://s2026.siggraph.org/technical-papers-submissions-faq/,We are looking for high-quality research papers that cover a broad spectrum of areas including but not limited to animat,high,ok,2026-07-30T12:11:54+00:00
th_cpl,清华大学计算机学科群推荐学术会议和期刊列表（TH-CPL）,TH-CPL.csv,2019,conference,IEEE Visualization Conference,计算机图形学与多媒体；Computer Graphics and Multimedia,IEEE VIS,,,,,,计算机图形学与多媒体,Computer Graphics and Multimedia,A,2,,,,14,,,,,,,,,,,,,,,,,,,,,,,,,,,,,,,,,,,,,,,,,,,,,IEEE VIS 2026征集可视化领域所有方向的原创研究与应用，涵盖理论与实证、应用、系统与渲染、表示与交互、数据变换、分析与决策六大领域。；关键词：可视化；理论与实证；应用；系统与渲染；表示与交互；数据变换；分析与决策,https://ieeevis.org/year/2026/info/call-participation/call-for-participation/,IEEE VIS 2026 solicits novel research contributions and innovative applications in all areas of visualization.,high,ok,2026-07-30T12:11:54+00:00
th_cpl,清华大学计算机学科群推荐学术会议和期刊列表（TH-CPL）,TH-CPL.csv,2019,conference,ACM International Conference on Multimedia,计算机图形学与多媒体；Computer Graphics and Multimedia,ACM MM,,,,,,计算机图形学与多媒体,Computer Graphics and Multimedia,A,3,,,,14,,,,,,,,,,,,,,,,,,,,,,,,,,,,,,,,,,,,,,,,,,,,,,,,,no_candidate_pages,2026-07-30T12:38:42+00:00
th_cpl,清华大学计算机学科群推荐学术会议和期刊列表（TH-CPL）,TH-CPL.csv,2019,conference,IEEE Virtual Reality,计算机图形学与多媒体；Computer Graphics and Multimedia,VR,,,,,,计算机图形学与多媒体,Computer Graphics and Multimedia,A,4,,,,14,,,,,,,,,,,,,,,,,,,,,,,,,,,,,,,,,,,,,,,,,,,,,IEEE VR 2026征稿涵盖虚拟现实、增强现实、混合现实及3D用户界面所有领域，包括方法论、技术、应用和系统四类论文，具体主题涉及显示、交互、感知、人因、沉浸式分析、触觉、导航、伦理等。；关键词：虚拟现实；增强现实；混合现实；3D用户界面；人机交互；沉浸式分析；触觉渲染；感知与认知,https://ieeevr.org/2026/contribute/papers/,"IEEE VR 2026 seeks original, high-quality papers in all areas related to virtual reality (VR), including augmented reali",high,ok,2026-07-30T12:11:54+00:00
th_cpl,清华大学计算机学科群推荐学术会议和期刊列表（TH-CPL）,TH-CPL.csv,2019,conference,Symposium on Solid and Physical Modeling,计算机图形学与多媒体；Computer Graphics and Multimedia,SPM,,,,,,计算机图形学与多媒体,Computer Graphics and Multimedia,B,1,,,,14,,,,,,,,,,,,,,,,,,,,,,,,,,,,,,,,,,,,,,,,,,,,,SPM 2026征稿涵盖实体与物理建模的几何算法、计算制造、逆向工程、形状分析等主题，录用论文将发表于Computer-Aided Design期刊。；关键词：实体建模；物理建模；几何算法；计算制造；逆向工程；形状分析；网格生成；等几何分析,https://spmconf2026.github.io/cfp.html,"Scope Topics of interest include, but are not limited to: 3D fabrication/printing/manufacturing technologies...",high,ok,2026-07-30T12:11:54+00:00
th_cpl,清华大学计算机学科群推荐学术会议和期刊列表（TH-CPL）,TH-CPL.csv,2019,conference,Eurographics Symposium on Rendering,计算机图形学与多媒体；Computer Graphics and Multimedia,EGSR,,,,,,计算机图形学与多媒体,Computer Graphics and Multimedia,B,2,,,,14,,,,,,,,,,,,,,,,,,,,,,,,,,,,,,,,,,,,,,,,,,,,,EGSR 2026征稿涵盖渲染与图像合成的前沿研究，包括物理渲染、实时渲染、神经渲染、计算摄影、材质建模、AR/VR渲染等，设有研究轨和行业/立场论文轨。；关键词：渲染；图像合成；物理渲染；实时渲染；神经渲染；计算摄影；材质建模；AR/VR,https://egsr2026.inria.fr/call-for-papers/,"We invite original contributions that advance the state-of-the-art in topics related, but not limited, to:",high,ok,2026-07-30T12:11:54+00:00
th_cpl,清华大学计算机学科群推荐学术会议和期刊列表（TH-CPL）,TH-CPL.csv,2019,conference,International Symposium on Mixed and Augmented Reality,计算机图形学与多媒体；Computer Graphics and Multimedia,ISMAR,,,,,,计算机图形学与多媒体,Computer Graphics and Multimedia,B,3,,,,14,,,,,,,,,,,,,,,,,,,,,,,,,,,,,,,,,,,,,,,,,,,,,,,,,no_candidate_pages,2026-07-30T12:38:44+00:00
th_cpl,清华大学计算机学科群推荐学术会议和期刊列表（TH-CPL）,TH-CPL.csv,2019,conference,Eurographics,计算机图形学与多媒体；Computer Graphics and Multimedia,EG,,,,,,计算机图形学与多媒体,Computer Graphics and Multimedia,B,4,,,,14,,,,,,,,,,,,,,,,,,,,,,,,,,,,,,,,,,,,,,,,,,,,,,,,,no_candidate_pages,2026-07-30T12:38:46+00:00
th_cpl,清华大学计算机学科群推荐学术会议和期刊列表（TH-CPL）,TH-CPL.csv,2019,conference,Eurographics Symposium on Geometry Processing,计算机图形学与多媒体；Computer Graphics and Multimedia,SGP,,,,,,计算机图形学与多媒体,Computer Graphics and Multimedia,B,5,,,,14,,,,,,,,,,,,,,,,,,,,,,,,,,,,,,,,,,,,,,,,,,,,,,,,,no_candidate_pages,2026-07-30T12:38:49+00:00
th_cpl,清华大学计算机学科群推荐学术会议和期刊列表（TH-CPL）,TH-CPL.csv,2019,conference,ACM/Eurographics Symposium on Computer Animation,计算机图形学与多媒体；Computer Graphics and Multimedia,SCA,,,,,,计算机图形学与多媒体,Computer Graphics and Multimedia,B,6,,,,14,,,,,,,,,,,,,,,,,,,,,,,,,,,,,,,,,,,,,,,,,,,,,,,,,no_candidate_pages,2026-07-30T12:38:52+00:00
th_cpl,清华大学计算机学科群推荐学术会议和期刊列表（TH-CPL）,TH-CPL.csv,2019,conference,Eurographics Conference on Visualization,计算机图形学与多媒体；Computer Graphics and Multimedia,EuroVis,,,,,,计算机图形学与多媒体,Computer Graphics and Multimedia,B,7,,,,14,,,,,,,,,,,,,,,,,,,,,,,,,,,,,,,,,,,,,,,,,,,,,,,,,no_candidate_pages,2026-07-30T12:38:54+00:00
th_cpl,清华大学计算机学科群推荐学术会议和期刊列表（TH-CPL）,TH-CPL.csv,2019,conference,"IEEE International Conference on Acoustics, Speech and SP",计算机图形学与多媒体；Computer Graphics and Multimedia,ICASSP,,,,,,计算机图形学与多媒体,Computer Graphics and Multimedia,B,8,,,,14,,,,,,,,,,,,,,,,,,,,,,,,,,,,,,,,,,,,,,,,,,,,,涵盖声学、语音、信号处理理论、机器学习、多媒体、图像视频、通信、生物医学、安全、物联网、量子信号处理等广泛领域。；关键词：信号处理；声学；语音处理；机器学习；多媒体；图像处理；通信；生物医学成像；信息安全；物联网,https://2026.ieeeicassp.org/call-for-papers/,"We invite submissions of original, unpublished technical papers on topics including but not limited to:",high,ok,2026-07-30T12:11:54+00:00
th_cpl,清华大学计算机学科群推荐学术会议和期刊列表（TH-CPL）,TH-CPL.csv,2019,conference,ACM SIGMM International Conference on Multimedia Retrieval,计算机图形学与多媒体；Computer Graphics and Multimedia,ICMR,,,,,,计算机图形学与多媒体,Computer Graphics and Multimedia,B,9,,,,14,,,,,,,,,,,,,,,,,,,,,,,,,,,,,,,,,,,,,,,,,,,,,ACM ICMR 2026征稿涵盖多媒体检索及其相关领域，包括内容分析、深度学习、大规模检索、推荐系统、多模态数据融合、隐私保护、公平性等，并涉及新闻、医疗、体育等应用。；关键词：多媒体检索；深度学习；多模态数据；内容分析；大规模检索；推荐系统；隐私保护；公平性,https://icmr2026.org/calls.html,ACM ICMR 2026 is calling for high-quality original papers addressing innovative research in multimedia retrieval and its,high,ok,2026-07-30T12:11:54+00:00
th_cpl,清华大学计算机学科群推荐学术会议和期刊列表（TH-CPL）,TH-CPL.csv,2019,conference,International Conference on Image Processing,计算机图形学与多媒体；Computer Graphics and Multimedia,ICIP,,,,,,计算机图形学与多媒体,Computer Graphics and Multimedia,B,10,,,,14,,,,,,,,,,,,,,,,,,,,,,,,,,,,,,,,,,,,,,,,,,,,,,,,,no_candidate_pages,2026-07-30T12:38:57+00:00
th_cpl,清华大学计算机学科群推荐学术会议和期刊列表（TH-CPL）,TH-CPL.csv,2019,conference,ACM Symposium on Interactive 3D Graphics,计算机图形学与多媒体；Computer Graphics and Multimedia,SI3D,,,,,,计算机图形学与多媒体,Computer Graphics and Multimedia,B,11,,,,14,,,,,,,,,,,,,,,,,,,,,,,,,,,,,,,,,,,,,,,,,,,,,,,,,no_candidate_pages,2026-07-30T12:39:00+00:00
th_cpl,清华大学计算机学科群推荐学术会议和期刊列表（TH-CPL）,TH-CPL.csv,2019,conference,IEEE Pacific Visualization Symposium,计算机图形学与多媒体；Computer Graphics and Multimedia,PacificVis,,,,,,计算机图形学与多媒体,Computer Graphics and Multimedia,B,12,,,,14,,,,,,,,,,,,,,,,,,,,,,,,,,,,,,,,,,,,,,,,,,,,,IEEE PacificVis 2026征集所有可视化领域的创新研究与应用，涵盖可视化技术、交互、分析、理论、实证研究及在生物、教育、机器学习、物理、安全、社会科学等领域的应用。；关键词：可视化技术；交互；分析；理论贡献；实证研究；应用；生物科学；机器学习；物理科学；安全；社会科学,https://pacificvis2026.github.io/common-call-for-papers.html,IEEE PacificVis 2026 solicits novel research contributions and innovative applications in all areas of visualization.,high,ok,2026-07-30T12:11:54+00:00
th_cpl,清华大学计算机学科群推荐学术会议和期刊列表（TH-CPL）,TH-CPL.csv,2019,conference,Pacific Graphics: The Pacific Conference on Computer Graphics and Applications,计算机图形学与多媒体；Computer Graphics and Multimedia,PG,,,,,,计算机图形学与多媒体,Computer Graphics and Multimedia,B,13,,,,14,,,,,,,,,,,,,,,,,,,,,,,,,,,,,,,,,,,,,,,,,,,,,,,,,no_candidate_pages,2026-07-30T12:39:02+00:00
th_cpl,清华大学计算机学科群推荐学术会议和期刊列表（TH-CPL）,TH-CPL.csv,2019,conference,Data Compression Conference,计算机图形学与多媒体；Computer Graphics and Multimedia,DCC,,,,,,计算机图形学与多媒体,Computer Graphics and Multimedia,B,14,,,,14,,,,,,,,,,,,,,,,,,,,,,,,,,,,,,,,,,,,,,,,,,,,,数据压缩会议涵盖数据压缩理论与应用，包括图像、视频、音频、文本、生物信息等领域的压缩算法、系统与实现，以及机器学习在压缩中的应用。；关键词：数据压缩；图像压缩；视频压缩；音频压缩；文本压缩；生物信息压缩；压缩算法；机器学习压缩,https://sites.google.com/view/dcc26/submission-info,"Proposals for half-day workshops on advanced topics related to design theory, design computing, design...",medium,ok,2026-07-30T12:11:54+00:00
th_cpl,清华大学计算机学科群推荐学术会议和期刊列表（TH-CPL）,TH-CPL.csv,2019,journal,IEEE Transactions on Image Processing,计算机图形学与多媒体；Computer Graphics and Multimedia,TIP,,,,,,计算机图形学与多媒体,Computer Graphics and Multimedia,A,1,,,,14,,,,,,,,,,,,,,,,,,,,,,,,,,,,,,,,,,,,,,,,,,,,,,,,,no_candidate_pages,2026-07-30T12:39:06+00:00
th_cpl,清华大学计算机学科群推荐学术会议和期刊列表（TH-CPL）,TH-CPL.csv,2019,journal,ACM Transactions on Graphics,计算机图形学与多媒体；Computer Graphics and Multimedia,TOG,,,,,,计算机图形学与多媒体,Computer Graphics and Multimedia,A,2,,,,14,,,,,,,,,,,,,,,,,,,,,,,,,,,,,,,,,,,,,,,,,,,,,,,,,no_candidate_pages,2026-07-30T12:39:09+00:00
th_cpl,清华大学计算机学科群推荐学术会议和期刊列表（TH-CPL）,TH-CPL.csv,2019,journal,IEEE Transactions on Multimedia,计算机图形学与多媒体；Computer Graphics and Multimedia,TMM,,,,,,计算机图形学与多媒体,Computer Graphics and Multimedia,A,3,,,,14,,,,,,,,,,,,,,,,,,,,,,,,,,,,,,,,,,,,,,,,,,,,,,,,,no_candidate_pages,2026-07-30T12:39:11+00:00
th_cpl,清华大学计算机学科群推荐学术会议和期刊列表（TH-CPL）,TH-CPL.csv,2019,journal,IEEE Transactions on Visualization and Computer Graphics,计算机图形学与多媒体；Computer Graphics and Multimedia,TVCG,,,,,,计算机图形学与多媒体,Computer Graphics and Multimedia,A,4,,,,14,,,,,,,,,,,,,,,,,,,,,,,,,,,,,,,,,,,,,,,,,,,,,,,,,no_candidate_pages,2026-07-30T12:39:14+00:00
th_cpl,清华大学计算机学科群推荐学术会议和期刊列表（TH-CPL）,TH-CPL.csv,2019,journal,Computer-Aided Design,计算机图形学与多媒体；Computer Graphics and Multimedia,CAD,,,,,,计算机图形学与多媒体,Computer Graphics and Multimedia,A,5,,,,14,,,,,,,,,,,,,,,,,,,,,,,,,,,,,,,,,,,,,,,,,,,,,,,,,no_candidate_pages,2026-07-30T12:39:17+00:00
th_cpl,清华大学计算机学科群推荐学术会议和期刊列表（TH-CPL）,TH-CPL.csv,2019,journal,Signal Processing,计算机图形学与多媒体；Computer Graphics and Multimedia,,,,,,,计算机图形学与多媒体,Computer Graphics and Multimedia,B,1,,,,14,,,,,,,,,,,,,,,,,,,,,,,,,,,,,,,,,,,,,,,,,,,,,,,,,no_candidate_pages,2026-07-30T12:39:19+00:00
th_cpl,清华大学计算机学科群推荐学术会议和期刊列表（TH-CPL）,TH-CPL.csv,2019,journal,IEEE Transactions on Circuits and Systems for Video Technology,计算机图形学与多媒体；Computer Graphics and Multimedia,TCSVT,,,,,,计算机图形学与多媒体,Computer Graphics and Multimedia,B,2,,,,14,,,,,,,,,,,,,,,,,,,,,,,,,,,,,,,,,,,,,,,,,,,,,,,,,no_candidate_pages,2026-07-30T12:39:22+00:00
th_cpl,清华大学计算机学科群推荐学术会议和期刊列表（TH-CPL）,TH-CPL.csv,2019,journal,SIAM Journal on Imaging Sciences,计算机图形学与多媒体；Computer Graphics and Multimedia,SIIMS,,,,,,计算机图形学与多媒体,Computer Graphics and Multimedia,B,3,,,,14,,,,,,,,,,,,,,,,,,,,,,,,,,,,,,,,,,,,,,,,,,,,,,,,,no_candidate_pages,2026-07-30T12:39:24+00:00
th_cpl,清华大学计算机学科群推荐学术会议和期刊列表（TH-CPL）,TH-CPL.csv,2019,journal,Computers & Graphics,计算机图形学与多媒体；Computer Graphics and Multimedia,CG,,,,,,计算机图形学与多媒体,Computer Graphics and Multimedia,B,4,,,,14,,,,,,,,,,,,,,,,,,,,,,,,,,,,,,,,,,,,,,,,,,,,,,,,,no_candidate_pages,2026-07-30T12:39:26+00:00
th_cpl,清华大学计算机学科群推荐学术会议和期刊列表（TH-CPL）,TH-CPL.csv,2019,journal,IEEE Signal Processing Letters,计算机图形学与多媒体；Computer Graphics and Multimedia,SPL,,,,,,计算机图形学与多媒体,Computer Graphics and Multimedia,B,5,,,,14,,,,,,,,,,,,,,,,,,,,,,,,,,,,,,,,,,,,,,,,,,,,,,,,,no_candidate_pages,2026-07-30T12:39:29+00:00
th_cpl,清华大学计算机学科群推荐学术会议和期刊列表（TH-CPL）,TH-CPL.csv,2019,journal,Computer Graphics Forum,计算机图形学与多媒体；Computer Graphics and Multimedia,CGF,,,,,,计算机图形学与多媒体,Computer Graphics and Multimedia,B,6,,,,15,,,,,,,,,,,,,,,,,,,,,,,,,,,,,,,,,,,,,,,,,,,,,,,,,no_candidate_pages,2026-07-30T12:39:32+00:00
th_cpl,清华大学计算机学科群推荐学术会议和期刊列表（TH-CPL）,TH-CPL.csv,2019,journal,Speech Communication,计算机图形学与多媒体；Computer Graphics and Multimedia,Speech Com,,,,,,计算机图形学与多媒体,Computer Graphics and Multimedia,B,7,,,,15,,,,,,,,,,,,,,,,,,,,,,,,,,,,,,,,,,,,,,,,,,,,,,,,,no_candidate_pages,2026-07-30T12:39:38+00:00
th_cpl,清华大学计算机学科群推荐学术会议和期刊列表（TH-CPL）,TH-CPL.csv,2019,journal,Computer Aided Geometric Design,计算机图形学与多媒体；Computer Graphics and Multimedia,CAGD,,,,,,计算机图形学与多媒体,Computer Graphics and Multimedia,B,8,,,,15,,,,,,,,,,,,,,,,,,,,,,,,,,,,,,,,,,,,,,,,,,,,,,,,,no_candidate_pages,2026-07-30T12:39:43+00:00
th_cpl,清华大学计算机学科群推荐学术会议和期刊列表（TH-CPL）,TH-CPL.csv,2019,journal,计算机辅助设计与图形学学报,计算机图形学与多媒体；Computer Graphics and Multimedia,,,,,,,计算机图形学与多媒体,Computer Graphics and Multimedia,B,9,,,,15,,,,,,,,,,,,,,,,,,,,,,,,,,,,,,,,,,,,,,,,,,,,,,,,,no_candidate_pages,2026-07-30T12:39:46+00:00
th_cpl,清华大学计算机学科群推荐学术会议和期刊列表（TH-CPL）,TH-CPL.csv,2019,journal,中国图像图形学报,计算机图形学与多媒体；Computer Graphics and Multimedia,,,,,,,计算机图形学与多媒体,Computer Graphics and Multimedia,B,10,,,,15,,,,,,,,,,,,,,,,,,,,,,,,,,,,,,,,,,,,,,,,,,,,,,,,,no_candidate_pages,2026-07-30T12:39:49+00:00
th_cpl,清华大学计算机学科群推荐学术会议和期刊列表（TH-CPL）,TH-CPL.csv,2019,journal,图学学报,计算机图形学与多媒体；Computer Graphics and Multimedia,,,,,,,计算机图形学与多媒体,Computer Graphics and Multimedia,B,11,,,,15,,,,,,,,,,,,,,,,,,,,,,,,,,,,,,,,,,,,,,,,,,,,,,,,,no_candidate_pages,2026-07-30T12:39:52+00:00
th_cpl,清华大学计算机学科群推荐学术会议和期刊列表（TH-CPL）,TH-CPL.csv,2019,conference,ACM Conference on Computer Supported Cooperative Work and Social Computing,人机交互与普适计算；Human-Computer Interaction and Pervasive Computing,CSCW,,,,,,人机交互与普适计算,Human-Computer Interaction and Pervasive Computing,A,1,,,,15,,,,,,,,,,,,,,,,,,,,,,,,,,,,,,,,,,,,,,,,,,,,,CSCW是计算机支持协同工作与社会计算的顶级会议，涵盖社交计算、众包、远程协作、人机交互、AI与协作、伦理与政策等，强调社会技术系统的设计、使用与评估。；关键词：计算机支持协同工作；社会计算；众包；远程协作；人机交互；AI与协作；伦理与政策,https://cscw.acm.org/2026/papers.html,The ACM Conference on Computer-Supported Cooperative Work and Social Computing (CSCW) is the premier venue for human-cen,high,ok,2026-07-30T12:11:54+00:00
th_cpl,清华大学计算机学科群推荐学术会议和期刊列表（TH-CPL）,TH-CPL.csv,2019,conference,ACM International Conference on Ubiquitous Computing,人机交互与普适计算；Human-Computer Interaction and Pervasive Computing,UbiComp,,,,,,人机交互与普适计算,Human-Computer Interaction and Pervasive Computing,A,2,,,,15,,,,,,,,,,,,,,,,,,,,,,,,,,,,,,,,,,,,,,,,,,,,,,,,,no_candidate_pages,2026-07-30T12:39:55+00:00
th_cpl,清华大学计算机学科群推荐学术会议和期刊列表（TH-CPL）,TH-CPL.csv,2019,conference,ACM Symposium on User Interface Software and Technology,人机交互与普适计算；Human-Computer Interaction and Pervasive Computing,UIST,,,,,,人机交互与普适计算,Human-Computer Interaction and Pervasive Computing,A,3,,,,15,,,,,,,,,,,,,,,,,,,,,,,,,,,,,,,,,,,,,,,,,,,,,UIST是ACM主办的顶级人机交互会议，主要接收用户界面软件与技术的原创研究论文，涵盖标准论文（10页）和短论文（5页），主题包括但不限于交互技术、用户界面设计、普适计算等。；关键词：用户界面；人机交互；软件技术；普适计算；交互技术；原创研究,https://uist.acm.org/2026/cfp/,"Papers are the main medium for conveying new research results at UIST and must describe original, unpublished work.",high,ok,2026-07-30T12:11:54+00:00
th_cpl,清华大学计算机学科群推荐学术会议和期刊列表（TH-CPL）,TH-CPL.csv,2019,conference,ACM Conference on Human Factors in Computing Systems,人机交互与普适计算；Human-Computer Interaction and Pervasive Computing,CHI,,,,,,人机交互与普适计算,Human-Computer Interaction and Pervasive Computing,A,4,,,,15,,,,,,,,,,,,,,,,,,,,,,,,,,,,,,,,,,,,,,,,,,,,,,,,,no_candidate_pages,2026-07-30T12:40:00+00:00
th_cpl,清华大学计算机学科群推荐学术会议和期刊列表（TH-CPL）,TH-CPL.csv,2019,conference,IEEE International Conference on Pervasive Computing and Communications,人机交互与普适计算；Human-Computer Interaction and Pervasive Computing,PERCOM,,,,,,人机交互与普适计算,Human-Computer Interaction and Pervasive Computing,B,1,,,,15,,,,,,,,,,,,,,,,,,,,,,,,,,,,,,,,,,,,,,,,,,,,,,,,,no_candidate_pages,2026-07-30T12:40:03+00:00
th_cpl,清华大学计算机学科群推荐学术会议和期刊列表（TH-CPL）,TH-CPL.csv,2019,conference,ACM International Conference on Intelligent User Interfaces,人机交互与普适计算；Human-Computer Interaction and Pervasive Computing,IUI,,,,,,人机交互与普适计算,Human-Computer Interaction and Pervasive Computing,B,2,,,,15,,,,,,,,,,,,,,,,,,,,,,,,,,,,,,,,,,,,,,,,,,,,,ACM IUI是人工智能与人机交互交叉领域的顶级会议，涵盖可解释AI、用户建模、智能界面、多模态系统、大语言模型与智能体、人机协同评估等主题。；关键词：人机交互；人工智能；可解释AI；用户建模；智能界面；多模态系统；大语言模型；智能体；人机协同；推荐系统,https://iui.acm.org/2026/call-for-papers/,The ACM Conference on Intelligent User Interfaces (ACM IUI) is the annual premier venue where researchers and practition,high,ok,2026-07-30T12:11:54+00:00
th_cpl,清华大学计算机学科群推荐学术会议和期刊列表（TH-CPL）,TH-CPL.csv,2019,conference,International Conference on Human Computer Interaction with Mobile Devices and Services,人机交互与普适计算；Human-Computer Interaction and Pervasive Computing,MobileHCI,,,,,,人机交互与普适计算,Human-Computer Interaction and Pervasive Computing,B,3,,,,15,,,,,,,,,,,,,,,,,,,,,,,,,,,,,,,,,,,,,,,,,,,,,,,,,no_candidate_pages,2026-07-30T12:40:06+00:00
th_cpl,清华大学计算机学科群推荐学术会议和期刊列表（TH-CPL）,TH-CPL.csv,2019,conference,ACM Conference on Designing Interactive Systems,人机交互与普适计算；Human-Computer Interaction and Pervasive Computing,DIS,,,,,,人机交互与普适计算,Human-Computer Interaction and Pervasive Computing,B,4,,,,15,,,,,,,,,,,,,,,,,,,,,,,,,,,,,,,,,,,,,,,,,,,,,DIS 2026征稿涵盖人机交互与设计交互系统的五个贡献领域，包括论文、图示、工作坊、博士生论坛等，接受匿名投稿，无页数限制，鼓励与贡献成比例的篇幅。；关键词：人机交互；设计交互系统；贡献领域；论文征稿；匿名评审；ACM SIGCHI,https://dis.acm.org/2026/papers/,We are pleased to invite submissions for papers to the 2026 ACM SIGCHI Conference on Designing Interactive Systems (DIS),high,ok,2026-07-30T12:11:54+00:00
th_cpl,清华大学计算机学科群推荐学术会议和期刊列表（TH-CPL）,TH-CPL.csv,2019,conference,ACM International Conference on Multimodal Interaction,人机交互与普适计算；Human-Computer Interaction and Pervasive Computing,ICMI,,,,,,人机交互与普适计算,Human-Computer Interaction and Pervasive Computing,B,5,,,,15,,,,,,,,,,,,,,,,,,,,,,,,,,,,,,,,,,,,,,,,,,,,,ICMI 2026征稿主题涵盖多模态人工智能与社会交互的交叉领域，包括情感计算、上下文感知建模、跨文化设计、人机/人机交互、多模态融合与表示、多模态数据集、虚拟/增强现实交互等，强调科学和技术新颖性。；关键词：多模态交互；情感计算；上下文感知；跨文化设计；人机交互；多模态融合；多模态数据集；虚拟现实,https://icmi.acm.org/2026/call-for-papers/,"Topics of interest include, but are not limited to: Affective computing and interaction...",high,ok,2026-07-30T12:11:54+00:00
th_cpl,清华大学计算机学科群推荐学术会议和期刊列表（TH-CPL）,TH-CPL.csv,2019,journal,International Journal of Human Computer Studies,人机交互与普适计算；Human-Computer Interaction and Pervasive Computing,IJHCS,,,,,,人机交互与普适计算,Human-Computer Interaction and Pervasive Computing,A,1,,,,15,,,,,,,,,,,,,,,,,,,,,,,,,,,,,,,,,,,,,,,,,,,,,,,,,no_candidate_pages,2026-07-30T12:40:11+00:00
th_cpl,清华大学计算机学科群推荐学术会议和期刊列表（TH-CPL）,TH-CPL.csv,2019,journal,ACM Transactions on Computer-Human Interaction,人机交互与普适计算；Human-Computer Interaction and Pervasive Computing,TOCHI,,,,,,人机交互与普适计算,Human-Computer Interaction and Pervasive Computing,A,2,,,,15,,,,,,,,,,,,,,,,,,,,,,,,,,,,,,,,,,,,,,,,,,,,,,,,,no_candidate_pages,2026-07-30T12:40:14+00:00
th_cpl,清华大学计算机学科群推荐学术会议和期刊列表（TH-CPL）,TH-CPL.csv,2019,journal,User Modeling and User-Adapted Interaction,人机交互与普适计算；Human-Computer Interaction and Pervasive Computing,UMUAI,,,,,,人机交互与普适计算,Human-Computer Interaction and Pervasive Computing,B,1,,,,15,,,,,,,,,,,,,,,,,,,,,,,,,,,,,,,,,,,,,,,,,,,,,,,,,no_candidate_pages,2026-07-30T12:40:17+00:00
th_cpl,清华大学计算机学科群推荐学术会议和期刊列表（TH-CPL）,TH-CPL.csv,2019,journal,IEEE Transactions on Human-Machine Systems,人机交互与普适计算；Human-Computer Interaction and Pervasive Computing,,,,,,,人机交互与普适计算,Human-Computer Interaction and Pervasive Computing,B,2,,,,15,,,,,,,,,,,,,,,,,,,,,,,,,,,,,,,,,,,,,,,,,,,,,,,,,no_candidate_pages,2026-07-30T12:40:21+00:00
th_cpl,清华大学计算机学科群推荐学术会议和期刊列表（TH-CPL）,TH-CPL.csv,2019,journal,Human Computer Interaction,人机交互与普适计算；Human-Computer Interaction and Pervasive Computing,HCI,,,,,,人机交互与普适计算,Human-Computer Interaction and Pervasive Computing,B,3,,,,15,,,,,,,,,,,,,,,,,,,,,,,,,,,,,,,,,,,,,,,,,,,,,,,,,no_candidate_pages,2026-07-30T12:40:24+00:00
th_cpl,清华大学计算机学科群推荐学术会议和期刊列表（TH-CPL）,TH-CPL.csv,2019,journal,Pervasive and Mobile Computing,人机交互与普适计算；Human-Computer Interaction and Pervasive Computing,PMC,,,,,,人机交互与普适计算,Human-Computer Interaction and Pervasive Computing,B,4,,,,15,,,,,,,,,,,,,,,,,,,,,,,,,,,,,,,,,,,,,,,,,,,,,,,,,no_candidate_pages,2026-07-30T12:40:29+00:00
th_cpl,清华大学计算机学科群推荐学术会议和期刊列表（TH-CPL）,TH-CPL.csv,2019,journal,International Journal of Human-Computer Interaction,人机交互与普适计算；Human-Computer Interaction and Pervasive Computing,IJHCI,,,,,,人机交互与普适计算,Human-Computer Interaction and Pervasive Computing,B,5,,,,16,,,,,,,,,,,,,,,,,,,,,,,,,,,,,,,,,,,,,,,,,,,,,,,,,no_candidate_pages,2026-07-30T12:40:33+00:00
th_cpl,清华大学计算机学科群推荐学术会议和期刊列表（TH-CPL）,TH-CPL.csv,2019,journal,Behaviour & Information Technology,人机交互与普适计算；Human-Computer Interaction and Pervasive Computing,BIT,,,,,,人机交互与普适计算,Human-Computer Interaction and Pervasive Computing,B,6,,,,16,,,,,,,,,,,,,,,,,,,,,,,,,,,,,,,,,,,,,,,,,,,,,,,,,no_candidate_pages,2026-07-30T12:40:38+00:00
th_cpl,清华大学计算机学科群推荐学术会议和期刊列表（TH-CPL）,TH-CPL.csv,2019,journal,Computer Supported Cooperative Work,人机交互与普适计算；Human-Computer Interaction and Pervasive Computing,CSCW,,,,,,人机交互与普适计算,Human-Computer Interaction and Pervasive Computing,B,7,,,,16,,,,,,,,,,,,,,,,,,,,,,,,,,,,,,,,,,,,,,,,,,,,,,,,,no_candidate_pages,2026-07-30T12:40:42+00:00
th_cpl,清华大学计算机学科群推荐学术会议和期刊列表（TH-CPL）,TH-CPL.csv,2019,journal,Interacting with Computers,人机交互与普适计算；Human-Computer Interaction and Pervasive Computing,IWC,,,,,,人机交互与普适计算,Human-Computer Interaction and Pervasive Computing,B,8,,,,16,,,,,,,,,,,,,,,,,,,,,,,,,,,,,,,,,,,,,,,,,,,,,,,,,no_candidate_pages,2026-07-30T12:40:44+00:00
th_cpl,清华大学计算机学科群推荐学术会议和期刊列表（TH-CPL）,TH-CPL.csv,2019,conference,International Conference on Research in Computational Molecular Biology,综合与交叉；Interdisciplinary,RECOMB,,,,,,综合与交叉,Interdisciplinary,A,1,,,,16,,,,,,,,,,,,,,,,,,,,,,,,,,,,,,,,,,,,,,,,,,,,,涵盖计算分子生物学所有领域，包括算法与理论、序列分析、基因组学、转录组学、单细胞组学、蛋白质结构、群体遗传学、进化比较基因组学、系统生物学、生物医学数据隐私等理论与应用研究。；关键词：计算分子生物学；算法与理论；基因组学；转录组学；单细胞组学；蛋白质结构；群体遗传学；进化基因组学；系统生物学；数据隐私,http://recomb.org/recomb2026/call_for_papers.html,Papers reporting on original research in all areas of computational molecular biology are suitable for submission.,high,ok,2026-07-30T12:11:54+00:00
th_cpl,清华大学计算机学科群推荐学术会议和期刊列表（TH-CPL）,TH-CPL.csv,2019,conference,International conference on Intelligent Systems for Molecular Biology,综合与交叉；Interdisciplinary,ISMB,,,,,,综合与交叉,Interdisciplinary,A,2,,,,16,,,,,,,,,,,,,,,,,,,,,,,,,,,,,,,,,,,,,,,,,,,,,,,,,no_candidate_pages,2026-07-30T12:40:47+00:00
th_cpl,清华大学计算机学科群推荐学术会议和期刊列表（TH-CPL）,TH-CPL.csv,2019,conference,International World Wide Web Conferences,综合与交叉；Interdisciplinary,WWW,,,,,,综合与交叉,Interdisciplinary,A,3,,,,16,superseded: The Web Conference 2026 Short Papers，不是主研究轨范围。,,,,,,,,,,,,,,,,,,,,,,,,,,,,,,,,,,,,,,,,,,,,The Web Conference（原WWW）是聚焦Web现状与演变的顶级会议，涵盖计算、计算社会科学、经济学和政治科学等多学科视角，接受研究论文、资源论文（数据集、基准、工具）及短论文。；关键词：Web；计算社会科学；经济学；政治科学；数据集；基准；工具；短论文,https://www2026.thewebconf.org/calls/short-papers.html,已废止自动候选：The Web Conference 2026 Short Papers，不是主研究轨范围。 The Web Conference is the premier conference focused on understanding the current state and the evolution of the Web thr,low,superseded,2026-07-30T12:11:54+00:00
th_cpl,清华大学计算机学科群推荐学术会议和期刊列表（TH-CPL）,TH-CPL.csv,2019,conference,ACM Conference on Economics and Computation,综合与交叉；Interdisciplinary,EC,,,,,,综合与交叉,Interdisciplinary,A,4,,,,16,,,,,,,,,,,,,,,,,,,,,,,,,,,,,,,,,,,,,,,,,,,,,,,,,no_candidate_pages,2026-07-30T12:40:50+00:00
th_cpl,清华大学计算机学科群推荐学术会议和期刊列表（TH-CPL）,TH-CPL.csv,2019,conference,International Conference on Hybrid Systems: Computation and Control,综合与交叉；Interdisciplinary,HSCC,,,,,,综合与交叉,Interdisciplinary,B,1,,,,16,,,,,,,,,,,,,,,,,,,,,,,,,,,,,,,,,,,,,,,,,,,,,HSCC 2026涵盖混合系统、信息物理系统（CPS）的理论基础、系统与应用、AI自主性三大方向，包括形式化方法、控制理论、安全验证、学习控制、生成式AI等主题。；关键词：混合系统；信息物理系统；形式化方法；控制理论；安全验证；AI自主性；学习控制；生成式AI,https://hscc.acm.org/2026/call-for-papers/,"Topics of Interest: Foundations Track, Systems/Applications Track, AI Enabled Autonomy Track",high,ok,2026-07-30T12:11:54+00:00
th_cpl,清华大学计算机学科群推荐学术会议和期刊列表（TH-CPL）,TH-CPL.csv,2019,conference,International Conference on Medical Image Computing and Computer Assisted Intervention,综合与交叉；Interdisciplinary,MICCAI,,,,,,综合与交叉,Interdisciplinary,B,2,,,,16,,,,,,,,,,,,,,,,,,,,,,,,,,,,,,,,,,,,,,,,,,,,,涵盖医学图像计算与计算机辅助干预的算法、临床转化、公平性、多模态数据融合、手术数据科学、点-of-care成像、个性化医疗等前沿方向，并特别关注中东及欠发达地区需求。；关键词：医学图像分割；计算机辅助诊断；可信AI；多模态数据融合；手术数据科学；图像引导机器人手术；临床转化；算法公平性,https://conferences.miccai.org/2026/en/CALL-FOR-PAPERS.html,"Topics of interest for MICCAI 2026 include, but are not limited to: Image formation and reconstruction...",high,ok,2026-07-30T12:11:54+00:00
th_cpl,清华大学计算机学科群推荐学术会议和期刊列表（TH-CPL）,TH-CPL.csv,2019,conference,International Conference on Business Process Management,综合与交叉；Interdisciplinary,BPM,,,,,,综合与交叉,Interdisciplinary,B,3,,,,16,,,,,,,,,,,,,,,,,,,,,,,,,,,,,,,,,,,,,,,,,,,,,,,,,no_candidate_pages,2026-07-30T12:40:52+00:00
th_cpl,清华大学计算机学科群推荐学术会议和期刊列表（TH-CPL）,TH-CPL.csv,2019,journal,Journal of the ACM,综合与交叉；Interdisciplinary,JACM,,,,,,综合与交叉,Interdisciplinary,A,1,,,,16,,,,,,,,,,,,,,,,,,,,,,,,,,,,,,,,,,,,,,,,,,,,,,,,,no_candidate_pages,2026-07-30T12:40:55+00:00
th_cpl,清华大学计算机学科群推荐学术会议和期刊列表（TH-CPL）,TH-CPL.csv,2019,journal,Proceedings of the IEEE,综合与交叉；Interdisciplinary,Proc. IEEE,,,,,,综合与交叉,Interdisciplinary,A,2,,,,16,,,,,,,,,,,,,,,,,,,,,,,,,,,,,,,,,,,,,,,,,,,,,,,,,no_candidate_pages,2026-07-30T12:40:58+00:00
th_cpl,清华大学计算机学科群推荐学术会议和期刊列表（TH-CPL）,TH-CPL.csv,2019,journal,Science China,综合与交叉；Interdisciplinary,,,,,,,综合与交叉,Interdisciplinary,A,3,,,,16,,,,,,,,,,,,,,,,,,,,,,,,,,,,,,,,,,,,,,,,,,,,,,,,,no_candidate_pages,2026-07-30T12:41:02+00:00
th_cpl,清华大学计算机学科群推荐学术会议和期刊列表（TH-CPL）,TH-CPL.csv,2019,journal,中国科学,综合与交叉；Interdisciplinary,,,,,,,综合与交叉,Interdisciplinary,A,4,,,,16,,,,,,,,,,,,,,,,,,,,,,,,,,,,,,,,,,,,,,,,,,,,,,,,,no_candidate_pages,2026-07-30T12:41:08+00:00
th_cpl,清华大学计算机学科群推荐学术会议和期刊列表（TH-CPL）,TH-CPL.csv,2019,journal,IEEE Transactions on Medical Imaging,综合与交叉；Interdisciplinary,TMI,,,,,,综合与交叉,Interdisciplinary,B,1,,,,16,,,,,,,,,,,,,,,,,,,,,,,,,,,,,,,,,,,,,,,,,,,,,,,,,no_candidate_pages,2026-07-30T12:41:12+00:00
th_cpl,清华大学计算机学科群推荐学术会议和期刊列表（TH-CPL）,TH-CPL.csv,2019,journal,Briefings in Bioinformatics,综合与交叉；Interdisciplinary,,,,,,,综合与交叉,Interdisciplinary,B,2,,,,16,,,,,,,,,,,,,,,,,,,,,,,,,,,,,,,,,,,,,,,,,,,,,,,,,no_candidate_pages,2026-07-30T12:41:16+00:00
th_cpl,清华大学计算机学科群推荐学术会议和期刊列表（TH-CPL）,TH-CPL.csv,2019,journal,IEEE Transactions on Intelligent Transportation Systems,综合与交叉；Interdisciplinary,TITS,,,,,,综合与交叉,Interdisciplinary,B,3,,,,16,,,,,,,,,,,,,,,,,,,,,,,,,,,,,,,,,,,,,,,,,,,,,,,,,no_candidate_pages,2026-07-30T12:41:20+00:00
th_cpl,清华大学计算机学科群推荐学术会议和期刊列表（TH-CPL）,TH-CPL.csv,2019,journal,IEEE Transactions on Geoscience and Remote Sensing,综合与交叉；Interdisciplinary,TGARS,,,,,,综合与交叉,Interdisciplinary,B,4,,,,16,,,,,,,,,,,,,,,,,,,,,,,,,,,,,,,,,,,,,,,,,,,,,,,,,no_candidate_pages,2026-07-30T12:41:23+00:00
th_cpl,清华大学计算机学科群推荐学术会议和期刊列表（TH-CPL）,TH-CPL.csv,2019,journal,IEEE Transactions on Automation Science and Engineering,综合与交叉；Interdisciplinary,TASAE,,,,,,综合与交叉,Interdisciplinary,B,5,,,,16,,,,,,,,,,,,,,,,,,,,,,,,,,,,,,,,,,,,,,,,,,,,,,,,,no_candidate_pages,2026-07-30T12:41:27+00:00
th_cpl,清华大学计算机学科群推荐学术会议和期刊列表（TH-CPL）,TH-CPL.csv,2019,journal,Bioinformatics,综合与交叉；Interdisciplinary,,,,,,,综合与交叉,Interdisciplinary,B,6,,,,16,,,,,,,,,,,,,,,,,,,,,,,,,,,,,,,,,,,,,,,,,,,,,,,,,no_candidate_pages,2026-07-30T12:41:30+00:00
th_cpl,清华大学计算机学科群推荐学术会议和期刊列表（TH-CPL）,TH-CPL.csv,2019,journal,Journal of the American Medical Informatics Association,综合与交叉；Interdisciplinary,JAMIA,,,,,,综合与交叉,Interdisciplinary,B,7,,,,17,,,,,,,,,,,,,,,,,,,,,,,,,,,,,,,,,,,,,,,,,,,,,,,,,no_candidate_pages,2026-07-30T12:41:35+00:00
th_cpl,清华大学计算机学科群推荐学术会议和期刊列表（TH-CPL）,TH-CPL.csv,2019,journal,IEEE Journal of Biomedical and Health Informatics,综合与交叉；Interdisciplinary,JBHI,,,,,,综合与交叉,Interdisciplinary,B,8,,,,17,,,,,,,,,,,,,,,,,,,,,,,,,,,,,,,,,,,,,,,,,,,,,,,,,no_candidate_pages,2026-07-30T12:41:39+00:00
th_cpl,清华大学计算机学科群推荐学术会议和期刊列表（TH-CPL）,TH-CPL.csv,2019,journal,IEEE Transactions on Big Data,综合与交叉；Interdisciplinary,TBD,,,,,,综合与交叉,Interdisciplinary,B,9,,,,17,,,,,,,,,,,,,,,,,,,,,,,,,,,,,,,,,,,,,,,,,,,,,,,,,no_candidate_pages,2026-07-30T12:41:42+00:00
th_cpl,清华大学计算机学科群推荐学术会议和期刊列表（TH-CPL）,TH-CPL.csv,2019,journal,BMC Bioinformatics,综合与交叉；Interdisciplinary,,,,,,,综合与交叉,Interdisciplinary,B,10,,,,17,,,,,,,,,,,,,,,,,,,,,,,,,,,,,,,,,,,,,,,,,,,,,,,,,no_candidate_pages,2026-07-30T12:41:47+00:00
th_cpl,清华大学计算机学科群推荐学术会议和期刊列表（TH-CPL）,TH-CPL.csv,2019,journal,IEEE Geoscience and Remote Sensing Letters,综合与交叉；Interdisciplinary,GRSL,,,,,,综合与交叉,Interdisciplinary,B,11,,,,17,,,,,,,,,,,,,,,,,,,,,,,,,,,,,,,,,,,,,,,,,,,,,,,,,no_candidate_pages,2026-07-30T12:41:50+00:00
th_cpl,清华大学计算机学科群推荐学术会议和期刊列表（TH-CPL）,TH-CPL.csv,2019,journal,IEEE-ACM Transactions on Computational Biology and Bioinformatics,综合与交叉；Interdisciplinary,TCBB,,,,,,综合与交叉,Interdisciplinary,B,12,,,,17,,,,,,,,,,,,,,,,,,,,,,,,,,,,,,,,,,,,,,,,,,,,,,,,,no_candidate_pages,2026-07-30T12:41:53+00:00
th_cpl,清华大学计算机学科群推荐学术会议和期刊列表（TH-CPL）,TH-CPL.csv,2019,journal,Journal of Computer Science and Technology,综合与交叉；Interdisciplinary,JCST,,,,,,综合与交叉,Interdisciplinary,B,13,,,,17,,,,,,,,,,,,,,,,,,,,,,,,,,,,,,,,,,,,,,,,,,,,,,,,,no_candidate_pages,2026-07-30T12:41:56+00:00
th_cpl,清华大学计算机学科群推荐学术会议和期刊列表（TH-CPL）,TH-CPL.csv,2019,journal,Tsinghua Science and Technology,综合与交叉；Interdisciplinary,,,,,,,综合与交叉,Interdisciplinary,B,14,,,,17,,,,,,,,,,,,,,,,,,,,,,,,,,,,,,,,,,,,,,,,,,,,,,,,,no_candidate_pages,2026-07-30T12:42:00+00:00
th_cpl,清华大学计算机学科群推荐学术会议和期刊列表（TH-CPL）,TH-CPL.csv,2019,journal,计算机学报,综合与交叉；Interdisciplinary,,,,,,,综合与交叉,Interdisciplinary,B,15,,,,17,,,,,,,,,,,,,,,,,,,,,,,,,,,,,,,,,,,,,,,,,,,,,,,,,no_candidate_pages,2026-07-30T12:42:04+00:00
th_cpl,清华大学计算机学科群推荐学术会议和期刊列表（TH-CPL）,TH-CPL.csv,2019,journal,计算机研究与发展,综合与交叉；Interdisciplinary,,,,,,,综合与交叉,Interdisciplinary,B,16,,,,17,,,,,,,,,,,,,,,,,,,,,,,,,,,,,,,,,,,,,,,,,,,,,,,,,no_candidate_pages,2026-07-30T12:42:07+00:00
th_cpl,清华大学计算机学科群推荐学术会议和期刊列表（TH-CPL）,TH-CPL.csv,2019,journal,电子学报,综合与交叉；Interdisciplinary,,,,,,,综合与交叉,Interdisciplinary,B,17,,,,17,,,,,,,,,,,,,,,,,,,,,,,,,,,,,,,,,,,,,,,,,,,,,,,,,no_candidate_pages,2026-07-30T12:42:12+00:00
th_cpl,清华大学计算机学科群推荐学术会议和期刊列表（TH-CPL）,TH-CPL.csv,2019,journal,自动化学报,综合与交叉；Interdisciplinary,,,,,,,综合与交叉,Interdisciplinary,B,18,,,,17,,,,,,,,,,,,,,,,,,,,,,,,,,,,,,,,,,,,,,,,,,,,,,,,,no_candidate_pages,2026-07-30T12:42:16+00:00
th_cpl,清华大学计算机学科群推荐学术会议和期刊列表（TH-CPL）,TH-CPL.csv,2019,journal,系统仿真学报,综合与交叉；Interdisciplinary,,,,,,,综合与交叉,Interdisciplinary,B,19,,,,17,,,,,,,,,,,,,,,,,,,,,,,,,,,,,,,,,,,,,,,,,,,,,,,,,no_candidate_pages,2026-07-30T12:42:19+00:00
th_cpl,清华大学计算机学科群推荐学术会议和期刊列表（TH-CPL）,TH-CPL.csv,2019,journal,清华大学学报（自然科学版）,综合与交叉；Interdisciplinary,,,,,,,综合与交叉,Interdisciplinary,B,20,,,,17,,,,,,,,,,,,,,,,,,,,,,,,,,,,,,,,,,,,,,,,,,,,,,,,,no_candidate_pages,2026-07-30T12:42:23+00:00
